<?xml version="1.0" encoding="UTF-8"?>
<osm version="0.6" generator="openstreetmap-cgimap 2.1.0 (2942765 spike-08.openstreetmap.org)" copyright="OpenStreetMap and contributors" attribution="http://www.openstreetmap.org/copyright" license="http://opendatacommons.org/licenses/odbl/1-0/">
 <bounds minlat="50.4135000" minlon="80.2520000" maxlat="50.4190000" maxlon="80.2605000"/>
 <node id="457419818" visible="true" version="12" changeset="11991678" timestamp="2012-06-23T18:23:22Z" user="KartaFan" uid="182473" lat="50.4168002" lon="80.2561577">
  <tag k="highway" v="traffic_signals"/>
 </node>
 <node id="475736585" visible="true" version="11" changeset="121175241" timestamp="2022-05-19T05:55:42Z" user="Dante Devil" uid="15454530" lat="50.4125079" lon="80.2626659"/>
 <node id="475736610" visible="true" version="11" changeset="141281607" timestamp="2023-09-15T02:09:03Z" user="WardDrain" uid="18953746" lat="50.4133343" lon="80.2614716">
  <tag k="highway" v="traffic_signals"/>
 </node>
 <node id="477204537" visible="true" version="5" changeset="144265664" timestamp="2023-11-20T23:05:46Z" user="TrickyFoxy" uid="11528195" lat="50.4188636" lon="80.2573961">
  <tag k="man_made" v="water_tower"/>
 </node>
 <node id="494826740" visible="true" version="4" changeset="3080627" timestamp="2009-11-10T09:11:59Z" user="KartaFan" uid="182473" lat="50.4129048" lon="80.2554057"/>
 <node id="494826742" visible="true" version="4" changeset="3080627" timestamp="2009-11-10T09:12:00Z" user="KartaFan" uid="182473" lat="50.4149935" lon="80.2587480"/>
 <node id="494826743" visible="true" version="4" changeset="3080627" timestamp="2009-11-10T09:12:00Z" user="KartaFan" uid="182473" lat="50.4142149" lon="80.2599462"/>
 <node id="494826744" visible="true" version="4" changeset="3080627" timestamp="2009-11-10T09:12:00Z" user="KartaFan" uid="182473" lat="50.4121262" lon="80.2566039"/>
 <node id="494826754" visible="true" version="7" changeset="121043156" timestamp="2022-05-16T09:41:09Z" user="Dante Devil" uid="15454530" lat="50.4146494" lon="80.2526273"/>
 <node id="494826772" visible="true" version="4" changeset="46564495" timestamp="2017-03-04T05:12:53Z" user="Dmitry Berggg" uid="5089874" lat="50.4149286" lon="80.2599752">
  <tag k="name" v="Отель Семей"/>
  <tag k="tourism" v="hotel"/>
 </node>
 <node id="494826774" visible="true" version="8" changeset="3418844" timestamp="2009-12-21T09:55:40Z" user="Bedouin" uid="52583" lat="50.4129073" lon="80.2552266"/>
 <node id="494826776" visible="true" version="10" changeset="3418844" timestamp="2009-12-21T09:55:40Z" user="Bedouin" uid="52583" lat="50.4107268" lon="80.2517085"/>
 <node id="494826779" visible="true" version="7" changeset="4257574" timestamp="2010-03-28T14:48:00Z" user="KartaFan" uid="182473" lat="50.4150918" lon="80.2587512"/>
 <node id="494826782" visible="true" version="13" changeset="171611761" timestamp="2025-09-08T03:23:07Z" user="AbbasiaCanal" uid="22557379" lat="50.4091476" lon="80.2492010"/>
 <node id="496121367" visible="true" version="7" changeset="24468061" timestamp="2014-07-31T18:23:20Z" user="Aurimas Fišeras" uid="651869" lat="50.4208408" lon="80.2626881"/>
 <node id="496125039" visible="true" version="7" changeset="121043156" timestamp="2022-05-16T09:41:09Z" user="Dante Devil" uid="15454530" lat="50.4142146" lon="80.2463760"/>
 <node id="496125057" visible="true" version="8" changeset="3418844" timestamp="2009-12-21T09:55:29Z" user="Bedouin" uid="52583" lat="50.4115937" lon="80.2504303"/>
 <node id="496125100" visible="true" version="10" changeset="138965136" timestamp="2023-07-25T02:28:26Z" user="WardDrain" uid="18953746" lat="50.4159670" lon="80.2574452"/>
 <node id="496125102" visible="true" version="8" changeset="3418844" timestamp="2009-12-21T09:55:29Z" user="Bedouin" uid="52583" lat="50.4137782" lon="80.2539219"/>
 <node id="496125355" visible="true" version="6" changeset="168520804" timestamp="2025-07-05T12:20:01Z" user="LexIgnatov" uid="316868" lat="50.4199948" lon="80.2513321"/>
 <node id="496204274" visible="true" version="9" changeset="3104212" timestamp="2009-11-13T08:41:21Z" user="KartaFan" uid="182473" lat="50.4120095" lon="80.2565694"/>
 <node id="496204276" visible="true" version="9" changeset="141281607" timestamp="2023-09-15T02:09:03Z" user="WardDrain" uid="18953746" lat="50.4141889" lon="80.2601509"/>
 <node id="496204279" visible="true" version="11" changeset="121079380" timestamp="2022-05-17T05:48:32Z" user="Dante Devil" uid="15454530" lat="50.4117876" lon="80.2534688"/>
 <node id="496204284" visible="true" version="12" changeset="11991678" timestamp="2012-06-23T18:23:22Z" user="KartaFan" uid="182473" lat="50.4126887" lon="80.2521996"/>
 <node id="496230527" visible="true" version="7" changeset="121184484" timestamp="2022-05-19T09:16:29Z" user="Dante Devil" uid="15454530" lat="50.4169391" lon="80.2617062"/>
 <node id="496230529" visible="true" version="7" changeset="121184484" timestamp="2022-05-19T09:16:29Z" user="Dante Devil" uid="15454530" lat="50.4177937" lon="80.2603560"/>
 <node id="498833968" visible="true" version="3" changeset="3568410" timestamp="2010-01-08T09:00:57Z" user="KartaFan" uid="182473" lat="50.4184312" lon="80.2577708">
  <tag k="amenity" v="cafe"/>
 </node>
 <node id="498834062" visible="true" version="2" changeset="3082581" timestamp="2009-11-10T14:50:24Z" user="KartaFan" uid="182473" lat="50.4196048" lon="80.2653449"/>
 <node id="517761431" visible="true" version="3" changeset="121184484" timestamp="2022-05-19T09:16:29Z" user="Dante Devil" uid="15454530" lat="50.4201514" lon="80.2641438"/>
 <node id="517761514" visible="true" version="8" changeset="14222690" timestamp="2012-12-10T07:40:48Z" user="vadimju" uid="570012" lat="50.4181693" lon="80.2584264"/>
 <node id="517761816" visible="true" version="8" changeset="3082581" timestamp="2009-11-10T14:50:21Z" user="KartaFan" uid="182473" lat="50.4173527" lon="80.2596574"/>
 <node id="527953547" visible="true" version="3" changeset="11991678" timestamp="2012-06-23T18:23:22Z" user="KartaFan" uid="182473" lat="50.4157376" lon="80.2544422"/>
 <node id="527953550" visible="true" version="1" changeset="2803430" timestamp="2009-10-10T13:51:44Z" user="KartaFan" uid="182473" lat="50.4161896" lon="80.2537384"/>
 <node id="527953558" visible="true" version="5" changeset="168520804" timestamp="2025-07-05T12:20:01Z" user="LexIgnatov" uid="316868" lat="50.4185713" lon="80.2534900"/>
 <node id="527953560" visible="true" version="7" changeset="3418844" timestamp="2009-12-21T09:55:50Z" user="Bedouin" uid="52583" lat="50.4164143" lon="80.2499538"/>
 <node id="527953564" visible="true" version="5" changeset="188464320" timestamp="2026-09-03T10:36:28Z" user="ChimborazoMountain" uid="23043074" lat="50.4187219" lon="80.2537460"/>
 <node id="527953566" visible="true" version="3" changeset="188464320" timestamp="2026-09-03T10:36:28Z" user="ChimborazoMountain" uid="23043074" lat="50.4182290" lon="80.2544864"/>
 <node id="527953569" visible="true" version="2" changeset="3072695" timestamp="2009-11-09T12:03:12Z" user="KartaFan" uid="182473" lat="50.4170748" lon="80.2551607"/>
 <node id="527953573" visible="true" version="4" changeset="3104212" timestamp="2009-11-13T08:42:54Z" user="KartaFan" uid="182473" lat="50.4176331" lon="80.2549124"/>
 <node id="534667816" visible="true" version="4" changeset="43426260" timestamp="2016-11-05T17:03:56Z" user="Kuritsyn Roman" uid="3318452" lat="50.4157141" lon="80.2589995">
  <tag k="amenity" v="theatre"/>
  <tag k="name" v="Городской Дворец Культуры, Қалалық Мәдениет Сарайы"/>
  <tag k="opening_hours" v="Mo-Su 09:00-22:00"/>
 </node>
 <node id="534669415" visible="true" version="8" changeset="171611761" timestamp="2025-09-08T03:23:07Z" user="AbbasiaCanal" uid="22557379" lat="50.4100112" lon="80.2478628"/>
 <node id="539056641" visible="true" version="8" changeset="168520804" timestamp="2025-07-05T12:20:01Z" user="LexIgnatov" uid="316868" lat="50.4192754" lon="80.2524226"/>
 <node id="539062626" visible="true" version="8" changeset="145021550" timestamp="2023-12-12T04:17:43Z" user="LakeArendsee" uid="18064850" lat="50.4133277" lon="80.2478093"/>
 <node id="539062703" visible="true" version="2" changeset="3082581" timestamp="2009-11-10T14:50:23Z" user="KartaFan" uid="182473" lat="50.4215339" lon="80.2612124"/>
 <node id="539062862" visible="true" version="9" changeset="121230929" timestamp="2022-05-20T08:44:02Z" user="Dante Devil" uid="15454530" lat="50.4225791" lon="80.2625114"/>
 <node id="539062880" visible="true" version="7" changeset="121230929" timestamp="2022-05-20T08:44:02Z" user="Dante Devil" uid="15454530" lat="50.4248674" lon="80.2651675"/>
 <node id="539063239" visible="true" version="8" changeset="121043156" timestamp="2022-05-16T09:41:09Z" user="Dante Devil" uid="15454530" lat="50.4144290" lon="80.2496055"/>
 <node id="539063240" visible="true" version="6" changeset="121043156" timestamp="2022-05-16T09:41:09Z" user="Dante Devil" uid="15454530" lat="50.4154756" lon="80.2513825"/>
 <node id="539063352" visible="true" version="6" changeset="3418844" timestamp="2009-12-21T09:55:24Z" user="Bedouin" uid="52583" lat="50.4174505" lon="80.2546098"/>
 <node id="539069107" visible="true" version="6" changeset="168942608" timestamp="2025-07-15T03:13:15Z" user="MountBabia" uid="18236549" lat="50.4165551" lon="80.2531309"/>
 <node id="539069236" visible="true" version="6" changeset="121043156" timestamp="2022-05-16T09:41:09Z" user="Dante Devil" uid="15454530" lat="50.4174457" lon="80.2517165"/>
 <node id="539069240" visible="true" version="6" changeset="121043156" timestamp="2022-05-16T09:41:09Z" user="Dante Devil" uid="15454530" lat="50.4181821" lon="80.2506282"/>
 <node id="540381161" visible="true" version="5" changeset="149857223" timestamp="2024-04-11T10:14:33Z" user="abcdep11" uid="21104940" lat="50.4152158" lon="80.2523988"/>
 <node id="540381165" visible="true" version="6" changeset="149857223" timestamp="2024-04-11T10:14:33Z" user="abcdep11" uid="21104940" lat="50.4155857" lon="80.2521434"/>
 <node id="540381167" visible="true" version="6" changeset="149857223" timestamp="2024-04-11T10:14:33Z" user="abcdep11" uid="21104940" lat="50.4154949" lon="80.2519906"/>
 <node id="540381169" visible="true" version="6" changeset="149857223" timestamp="2024-04-11T10:14:33Z" user="abcdep11" uid="21104940" lat="50.4153970" lon="80.2524196"/>
 <node id="540381171" visible="true" version="17" changeset="140158896" timestamp="2023-08-21T02:42:16Z" user="NorthCrab" uid="15215305" lat="50.4139718" lon="80.2539017">
  <tag k="name" v="Антенна"/>
  <tag k="name:ru" v="Антенна"/>
  <tag k="shop" v="convenience"/>
 </node>
 <node id="540381176" visible="true" version="5" changeset="149857223" timestamp="2024-04-11T10:14:33Z" user="abcdep11" uid="21104940" lat="50.4158432" lon="80.2534551"/>
 <node id="540381181" visible="true" version="5" changeset="149857223" timestamp="2024-04-11T10:14:33Z" user="abcdep11" uid="21104940" lat="50.4159171" lon="80.2532946"/>
 <node id="540381260" visible="true" version="2" changeset="3386732" timestamp="2009-12-16T13:43:49Z" user="Bedouin" uid="52583" lat="50.4135931" lon="80.2558666">
  <tag k="name" v="Оптика"/>
  <tag k="shop" v="convenience"/>
 </node>
 <node id="540381298" visible="true" version="6" changeset="3008381" timestamp="2009-11-01T17:24:50Z" user="KartaFan" uid="182473" lat="50.4161956" lon="80.2605190"/>
 <node id="540381332" visible="true" version="5" changeset="121175241" timestamp="2022-05-19T05:55:42Z" user="Dante Devil" uid="15454530" lat="50.4116748" lon="80.2640067"/>
 <node id="540381356" visible="true" version="9" changeset="121175241" timestamp="2022-05-19T05:55:42Z" user="Dante Devil" uid="15454530" lat="50.4152453" lon="80.2618605"/>
 <node id="540381358" visible="true" version="4" changeset="121175241" timestamp="2022-05-19T05:55:42Z" user="Dante Devil" uid="15454530" lat="50.4144002" lon="80.2630837"/>
 <node id="540381401" visible="true" version="6" changeset="149857223" timestamp="2024-04-11T10:14:33Z" user="abcdep11" uid="21104940" lat="50.4169197" lon="80.2544868"/>
 <node id="540381402" visible="true" version="6" changeset="149857223" timestamp="2024-04-11T10:14:33Z" user="abcdep11" uid="21104940" lat="50.4170095" lon="80.2543430"/>
 <node id="540381404" visible="true" version="5" changeset="149857223" timestamp="2024-04-11T10:14:33Z" user="abcdep11" uid="21104940" lat="50.4163719" lon="80.2532985"/>
 <node id="540381487" visible="true" version="7" changeset="3122235" timestamp="2009-11-15T14:22:54Z" user="KartaFan" uid="182473" lat="50.4187512" lon="80.2567182"/>
 <node id="540381493" visible="true" version="6" changeset="3104212" timestamp="2009-11-13T08:45:48Z" user="KartaFan" uid="182473" lat="50.4178950" lon="80.2579840"/>
 <node id="540381501" visible="true" version="6" changeset="3008381" timestamp="2009-11-01T17:24:50Z" user="KartaFan" uid="182473" lat="50.4170738" lon="80.2592089"/>
 <node id="540381507" visible="true" version="8" changeset="139647105" timestamp="2023-08-09T08:35:34Z" user="NossobRiver" uid="18953862" lat="50.4188362" lon="80.2594742"/>
 <node id="540381513" visible="true" version="8" changeset="161192341" timestamp="2025-01-10T05:50:14Z" user="alena9292" uid="20532353" lat="50.4196460" lon="80.2552419"/>
 <node id="540381517" visible="true" version="6" changeset="121230929" timestamp="2022-05-20T08:44:02Z" user="Dante Devil" uid="15454530" lat="50.4196575" lon="80.2581608"/>
 <node id="540381572" visible="true" version="9" changeset="139647105" timestamp="2023-08-09T08:35:34Z" user="NossobRiver" uid="18953862" lat="50.4194933" lon="80.2605112"/>
 <node id="540381576" visible="true" version="6" changeset="121230929" timestamp="2022-05-20T08:44:02Z" user="Dante Devil" uid="15454530" lat="50.4202910" lon="80.2592126"/>
 <node id="540381582" visible="true" version="5" changeset="121230929" timestamp="2022-05-20T08:44:02Z" user="Dante Devil" uid="15454530" lat="50.4209683" lon="80.2603165"/>
 <node id="540381589" visible="true" version="7" changeset="139647105" timestamp="2023-08-09T08:35:34Z" user="NossobRiver" uid="18953862" lat="50.4176938" lon="80.2653841"/>
 <node id="540381591" visible="true" version="9" changeset="139647105" timestamp="2023-08-09T08:35:34Z" user="NossobRiver" uid="18953862" lat="50.4182661" lon="80.2661828"/>
 <node id="540382186" visible="true" version="8" changeset="121175241" timestamp="2022-05-19T05:55:42Z" user="Dante Devil" uid="15454530" lat="50.4169409" lon="80.2643726"/>
 <node id="540382189" visible="true" version="6" changeset="139647105" timestamp="2023-08-09T08:35:34Z" user="NossobRiver" uid="18953862" lat="50.4186167" lon="80.2640314"/>
 <node id="540382190" visible="true" version="9" changeset="139647105" timestamp="2023-08-09T08:35:34Z" user="NossobRiver" uid="18953862" lat="50.4201597" lon="80.2615989"/>
 <node id="540382198" visible="true" version="6" changeset="121320575" timestamp="2022-05-22T14:19:08Z" user="Dante Devil" uid="15454530" lat="50.4211621" lon="80.2654344"/>
 <node id="540382240" visible="true" version="5" changeset="121230929" timestamp="2022-05-20T08:44:02Z" user="Dante Devil" uid="15454530" lat="50.4240539" lon="80.2642397"/>
 <node id="540382242" visible="true" version="5" changeset="121230929" timestamp="2022-05-20T08:44:02Z" user="Dante Devil" uid="15454530" lat="50.4233211" lon="80.2633581"/>
 <node id="540721720" visible="true" version="5" changeset="121175241" timestamp="2022-05-19T05:55:42Z" user="Dante Devil" uid="15454530" lat="50.4129971" lon="80.2619415"/>
 <node id="550170524" visible="true" version="5" changeset="3082581" timestamp="2009-11-10T14:50:23Z" user="KartaFan" uid="182473" lat="50.4164821" lon="80.2609698"/>
 <node id="550170536" visible="true" version="6" changeset="121175241" timestamp="2022-05-19T05:55:42Z" user="Dante Devil" uid="15454530" lat="50.4147323" lon="80.2636205"/>
 <node id="550170577" visible="true" version="6" changeset="121175241" timestamp="2022-05-19T05:55:42Z" user="Dante Devil" uid="15454530" lat="50.4155424" lon="80.2623303"/>
 <node id="550171588" visible="true" version="3" changeset="3419768" timestamp="2009-12-21T12:37:04Z" user="Bedouin" uid="52583" lat="50.4172849" lon="80.2596169"/>
 <node id="550171590" visible="true" version="3" changeset="3419768" timestamp="2009-12-21T12:37:05Z" user="Bedouin" uid="52583" lat="50.4164622" lon="80.2608666"/>
 <node id="550171591" visible="true" version="3" changeset="3419768" timestamp="2009-12-21T12:37:04Z" user="Bedouin" uid="52583" lat="50.4162686" lon="80.2605528"/>
 <node id="550171592" visible="true" version="3" changeset="3419768" timestamp="2009-12-21T12:37:04Z" user="Bedouin" uid="52583" lat="50.4170913" lon="80.2593030"/>
 <node id="550171806" visible="true" version="3" changeset="3419768" timestamp="2009-12-21T12:37:04Z" user="Bedouin" uid="52583" lat="50.4180973" lon="80.2583832"/>
 <node id="550171811" visible="true" version="3" changeset="3419768" timestamp="2009-12-21T12:37:04Z" user="Bedouin" uid="52583" lat="50.4173237" lon="80.2595423"/>
 <node id="550171821" visible="true" version="3" changeset="3419768" timestamp="2009-12-21T12:37:04Z" user="Bedouin" uid="52583" lat="50.4171407" lon="80.2592416"/>
 <node id="550171829" visible="true" version="3" changeset="3419768" timestamp="2009-12-21T12:37:04Z" user="Bedouin" uid="52583" lat="50.4179143" lon="80.2580824"/>
 <node id="550174105" visible="true" version="6" changeset="121175241" timestamp="2022-05-19T05:55:42Z" user="Dante Devil" uid="15454530" lat="50.4159648" lon="80.2630161"/>
 <node id="550174106" visible="true" version="7" changeset="121175241" timestamp="2022-05-19T05:55:42Z" user="Dante Devil" uid="15454530" lat="50.4151835" lon="80.2643115"/>
 <node id="550174134" visible="true" version="6" changeset="139647105" timestamp="2023-08-09T08:35:34Z" user="NossobRiver" uid="18953862" lat="50.4178744" lon="80.2630317"/>
 <node id="550174135" visible="true" version="5" changeset="139647105" timestamp="2023-08-09T08:35:34Z" user="NossobRiver" uid="18953862" lat="50.4186870" lon="80.2617908"/>
 <node id="550206840" visible="true" version="4" changeset="121184484" timestamp="2022-05-19T09:16:29Z" user="Dante Devil" uid="15454530" lat="50.4191504" lon="80.2647285"/>
 <node id="560338857" visible="true" version="4" changeset="120933405" timestamp="2022-05-13T12:10:38Z" user="Dante Devil" uid="15454530" lat="50.4153470" lon="80.2482372"/>
 <node id="560338859" visible="true" version="2" changeset="121079380" timestamp="2022-05-17T05:48:32Z" user="Dante Devil" uid="15454530" lat="50.4132386" lon="80.2511638"/>
 <node id="560338861" visible="true" version="2" changeset="121079380" timestamp="2022-05-17T05:48:32Z" user="Dante Devil" uid="15454530" lat="50.4131454" lon="80.2513082"/>
 <node id="560338873" visible="true" version="2" changeset="121079380" timestamp="2022-05-17T05:48:32Z" user="Dante Devil" uid="15454530" lat="50.4140732" lon="80.2527845"/>
 <node id="560338877" visible="true" version="2" changeset="121079380" timestamp="2022-05-17T05:48:32Z" user="Dante Devil" uid="15454530" lat="50.4142615" lon="80.2527913"/>
 <node id="560338878" visible="true" version="2" changeset="121079380" timestamp="2022-05-17T05:48:32Z" user="Dante Devil" uid="15454530" lat="50.4139959" lon="80.2529042"/>
 <node id="560338887" visible="true" version="4" changeset="188463425" timestamp="2026-09-03T10:17:11Z" user="ChimborazoMountain" uid="23043074" lat="50.4146159" lon="80.2542179"/>
 <node id="560338889" visible="true" version="4" changeset="188463425" timestamp="2026-09-03T10:17:11Z" user="ChimborazoMountain" uid="23043074" lat="50.4147723" lon="80.2539775"/>
 <node id="560338891" visible="true" version="2" changeset="121079380" timestamp="2022-05-17T05:48:32Z" user="Dante Devil" uid="15454530" lat="50.4140909" lon="80.2530554"/>
 <node id="560338893" visible="true" version="4" changeset="188463425" timestamp="2026-09-03T10:17:11Z" user="ChimborazoMountain" uid="23043074" lat="50.4158026" lon="80.2555038"/>
 <node id="560338895" visible="true" version="4" changeset="188463425" timestamp="2026-09-03T10:17:11Z" user="ChimborazoMountain" uid="23043074" lat="50.4157308" lon="80.2556143"/>
 <node id="560338911" visible="true" version="3" changeset="121043156" timestamp="2022-05-16T09:41:09Z" user="Dante Devil" uid="15454530" lat="50.4188526" lon="80.2539639"/>
 <node id="560338913" visible="true" version="3" changeset="121043156" timestamp="2022-05-16T09:41:09Z" user="Dante Devil" uid="15454530" lat="50.4189536" lon="80.2541309"/>
 <node id="560338915" visible="true" version="1" changeset="3080825" timestamp="2009-11-10T09:52:36Z" user="KartaFan" uid="182473" lat="50.4188216" lon="80.2537071"/>
 <node id="560338919" visible="true" version="4" changeset="138704394" timestamp="2023-07-19T08:50:30Z" user="WardDrain" uid="18953746" lat="50.4183191" lon="80.2533199"/>
 <node id="560338921" visible="true" version="4" changeset="138704394" timestamp="2023-07-19T08:50:30Z" user="WardDrain" uid="18953746" lat="50.4182305" lon="80.2531763"/>
 <node id="560338926" visible="true" version="1" changeset="3080825" timestamp="2009-11-10T09:52:36Z" user="KartaFan" uid="182473" lat="50.4189085" lon="80.2538443"/>
 <node id="560338928" visible="true" version="1" changeset="3080825" timestamp="2009-11-10T09:52:36Z" user="KartaFan" uid="182473" lat="50.4193849" lon="80.2528279"/>
 <node id="560338929" visible="true" version="1" changeset="3080825" timestamp="2009-11-10T09:52:36Z" user="KartaFan" uid="182473" lat="50.4194718" lon="80.2529651"/>
 <node id="560338933" visible="true" version="2" changeset="121230929" timestamp="2022-05-20T08:44:02Z" user="Dante Devil" uid="15454530" lat="50.4175247" lon="80.2563213"/>
 <node id="560338935" visible="true" version="2" changeset="121230929" timestamp="2022-05-20T08:44:02Z" user="Dante Devil" uid="15454530" lat="50.4175981" lon="80.2562126"/>
 <node id="560338937" visible="true" version="4" changeset="138704394" timestamp="2023-07-19T08:50:30Z" user="WardDrain" uid="18953746" lat="50.4178721" lon="80.2537214"/>
 <node id="560338939" visible="true" version="4" changeset="138704394" timestamp="2023-07-19T08:50:30Z" user="WardDrain" uid="18953746" lat="50.4179607" lon="80.2538650"/>
 <node id="560338941" visible="true" version="2" changeset="121230929" timestamp="2022-05-20T08:44:02Z" user="Dante Devil" uid="15454530" lat="50.4179745" lon="80.2555399"/>
 <node id="560338942" visible="true" version="2" changeset="121230929" timestamp="2022-05-20T08:44:02Z" user="Dante Devil" uid="15454530" lat="50.4178867" lon="80.2553982"/>
 <node id="560338946" visible="true" version="4" changeset="121230929" timestamp="2022-05-20T08:44:02Z" user="Dante Devil" uid="15454530" lat="50.4179784" lon="80.2553192"/>
 <node id="560338948" visible="true" version="2" changeset="121230929" timestamp="2022-05-20T08:44:02Z" user="Dante Devil" uid="15454530" lat="50.4174369" lon="80.2560844"/>
 <node id="560338949" visible="true" version="2" changeset="121230929" timestamp="2022-05-20T08:44:02Z" user="Dante Devil" uid="15454530" lat="50.4175247" lon="80.2562261"/>
 <node id="560338951" visible="true" version="1" changeset="3080825" timestamp="2009-11-10T09:52:37Z" user="KartaFan" uid="182473" lat="50.4185571" lon="80.2564587"/>
 <node id="560338957" visible="true" version="2" changeset="121230929" timestamp="2022-05-20T08:44:02Z" user="Dante Devil" uid="15454530" lat="50.4179402" lon="80.2570127"/>
 <node id="560338959" visible="true" version="2" changeset="121230929" timestamp="2022-05-20T08:44:02Z" user="Dante Devil" uid="15454530" lat="50.4180136" lon="80.2569040"/>
 <node id="560338961" visible="true" version="1" changeset="3080825" timestamp="2009-11-10T09:52:37Z" user="KartaFan" uid="182473" lat="50.4181950" lon="80.2572866"/>
 <node id="560338962" visible="true" version="1" changeset="3080825" timestamp="2009-11-10T09:52:37Z" user="KartaFan" uid="182473" lat="50.4181072" lon="80.2571449"/>
 <node id="560338964" visible="true" version="1" changeset="3080825" timestamp="2009-11-10T09:52:37Z" user="KartaFan" uid="182473" lat="50.4186448" lon="80.2566004"/>
 <node id="560350833" visible="true" version="2" changeset="3386962" timestamp="2009-12-16T14:14:30Z" user="Bedouin" uid="52583" lat="50.4143723" lon="80.2535504"/>
 <node id="560350834" visible="true" version="2" changeset="3386962" timestamp="2009-12-16T14:14:30Z" user="Bedouin" uid="52583" lat="50.4142838" lon="80.2534064"/>
 <node id="560350844" visible="true" version="1" changeset="3080896" timestamp="2009-11-10T10:03:49Z" user="KartaFan" uid="182473" lat="50.4166763" lon="80.2554317"/>
 <node id="560350845" visible="true" version="2" changeset="121043156" timestamp="2022-05-16T09:41:09Z" user="Dante Devil" uid="15454530" lat="50.4156218" lon="80.2532850"/>
 <node id="560350847" visible="true" version="2" changeset="121043156" timestamp="2022-05-16T09:41:09Z" user="Dante Devil" uid="15454530" lat="50.4154866" lon="80.2534849"/>
 <node id="560350850" visible="true" version="1" changeset="3080896" timestamp="2009-11-10T10:03:49Z" user="KartaFan" uid="182473" lat="50.4164849" lon="80.2551219"/>
 <node id="560350852" visible="true" version="1" changeset="3080896" timestamp="2009-11-10T10:03:50Z" user="KartaFan" uid="182473" lat="50.4166658" lon="80.2548465"/>
 <node id="560350853" visible="true" version="1" changeset="3080896" timestamp="2009-11-10T10:03:50Z" user="KartaFan" uid="182473" lat="50.4163250" lon="80.2547372"/>
 <node id="560350855" visible="true" version="2" changeset="121043156" timestamp="2022-05-16T09:41:09Z" user="Dante Devil" uid="15454530" lat="50.4156168" lon="80.2537019"/>
 <node id="560350857" visible="true" version="2" changeset="3386962" timestamp="2009-12-16T14:14:30Z" user="Bedouin" uid="52583" lat="50.4146232" lon="80.2528928"/>
 <node id="560350860" visible="true" version="1" changeset="3080896" timestamp="2009-11-10T10:03:50Z" user="KartaFan" uid="182473" lat="50.4161821" lon="80.2539216"/>
 <node id="560350861" visible="true" version="1" changeset="3080896" timestamp="2009-11-10T10:03:50Z" user="KartaFan" uid="182473" lat="50.4159419" lon="80.2542899"/>
 <node id="560350863" visible="true" version="2" changeset="121043156" timestamp="2022-05-16T09:41:09Z" user="Dante Devil" uid="15454530" lat="50.4157520" lon="80.2535020"/>
 <node id="560350865" visible="true" version="3" changeset="121079380" timestamp="2022-05-17T05:48:32Z" user="Dante Devil" uid="15454530" lat="50.4165472" lon="80.2562293"/>
 <node id="560350866" visible="true" version="3" changeset="121079380" timestamp="2022-05-17T05:48:32Z" user="Dante Devil" uid="15454530" lat="50.4159383" lon="80.2555730"/>
 <node id="560350868" visible="true" version="3" changeset="121079380" timestamp="2022-05-17T05:48:32Z" user="Dante Devil" uid="15454530" lat="50.4160399" lon="80.2554079"/>
 <node id="560350870" visible="true" version="3" changeset="121079380" timestamp="2022-05-17T05:48:32Z" user="Dante Devil" uid="15454530" lat="50.4162997" lon="80.2561580"/>
 <node id="560350871" visible="true" version="1" changeset="3080896" timestamp="2009-11-10T10:03:50Z" user="KartaFan" uid="182473" lat="50.4168573" lon="80.2551564"/>
 <node id="560350873" visible="true" version="1" changeset="3080896" timestamp="2009-11-10T10:03:50Z" user="KartaFan" uid="182473" lat="50.4164376" lon="80.2543320"/>
 <node id="560350875" visible="true" version="1" changeset="3080896" timestamp="2009-11-10T10:03:50Z" user="KartaFan" uid="182473" lat="50.4164574" lon="80.2545239"/>
 <node id="560350876" visible="true" version="1" changeset="3080896" timestamp="2009-11-10T10:03:50Z" user="KartaFan" uid="182473" lat="50.4166077" lon="80.2547646"/>
 <node id="560350878" visible="true" version="1" changeset="3080896" timestamp="2009-11-10T10:03:50Z" user="KartaFan" uid="182473" lat="50.4164809" lon="80.2549526"/>
 <node id="560350880" visible="true" version="1" changeset="3080896" timestamp="2009-11-10T10:03:50Z" user="KartaFan" uid="182473" lat="50.4163820" lon="80.2549660"/>
 <node id="560350881" visible="true" version="1" changeset="3080896" timestamp="2009-11-10T10:03:50Z" user="KartaFan" uid="182473" lat="50.4163215" lon="80.2548272"/>
 <node id="560350883" visible="true" version="1" changeset="3080896" timestamp="2009-11-10T10:03:50Z" user="KartaFan" uid="182473" lat="50.4164220" lon="80.2549728"/>
 <node id="560350885" visible="true" version="1" changeset="3080896" timestamp="2009-11-10T10:03:50Z" user="KartaFan" uid="182473" lat="50.4163391" lon="80.2549075"/>
 <node id="560350886" visible="true" version="1" changeset="3080896" timestamp="2009-11-10T10:03:50Z" user="KartaFan" uid="182473" lat="50.4161974" lon="80.2547003"/>
 <node id="560350888" visible="true" version="3" changeset="121079380" timestamp="2022-05-17T05:48:32Z" user="Dante Devil" uid="15454530" lat="50.4160512" lon="80.2569749"/>
 <node id="560350890" visible="true" version="3" changeset="121079380" timestamp="2022-05-17T05:48:32Z" user="Dante Devil" uid="15454530" lat="50.4159402" lon="80.2568112"/>
 <node id="560440491" visible="true" version="2" changeset="121184484" timestamp="2022-05-19T09:16:29Z" user="Dante Devil" uid="15454530" lat="50.4155186" lon="80.2589695"/>
 <node id="560440492" visible="true" version="2" changeset="121184484" timestamp="2022-05-19T09:16:29Z" user="Dante Devil" uid="15454530" lat="50.4159630" lon="80.2589921"/>
 <node id="560440493" visible="true" version="2" changeset="121184484" timestamp="2022-05-19T09:16:29Z" user="Dante Devil" uid="15454530" lat="50.4158316" lon="80.2585012"/>
 <node id="560440495" visible="true" version="2" changeset="121184484" timestamp="2022-05-19T09:16:29Z" user="Dante Devil" uid="15454530" lat="50.4161529" lon="80.2589979"/>
 <node id="560440496" visible="true" version="2" changeset="121184484" timestamp="2022-05-19T09:16:29Z" user="Dante Devil" uid="15454530" lat="50.4158328" lon="80.2587779"/>
 <node id="560440497" visible="true" version="2" changeset="121184484" timestamp="2022-05-19T09:16:29Z" user="Dante Devil" uid="15454530" lat="50.4160606" lon="80.2588460"/>
 <node id="560440498" visible="true" version="2" changeset="121184484" timestamp="2022-05-19T09:16:29Z" user="Dante Devil" uid="15454530" lat="50.4163570" lon="80.2574246"/>
 <node id="560440499" visible="true" version="2" changeset="121184484" timestamp="2022-05-19T09:16:29Z" user="Dante Devil" uid="15454530" lat="50.4164071" lon="80.2573477"/>
 <node id="560440500" visible="true" version="2" changeset="121184484" timestamp="2022-05-19T09:16:29Z" user="Dante Devil" uid="15454530" lat="50.4161867" lon="80.2574429"/>
 <node id="560440501" visible="true" version="2" changeset="121184484" timestamp="2022-05-19T09:16:29Z" user="Dante Devil" uid="15454530" lat="50.4164544" lon="80.2575810"/>
 <node id="560440502" visible="true" version="2" changeset="121184484" timestamp="2022-05-19T09:16:29Z" user="Dante Devil" uid="15454530" lat="50.4164391" lon="80.2578481"/>
 <node id="560440503" visible="true" version="2" changeset="121184484" timestamp="2022-05-19T09:16:29Z" user="Dante Devil" uid="15454530" lat="50.4163297" lon="80.2572235"/>
 <node id="560440504" visible="true" version="2" changeset="121184484" timestamp="2022-05-19T09:16:29Z" user="Dante Devil" uid="15454530" lat="50.4158439" lon="80.2595052"/>
 <node id="560440507" visible="true" version="2" changeset="121043156" timestamp="2022-05-16T09:41:09Z" user="Dante Devil" uid="15454530" lat="50.4185733" lon="80.2517096"/>
 <node id="560440508" visible="true" version="2" changeset="121043156" timestamp="2022-05-16T09:41:09Z" user="Dante Devil" uid="15454530" lat="50.4184799" lon="80.2518508"/>
 <node id="560440512" visible="true" version="2" changeset="121043156" timestamp="2022-05-16T09:41:09Z" user="Dante Devil" uid="15454530" lat="50.4183854" lon="80.2529480"/>
 <node id="560440513" visible="true" version="2" changeset="121043156" timestamp="2022-05-16T09:41:09Z" user="Dante Devil" uid="15454530" lat="50.4189594" lon="80.2523384"/>
 <node id="560440514" visible="true" version="2" changeset="121043156" timestamp="2022-05-16T09:41:09Z" user="Dante Devil" uid="15454530" lat="50.4184677" lon="80.2530821"/>
 <node id="560440516" visible="true" version="2" changeset="121043156" timestamp="2022-05-16T09:41:09Z" user="Dante Devil" uid="15454530" lat="50.4187837" lon="80.2523455"/>
 <node id="560440517" visible="true" version="3" changeset="121230929" timestamp="2022-05-20T08:44:02Z" user="Dante Devil" uid="15454530" lat="50.4191117" lon="80.2556423"/>
 <node id="560440518" visible="true" version="3" changeset="121230929" timestamp="2022-05-20T08:44:02Z" user="Dante Devil" uid="15454530" lat="50.4190196" lon="80.2554914"/>
 <node id="560440520" visible="true" version="3" changeset="121184484" timestamp="2022-05-19T09:16:29Z" user="Dante Devil" uid="15454530" lat="50.4171312" lon="80.2589503"/>
 <node id="560440521" visible="true" version="3" changeset="121184484" timestamp="2022-05-19T09:16:29Z" user="Dante Devil" uid="15454530" lat="50.4173998" lon="80.2581403"/>
 <node id="560440522" visible="true" version="3" changeset="121184484" timestamp="2022-05-19T09:16:29Z" user="Dante Devil" uid="15454530" lat="50.4168145" lon="80.2584296"/>
 <node id="560440523" visible="true" version="3" changeset="121184484" timestamp="2022-05-19T09:16:29Z" user="Dante Devil" uid="15454530" lat="50.4172128" lon="80.2578329"/>
 <node id="560440524" visible="true" version="3" changeset="121184484" timestamp="2022-05-19T09:16:29Z" user="Dante Devil" uid="15454530" lat="50.4171104" lon="80.2585739"/>
 <node id="560440525" visible="true" version="3" changeset="121184484" timestamp="2022-05-19T09:16:29Z" user="Dante Devil" uid="15454530" lat="50.4172401" lon="80.2587871"/>
 <node id="560440526" visible="true" version="2" changeset="121184484" timestamp="2022-05-19T09:16:29Z" user="Dante Devil" uid="15454530" lat="50.4159202" lon="80.2586472"/>
 <node id="560440527" visible="true" version="2" changeset="121184484" timestamp="2022-05-19T09:16:29Z" user="Dante Devil" uid="15454530" lat="50.4164982" lon="80.2575140"/>
 <node id="560440528" visible="true" version="2" changeset="121184484" timestamp="2022-05-19T09:16:29Z" user="Dante Devil" uid="15454530" lat="50.4165757" lon="80.2576385"/>
 <node id="560440529" visible="true" version="3" changeset="3644769" timestamp="2010-01-17T19:26:39Z" user="KartaFan" uid="182473" lat="50.4203291" lon="80.2591588"/>
 <node id="560440530" visible="true" version="3" changeset="3644769" timestamp="2010-01-17T19:26:38Z" user="KartaFan" uid="182473" lat="50.4188219" lon="80.2567029"/>
 <node id="560440531" visible="true" version="3" changeset="3644769" timestamp="2010-01-17T19:26:39Z" user="KartaFan" uid="182473" lat="50.4196714" lon="80.2554187"/>
 <node id="560440534" visible="true" version="3" changeset="3644769" timestamp="2010-01-17T19:26:39Z" user="KartaFan" uid="182473" lat="50.4211786" lon="80.2578747"/>
 <node id="560440540" visible="true" version="3" changeset="121230929" timestamp="2022-05-20T08:44:02Z" user="Dante Devil" uid="15454530" lat="50.4186441" lon="80.2560559"/>
 <node id="560440541" visible="true" version="3" changeset="121230929" timestamp="2022-05-20T08:44:02Z" user="Dante Devil" uid="15454530" lat="50.4187362" lon="80.2562068"/>
 <node id="560440557" visible="true" version="2" changeset="121184484" timestamp="2022-05-19T09:16:29Z" user="Dante Devil" uid="15454530" lat="50.4180682" lon="80.2596642"/>
 <node id="560440558" visible="true" version="2" changeset="121184484" timestamp="2022-05-19T09:16:29Z" user="Dante Devil" uid="15454530" lat="50.4179746" lon="80.2598077"/>
 <node id="560440566" visible="true" version="2" changeset="121184484" timestamp="2022-05-19T09:16:29Z" user="Dante Devil" uid="15454530" lat="50.4185411" lon="80.2607175"/>
 <node id="560440571" visible="true" version="2" changeset="121184484" timestamp="2022-05-19T09:16:29Z" user="Dante Devil" uid="15454530" lat="50.4186347" lon="80.2605741"/>
 <node id="560440584" visible="true" version="4" changeset="121230929" timestamp="2022-05-20T08:44:02Z" user="Dante Devil" uid="15454530" lat="50.4218040" lon="80.2616325"/>
 <node id="560667321" visible="true" version="1" changeset="3087948" timestamp="2009-11-11T07:45:48Z" user="KartaFan" uid="182473" lat="50.4151319" lon="80.2525305"/>
 <node id="560667322" visible="true" version="1" changeset="3087948" timestamp="2009-11-11T07:45:48Z" user="KartaFan" uid="182473" lat="50.4153234" lon="80.2528433"/>
 <node id="560667323" visible="true" version="1" changeset="3087948" timestamp="2009-11-11T07:45:48Z" user="KartaFan" uid="182473" lat="50.4150507" lon="80.2526541"/>
 <node id="560667324" visible="true" version="1" changeset="3087948" timestamp="2009-11-11T07:45:48Z" user="KartaFan" uid="182473" lat="50.4151837" lon="80.2530538"/>
 <node id="560667325" visible="true" version="1" changeset="3087948" timestamp="2009-11-11T07:45:48Z" user="KartaFan" uid="182473" lat="50.4150785" lon="80.2528716"/>
 <node id="560667419" visible="true" version="2" changeset="121079380" timestamp="2022-05-17T05:48:32Z" user="Dante Devil" uid="15454530" lat="50.4134099" lon="80.2592807"/>
 <node id="560667437" visible="true" version="2" changeset="121079380" timestamp="2022-05-17T05:48:32Z" user="Dante Devil" uid="15454530" lat="50.4135182" lon="80.2597622"/>
 <node id="560667438" visible="true" version="2" changeset="121079380" timestamp="2022-05-17T05:48:32Z" user="Dante Devil" uid="15454530" lat="50.4133109" lon="80.2594356"/>
 <node id="560667451" visible="true" version="2" changeset="121079380" timestamp="2022-05-17T05:48:32Z" user="Dante Devil" uid="15454530" lat="50.4136173" lon="80.2596074"/>
 <node id="560667452" visible="true" version="2" changeset="121079380" timestamp="2022-05-17T05:48:32Z" user="Dante Devil" uid="15454530" lat="50.4140092" lon="80.2600012"/>
 <node id="560667453" visible="true" version="2" changeset="121079380" timestamp="2022-05-17T05:48:32Z" user="Dante Devil" uid="15454530" lat="50.4138365" lon="80.2599882"/>
 <node id="560667454" visible="true" version="2" changeset="121079380" timestamp="2022-05-17T05:48:32Z" user="Dante Devil" uid="15454530" lat="50.4135989" lon="80.2597463"/>
 <node id="560667455" visible="true" version="2" changeset="121079380" timestamp="2022-05-17T05:48:32Z" user="Dante Devil" uid="15454530" lat="50.4138318" lon="80.2602748"/>
 <node id="560667456" visible="true" version="2" changeset="121079380" timestamp="2022-05-17T05:48:32Z" user="Dante Devil" uid="15454530" lat="50.4137264" lon="80.2595497"/>
 <node id="560667457" visible="true" version="2" changeset="121079380" timestamp="2022-05-17T05:48:32Z" user="Dante Devil" uid="15454530" lat="50.4137429" lon="80.2601328"/>
 <node id="560667458" visible="true" version="1" changeset="3087948" timestamp="2009-11-11T07:45:54Z" user="KartaFan" uid="182473" lat="50.4137408" lon="80.2580109">
  <tag k="historic" v="memorial"/>
  <tag k="name" v="Победы"/>
 </node>
 <node id="560667459" visible="true" version="2" changeset="121184484" timestamp="2022-05-19T09:16:29Z" user="Dante Devil" uid="15454530" lat="50.4152443" lon="80.2594149"/>
 <node id="560667460" visible="true" version="2" changeset="121184484" timestamp="2022-05-19T09:16:29Z" user="Dante Devil" uid="15454530" lat="50.4153272" lon="80.2595485"/>
 <node id="560667463" visible="true" version="2" changeset="121184484" timestamp="2022-05-19T09:16:29Z" user="Dante Devil" uid="15454530" lat="50.4146507" lon="80.2603215"/>
 <node id="560667464" visible="true" version="2" changeset="121184484" timestamp="2022-05-19T09:16:29Z" user="Dante Devil" uid="15454530" lat="50.4147335" lon="80.2604552"/>
 <node id="560667484" visible="true" version="1" changeset="3087948" timestamp="2009-11-11T07:45:56Z" user="KartaFan" uid="182473" lat="50.4169025" lon="80.2553397"/>
 <node id="560667485" visible="true" version="1" changeset="3087948" timestamp="2009-11-11T07:45:56Z" user="KartaFan" uid="182473" lat="50.4174908" lon="80.2541087"/>
 <node id="560667486" visible="true" version="2" changeset="121043156" timestamp="2022-05-16T09:41:09Z" user="Dante Devil" uid="15454530" lat="50.4171751" lon="80.2550421"/>
 <node id="560667487" visible="true" version="2" changeset="121043156" timestamp="2022-05-16T09:41:09Z" user="Dante Devil" uid="15454530" lat="50.4172489" lon="80.2551716"/>
 <node id="560667488" visible="true" version="2" changeset="121043156" timestamp="2022-05-16T09:41:09Z" user="Dante Devil" uid="15454530" lat="50.4173475" lon="80.2548005"/>
 <node id="560667489" visible="true" version="1" changeset="3087948" timestamp="2009-11-11T07:45:56Z" user="KartaFan" uid="182473" lat="50.4176717" lon="80.2538334"/>
 <node id="560667490" visible="true" version="1" changeset="3087948" timestamp="2009-11-11T07:45:56Z" user="KartaFan" uid="182473" lat="50.4178632" lon="80.2541432"/>
 <node id="560667491" visible="true" version="1" changeset="3087948" timestamp="2009-11-11T07:45:56Z" user="KartaFan" uid="182473" lat="50.4176822" lon="80.2544186"/>
 <node id="560667512" visible="true" version="1" changeset="3087948" timestamp="2009-11-11T07:45:57Z" user="KartaFan" uid="182473" lat="50.4167353" lon="80.2555901"/>
 <node id="560667513" visible="true" version="1" changeset="3087948" timestamp="2009-11-11T07:45:57Z" user="KartaFan" uid="182473" lat="50.4168117" lon="80.2557157"/>
 <node id="560667514" visible="true" version="1" changeset="3087948" timestamp="2009-11-11T07:45:57Z" user="KartaFan" uid="182473" lat="50.4169789" lon="80.2554654"/>
 <node id="560667519" visible="true" version="3" changeset="121079380" timestamp="2022-05-17T05:48:32Z" user="Dante Devil" uid="15454530" lat="50.4166470" lon="80.2566711"/>
 <node id="560667520" visible="true" version="3" changeset="121079380" timestamp="2022-05-17T05:48:32Z" user="Dante Devil" uid="15454530" lat="50.4167567" lon="80.2565026"/>
 <node id="560667521" visible="true" version="3" changeset="121079380" timestamp="2022-05-17T05:48:32Z" user="Dante Devil" uid="15454530" lat="50.4168580" lon="80.2570097"/>
 <node id="560667522" visible="true" version="3" changeset="121079380" timestamp="2022-05-17T05:48:32Z" user="Dante Devil" uid="15454530" lat="50.4169677" lon="80.2568412"/>
 <node id="560667523" visible="true" version="2" changeset="121184484" timestamp="2022-05-19T09:16:29Z" user="Dante Devil" uid="15454530" lat="50.4170296" lon="80.2572225"/>
 <node id="560667524" visible="true" version="2" changeset="121043156" timestamp="2022-05-16T09:41:09Z" user="Dante Devil" uid="15454530" lat="50.4174212" lon="80.2549300"/>
 <node id="560667525" visible="true" version="2" changeset="121184484" timestamp="2022-05-19T09:16:29Z" user="Dante Devil" uid="15454530" lat="50.4172692" lon="80.2573650"/>
 <node id="560667526" visible="true" version="2" changeset="121184484" timestamp="2022-05-19T09:16:29Z" user="Dante Devil" uid="15454530" lat="50.4171891" lon="80.2574849"/>
 <node id="560667527" visible="true" version="2" changeset="121184484" timestamp="2022-05-19T09:16:29Z" user="Dante Devil" uid="15454530" lat="50.4171097" lon="80.2571026"/>
 <node id="593595197" visible="true" version="2" changeset="13159999" timestamp="2012-09-18T18:11:41Z" user="KartaFan" uid="182473" lat="50.4134863" lon="80.2532189"/>
 <node id="593595199" visible="true" version="2" changeset="13159999" timestamp="2012-09-18T18:11:44Z" user="KartaFan" uid="182473" lat="50.4133728" lon="80.2527390"/>
 <node id="593595201" visible="true" version="2" changeset="13159999" timestamp="2012-09-18T18:11:43Z" user="KartaFan" uid="182473" lat="50.4134757" lon="80.2525806"/>
 <node id="593595203" visible="true" version="2" changeset="13159999" timestamp="2012-09-18T18:11:42Z" user="KartaFan" uid="182473" lat="50.4134059" lon="80.2524689"/>
 <node id="593595205" visible="true" version="2" changeset="13159999" timestamp="2012-09-18T18:11:42Z" user="KartaFan" uid="182473" lat="50.4135345" lon="80.2528301"/>
 <node id="593595208" visible="true" version="2" changeset="13159999" timestamp="2012-09-18T18:11:43Z" user="KartaFan" uid="182473" lat="50.4132079" lon="80.2527739"/>
 <node id="593595211" visible="true" version="2" changeset="13159999" timestamp="2012-09-18T18:11:42Z" user="KartaFan" uid="182473" lat="50.4134811" lon="80.2529122"/>
 <node id="593595225" visible="true" version="2" changeset="121079380" timestamp="2022-05-17T05:48:32Z" user="Dante Devil" uid="15454530" lat="50.4133555" lon="80.2548527"/>
 <node id="593595228" visible="true" version="2" changeset="121079380" timestamp="2022-05-17T05:48:32Z" user="Dante Devil" uid="15454530" lat="50.4134557" lon="80.2550173"/>
 <node id="593595253" visible="true" version="2" changeset="13159999" timestamp="2012-09-18T18:11:41Z" user="KartaFan" uid="182473" lat="50.4136346" lon="80.2529902"/>
 <node id="593595254" visible="true" version="2" changeset="13159999" timestamp="2012-09-18T18:11:43Z" user="KartaFan" uid="182473" lat="50.4138776" lon="80.2535227"/>
 <node id="593595255" visible="true" version="2" changeset="13159999" timestamp="2012-09-18T18:11:41Z" user="KartaFan" uid="182473" lat="50.4137757" lon="80.2536807"/>
 <node id="593595258" visible="true" version="2" changeset="13159999" timestamp="2012-09-18T18:11:42Z" user="KartaFan" uid="182473" lat="50.4135609" lon="80.2533395"/>
 <node id="593595261" visible="true" version="2" changeset="13159999" timestamp="2012-09-18T18:11:45Z" user="KartaFan" uid="182473" lat="50.4136628" lon="80.2531815"/>
 <node id="593595264" visible="true" version="1" changeset="3386732" timestamp="2009-12-16T13:43:41Z" user="Bedouin" uid="52583" lat="50.4140375" lon="80.2533348"/>
 <node id="593595266" visible="true" version="1" changeset="3386732" timestamp="2009-12-16T13:43:41Z" user="Bedouin" uid="52583" lat="50.4139361" lon="80.2534889"/>
 <node id="593595269" visible="true" version="1" changeset="3386732" timestamp="2009-12-16T13:43:41Z" user="Bedouin" uid="52583" lat="50.4138079" lon="80.2532812"/>
 <node id="593595272" visible="true" version="1" changeset="3386732" timestamp="2009-12-16T13:43:41Z" user="Bedouin" uid="52583" lat="50.4139093" lon="80.2531271"/>
 <node id="593595278" visible="true" version="2" changeset="121079380" timestamp="2022-05-17T05:48:32Z" user="Dante Devil" uid="15454530" lat="50.4137946" lon="80.2545087"/>
 <node id="593595281" visible="true" version="2" changeset="121079380" timestamp="2022-05-17T05:48:32Z" user="Dante Devil" uid="15454530" lat="50.4138675" lon="80.2546282"/>
 <node id="593595284" visible="true" version="2" changeset="121079380" timestamp="2022-05-17T05:48:32Z" user="Dante Devil" uid="15454530" lat="50.4139587" lon="80.2544914"/>
 <node id="593595285" visible="true" version="2" changeset="121079380" timestamp="2022-05-17T05:48:32Z" user="Dante Devil" uid="15454530" lat="50.4137855" lon="80.2542073"/>
 <node id="593595288" visible="true" version="2" changeset="121079380" timestamp="2022-05-17T05:48:32Z" user="Dante Devil" uid="15454530" lat="50.4138762" lon="80.2546804"/>
 <node id="593595291" visible="true" version="2" changeset="121079380" timestamp="2022-05-17T05:48:32Z" user="Dante Devil" uid="15454530" lat="50.4139784" lon="80.2545230"/>
 <node id="593595296" visible="true" version="2" changeset="121079380" timestamp="2022-05-17T05:48:32Z" user="Dante Devil" uid="15454530" lat="50.4142789" lon="80.2550034"/>
 <node id="593595331" visible="true" version="1" changeset="3386732" timestamp="2009-12-16T13:43:42Z" user="Bedouin" uid="52583" lat="50.4123528" lon="80.2560562"/>
 <node id="593595334" visible="true" version="1" changeset="3386732" timestamp="2009-12-16T13:43:42Z" user="Bedouin" uid="52583" lat="50.4124972" lon="80.2558404"/>
 <node id="593595352" visible="true" version="2" changeset="121079380" timestamp="2022-05-17T05:48:32Z" user="Dante Devil" uid="15454530" lat="50.4135314" lon="80.2557056"/>
 <node id="593595376" visible="true" version="2" changeset="121079380" timestamp="2022-05-17T05:48:32Z" user="Dante Devil" uid="15454530" lat="50.4137388" lon="80.2560323"/>
 <node id="593595378" visible="true" version="2" changeset="121079380" timestamp="2022-05-17T05:48:32Z" user="Dante Devil" uid="15454530" lat="50.4138378" lon="80.2558774"/>
 <node id="593595379" visible="true" version="2" changeset="121079380" timestamp="2022-05-17T05:48:32Z" user="Dante Devil" uid="15454530" lat="50.4136305" lon="80.2555507"/>
 <node id="593595381" visible="true" version="2" changeset="121079380" timestamp="2022-05-17T05:48:32Z" user="Dante Devil" uid="15454530" lat="50.4140089" lon="80.2564910"/>
 <node id="593595383" visible="true" version="2" changeset="121079380" timestamp="2022-05-17T05:48:32Z" user="Dante Devil" uid="15454530" lat="50.4137859" lon="80.2561309"/>
 <node id="593595385" visible="true" version="2" changeset="121079380" timestamp="2022-05-17T05:48:32Z" user="Dante Devil" uid="15454530" lat="50.4141651" lon="80.2562527"/>
 <node id="593595388" visible="true" version="2" changeset="121079380" timestamp="2022-05-17T05:48:32Z" user="Dante Devil" uid="15454530" lat="50.4137102" lon="80.2562462"/>
 <node id="593595400" visible="true" version="2" changeset="121079380" timestamp="2022-05-17T05:48:32Z" user="Dante Devil" uid="15454530" lat="50.4141766" lon="80.2551609"/>
 <node id="593595403" visible="true" version="2" changeset="121079380" timestamp="2022-05-17T05:48:32Z" user="Dante Devil" uid="15454530" lat="50.4142323" lon="80.2556408"/>
 <node id="593595406" visible="true" version="2" changeset="121079380" timestamp="2022-05-17T05:48:32Z" user="Dante Devil" uid="15454530" lat="50.4140083" lon="80.2559536"/>
 <node id="593595409" visible="true" version="2" changeset="121079380" timestamp="2022-05-17T05:48:32Z" user="Dante Devil" uid="15454530" lat="50.4139013" lon="80.2556581"/>
 <node id="593595412" visible="true" version="2" changeset="121079380" timestamp="2022-05-17T05:48:32Z" user="Dante Devil" uid="15454530" lat="50.4140715" lon="80.2553898"/>
 <node id="593595415" visible="true" version="2" changeset="121079380" timestamp="2022-05-17T05:48:32Z" user="Dante Devil" uid="15454530" lat="50.4142560" lon="80.2563995"/>
 <node id="593595417" visible="true" version="3" changeset="121079380" timestamp="2022-05-17T05:48:32Z" user="Dante Devil" uid="15454530" lat="50.4144958" lon="80.2560059"/>
 <node id="593595420" visible="true" version="3" changeset="121079380" timestamp="2022-05-17T05:48:32Z" user="Dante Devil" uid="15454530" lat="50.4147251" lon="80.2556523"/>
 <node id="593595423" visible="true" version="3" changeset="121079380" timestamp="2022-05-17T05:48:32Z" user="Dante Devil" uid="15454530" lat="50.4144160" lon="80.2551588"/>
 <node id="593595426" visible="true" version="3" changeset="121079380" timestamp="2022-05-17T05:48:32Z" user="Dante Devil" uid="15454530" lat="50.4145767" lon="80.2556584"/>
 <node id="593595428" visible="true" version="3" changeset="121079380" timestamp="2022-05-17T05:48:32Z" user="Dante Devil" uid="15454530" lat="50.4143385" lon="80.2552782"/>
 <node id="593595429" visible="true" version="3" changeset="121079380" timestamp="2022-05-17T05:48:32Z" user="Dante Devil" uid="15454530" lat="50.4144249" lon="80.2558927"/>
 <node id="593595430" visible="true" version="2" changeset="121079380" timestamp="2022-05-17T05:48:32Z" user="Dante Devil" uid="15454530" lat="50.4140242" lon="80.2567531"/>
 <node id="593595445" visible="true" version="1" changeset="3386732" timestamp="2009-12-16T13:43:45Z" user="Bedouin" uid="52583" lat="50.4138842" lon="80.2584769"/>
 <node id="593595448" visible="true" version="1" changeset="3386732" timestamp="2009-12-16T13:43:45Z" user="Bedouin" uid="52583" lat="50.4140177" lon="80.2582615"/>
 <node id="593595451" visible="true" version="4" changeset="168336913" timestamp="2025-07-01T06:12:38Z" user="GravaneCanal" uid="18414165" lat="50.4142489" lon="80.2598618"/>
 <node id="593595453" visible="true" version="4" changeset="168336913" timestamp="2025-07-01T06:12:38Z" user="GravaneCanal" uid="18414165" lat="50.4148037" lon="80.2587787"/>
 <node id="593640054" visible="true" version="3" changeset="121079380" timestamp="2022-05-17T05:48:32Z" user="Dante Devil" uid="15454530" lat="50.4142105" lon="80.2535101"/>
 <node id="593640056" visible="true" version="3" changeset="121079380" timestamp="2022-05-17T05:48:32Z" user="Dante Devil" uid="15454530" lat="50.4142925" lon="80.2536406"/>
 <node id="593640058" visible="true" version="3" changeset="121079380" timestamp="2022-05-17T05:48:32Z" user="Dante Devil" uid="15454530" lat="50.4139358" lon="80.2539349"/>
 <node id="593640060" visible="true" version="3" changeset="121079380" timestamp="2022-05-17T05:48:32Z" user="Dante Devil" uid="15454530" lat="50.4140178" lon="80.2540654"/>
 <node id="593640062" visible="true" version="2" changeset="13159999" timestamp="2012-09-18T18:11:44Z" user="KartaFan" uid="182473" lat="50.4147364" lon="80.2549246"/>
 <node id="593640069" visible="true" version="2" changeset="13159999" timestamp="2012-09-18T18:11:44Z" user="KartaFan" uid="182473" lat="50.4146443" lon="80.2550651"/>
 <node id="593640070" visible="true" version="2" changeset="13159999" timestamp="2012-09-18T18:11:41Z" user="KartaFan" uid="182473" lat="50.4151284" lon="80.2550671"/>
 <node id="593640072" visible="true" version="2" changeset="13159999" timestamp="2012-09-18T18:11:43Z" user="KartaFan" uid="182473" lat="50.4150299" lon="80.2549080"/>
 <node id="593640089" visible="true" version="2" changeset="13159999" timestamp="2012-09-18T18:11:44Z" user="KartaFan" uid="182473" lat="50.4148801" lon="80.2554459"/>
 <node id="593640091" visible="true" version="2" changeset="13159999" timestamp="2012-09-18T18:11:45Z" user="KartaFan" uid="182473" lat="50.4148737" lon="80.2551464"/>
 <node id="593640093" visible="true" version="2" changeset="121079380" timestamp="2022-05-17T05:48:32Z" user="Dante Devil" uid="15454530" lat="50.4148614" lon="80.2571849"/>
 <node id="593640095" visible="true" version="3" changeset="121079380" timestamp="2022-05-17T05:48:32Z" user="Dante Devil" uid="15454530" lat="50.4154674" lon="80.2562810"/>
 <node id="593640097" visible="true" version="3" changeset="121079380" timestamp="2022-05-17T05:48:32Z" user="Dante Devil" uid="15454530" lat="50.4155374" lon="80.2561707"/>
 <node id="593640099" visible="true" version="3" changeset="121079380" timestamp="2022-05-17T05:48:32Z" user="Dante Devil" uid="15454530" lat="50.4155230" lon="80.2559639"/>
 <node id="593640101" visible="true" version="3" changeset="121079380" timestamp="2022-05-17T05:48:32Z" user="Dante Devil" uid="15454530" lat="50.4153349" lon="80.2556379"/>
 <node id="593640103" visible="true" version="3" changeset="121079380" timestamp="2022-05-17T05:48:32Z" user="Dante Devil" uid="15454530" lat="50.4152399" lon="80.2559767"/>
 <node id="593640105" visible="true" version="3" changeset="121079380" timestamp="2022-05-17T05:48:32Z" user="Dante Devil" uid="15454530" lat="50.4153634" lon="80.2561907"/>
 <node id="593640111" visible="true" version="2" changeset="121079380" timestamp="2022-05-17T05:48:32Z" user="Dante Devil" uid="15454530" lat="50.4151585" lon="80.2576631"/>
 <node id="593640113" visible="true" version="2" changeset="121079380" timestamp="2022-05-17T05:48:32Z" user="Dante Devil" uid="15454530" lat="50.4153334" lon="80.2573955"/>
 <node id="593640116" visible="true" version="2" changeset="121079380" timestamp="2022-05-17T05:48:32Z" user="Dante Devil" uid="15454530" lat="50.4150363" lon="80.2569173"/>
 <node id="593640118" visible="true" version="3" changeset="121079380" timestamp="2022-05-17T05:48:32Z" user="Dante Devil" uid="15454530" lat="50.4156821" lon="80.2566165"/>
 <node id="593640121" visible="true" version="3" changeset="121079380" timestamp="2022-05-17T05:48:32Z" user="Dante Devil" uid="15454530" lat="50.4157521" lon="80.2565061"/>
 <node id="593640183" visible="true" version="2" changeset="121043156" timestamp="2022-05-16T09:41:09Z" user="Dante Devil" uid="15454530" lat="50.4173176" lon="80.2530155"/>
 <node id="593640184" visible="true" version="2" changeset="121043156" timestamp="2022-05-16T09:41:09Z" user="Dante Devil" uid="15454530" lat="50.4171489" lon="80.2532803"/>
 <node id="593640185" visible="true" version="2" changeset="121043156" timestamp="2022-05-16T09:41:09Z" user="Dante Devil" uid="15454530" lat="50.4173395" lon="80.2535887"/>
 <node id="593640186" visible="true" version="2" changeset="121043156" timestamp="2022-05-16T09:41:09Z" user="Dante Devil" uid="15454530" lat="50.4174233" lon="80.2531812"/>
 <node id="593640187" visible="true" version="2" changeset="121043156" timestamp="2022-05-16T09:41:09Z" user="Dante Devil" uid="15454530" lat="50.4170692" lon="80.2531552"/>
 <node id="593640188" visible="true" version="2" changeset="121043156" timestamp="2022-05-16T09:41:09Z" user="Dante Devil" uid="15454530" lat="50.4172494" lon="80.2534474"/>
 <node id="593640189" visible="true" version="2" changeset="121043156" timestamp="2022-05-16T09:41:09Z" user="Dante Devil" uid="15454530" lat="50.4172960" lon="80.2527990"/>
 <node id="593640196" visible="true" version="2" changeset="121043156" timestamp="2022-05-16T09:41:09Z" user="Dante Devil" uid="15454530" lat="50.4173519" lon="80.2532865"/>
 <node id="593640198" visible="true" version="2" changeset="121043156" timestamp="2022-05-16T09:41:09Z" user="Dante Devil" uid="15454530" lat="50.4175000" lon="80.2530609"/>
 <node id="593640201" visible="true" version="2" changeset="121043156" timestamp="2022-05-16T09:41:09Z" user="Dante Devil" uid="15454530" lat="50.4173758" lon="80.2529241"/>
 <node id="593640202" visible="true" version="2" changeset="121043156" timestamp="2022-05-16T09:41:09Z" user="Dante Devil" uid="15454530" lat="50.4172484" lon="80.2531241"/>
 <node id="593640205" visible="true" version="2" changeset="121043156" timestamp="2022-05-16T09:41:09Z" user="Dante Devil" uid="15454530" lat="50.4175878" lon="80.2531988"/>
 <node id="593655829" visible="true" version="3" changeset="121230929" timestamp="2022-05-20T08:44:02Z" user="Dante Devil" uid="15454530" lat="50.4183495" lon="80.2561420"/>
 <node id="593655831" visible="true" version="3" changeset="121230929" timestamp="2022-05-20T08:44:02Z" user="Dante Devil" uid="15454530" lat="50.4182526" lon="80.2562948"/>
 <node id="593655833" visible="true" version="3" changeset="121230929" timestamp="2022-05-20T08:44:02Z" user="Dante Devil" uid="15454530" lat="50.4180590" lon="80.2559924"/>
 <node id="593655835" visible="true" version="3" changeset="121230929" timestamp="2022-05-20T08:44:02Z" user="Dante Devil" uid="15454530" lat="50.4181560" lon="80.2558395"/>
 <node id="597642417" visible="true" version="1" changeset="3419768" timestamp="2009-12-21T12:36:49Z" user="Bedouin" uid="52583" lat="50.4155971" lon="80.2514077"/>
 <node id="597642432" visible="true" version="2" changeset="121184484" timestamp="2022-05-19T09:16:29Z" user="Dante Devil" uid="15454530" lat="50.4148162" lon="80.2604783"/>
 <node id="597642434" visible="true" version="2" changeset="121184484" timestamp="2022-05-19T09:16:29Z" user="Dante Devil" uid="15454530" lat="50.4147310" lon="80.2606012"/>
 <node id="597642442" visible="true" version="2" changeset="121184484" timestamp="2022-05-19T09:16:29Z" user="Dante Devil" uid="15454530" lat="50.4149786" lon="80.2607553"/>
 <node id="597642443" visible="true" version="2" changeset="121184484" timestamp="2022-05-19T09:16:29Z" user="Dante Devil" uid="15454530" lat="50.4148934" lon="80.2608782"/>
 <node id="597642494" visible="true" version="1" changeset="3419768" timestamp="2009-12-21T12:36:52Z" user="Bedouin" uid="52583" lat="50.4164209" lon="80.2501425"/>
 <node id="597642511" visible="true" version="1" changeset="3419768" timestamp="2009-12-21T12:36:53Z" user="Bedouin" uid="52583" lat="50.4174147" lon="80.2517363"/>
 <node id="597642534" visible="true" version="1" changeset="3419768" timestamp="2009-12-21T12:36:54Z" user="Bedouin" uid="52583" lat="50.4165909" lon="80.2530015"/>
 <node id="609002811" visible="true" version="2" changeset="121079380" timestamp="2022-05-17T05:48:32Z" user="Dante Devil" uid="15454530" lat="50.4141262" lon="80.2542414"/>
 <node id="609002812" visible="true" version="2" changeset="121079380" timestamp="2022-05-17T05:48:32Z" user="Dante Devil" uid="15454530" lat="50.4141851" lon="80.2543338"/>
 <node id="609002813" visible="true" version="2" changeset="121079380" timestamp="2022-05-17T05:48:32Z" user="Dante Devil" uid="15454530" lat="50.4142498" lon="80.2540475"/>
 <node id="609002814" visible="true" version="2" changeset="121079380" timestamp="2022-05-17T05:48:32Z" user="Dante Devil" uid="15454530" lat="50.4143496" lon="80.2542043"/>
 <node id="609002815" visible="true" version="2" changeset="121079380" timestamp="2022-05-17T05:48:32Z" user="Dante Devil" uid="15454530" lat="50.4143824" lon="80.2541053"/>
 <node id="609002816" visible="true" version="2" changeset="121079380" timestamp="2022-05-17T05:48:32Z" user="Dante Devil" uid="15454530" lat="50.4142953" lon="80.2539629"/>
 <node id="609002817" visible="true" version="2" changeset="121079380" timestamp="2022-05-17T05:48:32Z" user="Dante Devil" uid="15454530" lat="50.4143861" lon="80.2538262"/>
 <node id="609002818" visible="true" version="2" changeset="121079380" timestamp="2022-05-17T05:48:32Z" user="Dante Devil" uid="15454530" lat="50.4144732" lon="80.2539686"/>
 <node id="609002819" visible="true" version="1" changeset="3568410" timestamp="2010-01-08T09:00:35Z" user="KartaFan" uid="182473" lat="50.4144173" lon="80.2546561"/>
 <node id="609002820" visible="true" version="1" changeset="3568410" timestamp="2010-01-08T09:00:35Z" user="KartaFan" uid="182473" lat="50.4145084" lon="80.2545201"/>
 <node id="609002821" visible="true" version="1" changeset="3568410" timestamp="2010-01-08T09:00:35Z" user="KartaFan" uid="182473" lat="50.4145535" lon="80.2548808"/>
 <node id="609002822" visible="true" version="1" changeset="3568410" timestamp="2010-01-08T09:00:36Z" user="KartaFan" uid="182473" lat="50.4146446" lon="80.2547448"/>
 <node id="609002826" visible="true" version="2" changeset="121079380" timestamp="2022-05-17T05:48:32Z" user="Dante Devil" uid="15454530" lat="50.4153994" lon="80.2572305"/>
 <node id="609002827" visible="true" version="2" changeset="121079380" timestamp="2022-05-17T05:48:32Z" user="Dante Devil" uid="15454530" lat="50.4150132" lon="80.2567026"/>
 <node id="609002829" visible="true" version="2" changeset="121079380" timestamp="2022-05-17T05:48:32Z" user="Dante Devil" uid="15454530" lat="50.4153646" lon="80.2566900"/>
 <node id="609002830" visible="true" version="2" changeset="121079380" timestamp="2022-05-17T05:48:32Z" user="Dante Devil" uid="15454530" lat="50.4155535" lon="80.2569970"/>
 <node id="609002836" visible="true" version="2" changeset="121079380" timestamp="2022-05-17T05:48:32Z" user="Dante Devil" uid="15454530" lat="50.4152027" lon="80.2576286"/>
 <node id="609002837" visible="true" version="2" changeset="121079380" timestamp="2022-05-17T05:48:32Z" user="Dante Devil" uid="15454530" lat="50.4152944" lon="80.2580598"/>
 <node id="609002838" visible="true" version="2" changeset="121079380" timestamp="2022-05-17T05:48:32Z" user="Dante Devil" uid="15454530" lat="50.4151691" lon="80.2578575"/>
 <node id="609002839" visible="true" version="2" changeset="121079380" timestamp="2022-05-17T05:48:32Z" user="Dante Devil" uid="15454530" lat="50.4153846" lon="80.2579222"/>
 <node id="609002841" visible="true" version="2" changeset="121184484" timestamp="2022-05-19T09:16:29Z" user="Dante Devil" uid="15454530" lat="50.4160044" lon="80.2584300"/>
 <node id="609002842" visible="true" version="2" changeset="121184484" timestamp="2022-05-19T09:16:29Z" user="Dante Devil" uid="15454530" lat="50.4160614" lon="80.2585241"/>
 <node id="609002843" visible="true" version="2" changeset="121184484" timestamp="2022-05-19T09:16:29Z" user="Dante Devil" uid="15454530" lat="50.4160039" lon="80.2586100"/>
 <node id="609002844" visible="true" version="2" changeset="121184484" timestamp="2022-05-19T09:16:29Z" user="Dante Devil" uid="15454530" lat="50.4159469" lon="80.2585159"/>
 <node id="609002845" visible="true" version="1" changeset="3568410" timestamp="2010-01-08T09:00:37Z" user="KartaFan" uid="182473" lat="50.4162123" lon="80.2602752"/>
 <node id="609002846" visible="true" version="2" changeset="121079380" timestamp="2022-05-17T05:48:32Z" user="Dante Devil" uid="15454530" lat="50.4160527" lon="80.2600165"/>
 <node id="609002848" visible="true" version="2" changeset="121079380" timestamp="2022-05-17T05:48:32Z" user="Dante Devil" uid="15454530" lat="50.4160979" lon="80.2599478"/>
 <node id="609002892" visible="true" version="2" changeset="121230929" timestamp="2022-05-20T08:44:02Z" user="Dante Devil" uid="15454530" lat="50.4187856" lon="80.2549103"/>
 <node id="609002893" visible="true" version="2" changeset="121230929" timestamp="2022-05-20T08:44:02Z" user="Dante Devil" uid="15454530" lat="50.4189592" lon="80.2551958"/>
 <node id="609002894" visible="true" version="2" changeset="121230929" timestamp="2022-05-20T08:44:02Z" user="Dante Devil" uid="15454530" lat="50.4187189" lon="80.2550101"/>
 <node id="609002896" visible="true" version="2" changeset="121230929" timestamp="2022-05-20T08:44:02Z" user="Dante Devil" uid="15454530" lat="50.4192071" lon="80.2550230"/>
 <node id="609002898" visible="true" version="2" changeset="121230929" timestamp="2022-05-20T08:44:02Z" user="Dante Devil" uid="15454530" lat="50.4190297" lon="80.2547064"/>
 <node id="609002899" visible="true" version="2" changeset="121230929" timestamp="2022-05-20T08:44:02Z" user="Dante Devil" uid="15454530" lat="50.4189638" lon="80.2548649"/>
 <node id="609002900" visible="true" version="2" changeset="121230929" timestamp="2022-05-20T08:44:02Z" user="Dante Devil" uid="15454530" lat="50.4191219" lon="80.2545682"/>
 <node id="609002901" visible="true" version="2" changeset="121230929" timestamp="2022-05-20T08:44:02Z" user="Dante Devil" uid="15454530" lat="50.4192966" lon="80.2548129"/>
 <node id="609002911" visible="true" version="2" changeset="121230929" timestamp="2022-05-20T08:44:02Z" user="Dante Devil" uid="15454530" lat="50.4189558" lon="80.2553995"/>
 <node id="609002912" visible="true" version="2" changeset="121043156" timestamp="2022-05-16T09:41:09Z" user="Dante Devil" uid="15454530" lat="50.4181712" lon="80.2577146"/>
 <node id="609002917" visible="true" version="2" changeset="121043156" timestamp="2022-05-16T09:41:09Z" user="Dante Devil" uid="15454530" lat="50.4184653" lon="80.2578957"/>
 <node id="609002918" visible="true" version="2" changeset="121043156" timestamp="2022-05-16T09:41:09Z" user="Dante Devil" uid="15454530" lat="50.4182655" lon="80.2575715"/>
 <node id="609002919" visible="true" version="2" changeset="121184484" timestamp="2022-05-19T09:16:29Z" user="Dante Devil" uid="15454530" lat="50.4168940" lon="80.2592116"/>
 <node id="609002920" visible="true" version="2" changeset="121184484" timestamp="2022-05-19T09:16:29Z" user="Dante Devil" uid="15454530" lat="50.4166965" lon="80.2591615"/>
 <node id="609002921" visible="true" version="2" changeset="121184484" timestamp="2022-05-19T09:16:29Z" user="Dante Devil" uid="15454530" lat="50.4167894" lon="80.2590298"/>
 <node id="609002922" visible="true" version="2" changeset="121184484" timestamp="2022-05-19T09:16:29Z" user="Dante Devil" uid="15454530" lat="50.4167087" lon="80.2588921"/>
 <node id="609002923" visible="true" version="2" changeset="121184484" timestamp="2022-05-19T09:16:29Z" user="Dante Devil" uid="15454530" lat="50.4166070" lon="80.2590516"/>
 <node id="609002924" visible="true" version="2" changeset="121184484" timestamp="2022-05-19T09:16:29Z" user="Dante Devil" uid="15454530" lat="50.4165020" lon="80.2588867"/>
 <node id="609002926" visible="true" version="2" changeset="121184484" timestamp="2022-05-19T09:16:29Z" user="Dante Devil" uid="15454530" lat="50.4166037" lon="80.2587272"/>
 <node id="609002930" visible="true" version="2" changeset="121184484" timestamp="2022-05-19T09:16:29Z" user="Dante Devil" uid="15454530" lat="50.4164946" lon="80.2598055"/>
 <node id="609002931" visible="true" version="2" changeset="121184484" timestamp="2022-05-19T09:16:29Z" user="Dante Devil" uid="15454530" lat="50.4163845" lon="80.2599704"/>
 <node id="609002932" visible="true" version="2" changeset="121184484" timestamp="2022-05-19T09:16:29Z" user="Dante Devil" uid="15454530" lat="50.4162977" lon="80.2598276"/>
 <node id="609002933" visible="true" version="2" changeset="121184484" timestamp="2022-05-19T09:16:29Z" user="Dante Devil" uid="15454530" lat="50.4164077" lon="80.2596627"/>
 <node id="609002934" visible="true" version="2" changeset="121079380" timestamp="2022-05-17T05:48:32Z" user="Dante Devil" uid="15454530" lat="50.4163224" lon="80.2601079"/>
 <node id="609002935" visible="true" version="2" changeset="121184484" timestamp="2022-05-19T09:16:29Z" user="Dante Devil" uid="15454530" lat="50.4166964" lon="80.2594766"/>
 <node id="609002936" visible="true" version="2" changeset="121184484" timestamp="2022-05-19T09:16:29Z" user="Dante Devil" uid="15454530" lat="50.4165812" lon="80.2596547"/>
 <node id="609002937" visible="true" version="2" changeset="121184484" timestamp="2022-05-19T09:16:29Z" user="Dante Devil" uid="15454530" lat="50.4164929" lon="80.2595141"/>
 <node id="609002938" visible="true" version="2" changeset="121184484" timestamp="2022-05-19T09:16:29Z" user="Dante Devil" uid="15454530" lat="50.4166081" lon="80.2593360"/>
 <node id="609002939" visible="true" version="2" changeset="121184484" timestamp="2022-05-19T09:16:29Z" user="Dante Devil" uid="15454530" lat="50.4168011" lon="80.2593433"/>
 <node id="609002940" visible="true" version="2" changeset="121043156" timestamp="2022-05-16T09:41:09Z" user="Dante Devil" uid="15454530" lat="50.4183064" lon="80.2581369"/>
 <node id="615850141" visible="true" version="3" changeset="121230929" timestamp="2022-05-20T08:44:02Z" user="Dante Devil" uid="15454530" lat="50.4189556" lon="80.2590279"/>
 <node id="615850143" visible="true" version="3" changeset="121230929" timestamp="2022-05-20T08:44:02Z" user="Dante Devil" uid="15454530" lat="50.4189106" lon="80.2591320"/>
 <node id="615850145" visible="true" version="3" changeset="121230929" timestamp="2022-05-20T08:44:02Z" user="Dante Devil" uid="15454530" lat="50.4187510" lon="80.2588775"/>
 <node id="615850146" visible="true" version="3" changeset="121230929" timestamp="2022-05-20T08:44:02Z" user="Dante Devil" uid="15454530" lat="50.4188225" lon="80.2588155"/>
 <node id="1433616780" visible="true" version="2" changeset="9321172" timestamp="2011-09-17T05:46:04Z" user="KartaFan" uid="182473" lat="50.4188100" lon="80.2590500">
  <tag k="amenity" v="car_wash"/>
  <tag k="name" v="Автомойка &quot;Айназ&quot;"/>
 </node>
 <node id="1433617023" visible="true" version="2" changeset="177951226" timestamp="2026-02-01T05:04:09Z" user="Ruslan Fatih" uid="12875574" lat="50.4141800" lon="80.2536200">
  <tag k="shop" v="convenience"/>
 </node>
 <node id="1433617319" visible="true" version="3" changeset="14092186" timestamp="2012-11-29T23:00:40Z" user="Ineibet" uid="1088489" lat="50.4164001" lon="80.2548500">
  <tag k="amenity" v="bank"/>
  <tag k="name" v="АТФ Банк"/>
 </node>
 <node id="1433617326" visible="true" version="4" changeset="40729090" timestamp="2016-07-14T06:15:02Z" user="Ринат Байжумин" uid="4244302" lat="50.4142100" lon="80.2604900">
  <tag k="amenity" v="bank"/>
  <tag k="name" v="Фортебанк"/>
 </node>
 <node id="1433617367" visible="true" version="3" changeset="181123454" timestamp="2026-04-10T02:40:04Z" user="Ruslan Fatih" uid="12875574" lat="50.4143326" lon="80.2525734">
  <tag k="name" v="Черемушки"/>
  <tag k="shop" v="bakery"/>
 </node>
 <node id="1433617370" visible="true" version="2" changeset="11871318" timestamp="2012-06-12T06:30:48Z" user="dikulya" uid="700737" lat="50.4170800" lon="80.2583500">
  <tag k="amenity" v="school"/>
  <tag k="name" v="Школа 37"/>
 </node>
 <node id="1433617383" visible="true" version="2" changeset="181123454" timestamp="2026-04-10T02:40:04Z" user="Ruslan Fatih" uid="12875574" lat="50.4140800" lon="80.2573300">
  <tag k="name" v="Автолидер"/>
  <tag k="shop" v="convenience"/>
 </node>
 <node id="1433617483" visible="true" version="2" changeset="174852351" timestamp="2025-11-19T10:30:56Z" user="Ruslan Fatih" uid="12875574" lat="50.4146878" lon="80.2603446">
  <tag k="amenity" v="cafe"/>
  <tag k="name" v="Камран"/>
 </node>
 <node id="1433617486" visible="true" version="2" changeset="9321172" timestamp="2011-09-17T05:46:06Z" user="KartaFan" uid="182473" lat="50.4138000" lon="80.2563400">
  <tag k="amenity" v="nightclub"/>
  <tag k="name" v="комп. клуб &quot;Wizard&quot;"/>
 </node>
 <node id="1433617510" visible="true" version="3" changeset="181123454" timestamp="2026-04-10T02:40:04Z" user="Ruslan Fatih" uid="12875574" lat="50.4143500" lon="80.2526000">
  <tag k="name" v="Черемушки"/>
  <tag k="shop" v="convenience"/>
 </node>
 <node id="1433617529" visible="true" version="5" changeset="154607116" timestamp="2024-07-30T13:38:47Z" user="mavl" uid="564990" lat="50.4157800" lon="80.2579500">
  <tag k="highway" v="bus_stop"/>
  <tag k="name" v="30-я Гвардейская"/>
 </node>
 <node id="1433617530" visible="true" version="5" changeset="154607100" timestamp="2024-07-30T13:38:15Z" user="mavl" uid="564990" lat="50.4153200" lon="80.2583700">
  <tag k="highway" v="bus_stop"/>
  <tag k="name" v="30-я Гвардейская"/>
 </node>
 <node id="1433617556" visible="true" version="2" changeset="175987894" timestamp="2025-12-16T04:51:35Z" user="Ruslan Fatih" uid="12875574" lat="50.4152300" lon="80.2580500">
  <tag k="name" v="Premier"/>
  <tag k="shop" v="convenience"/>
 </node>
 <node id="1435126013" visible="true" version="2" changeset="138964459" timestamp="2023-07-25T01:45:13Z" user="WardDrain" uid="18953746" lat="50.4170988" lon="80.2619513">
  <tag k="traffic_calming" v="bump"/>
 </node>
 <node id="1435126014" visible="true" version="3" changeset="138964459" timestamp="2023-07-25T01:45:13Z" user="WardDrain" uid="18953746" lat="50.4177899" lon="80.2629260">
  <tag k="traffic_calming" v="bump"/>
 </node>
 <node id="1524324962" visible="true" version="4" changeset="175987894" timestamp="2025-12-16T04:51:35Z" user="Ruslan Fatih" uid="12875574" lat="50.4189279" lon="80.2528006">
  <tag k="bus" v="yes"/>
  <tag k="highway" v="bus_stop"/>
  <tag k="name" v="Рынок"/>
  <tag k="public_transport" v="platform"/>
 </node>
 <node id="1524324972" visible="true" version="4" changeset="181123454" timestamp="2026-04-10T02:40:04Z" user="Ruslan Fatih" uid="12875574" lat="50.4180118" lon="80.2546245">
  <tag k="highway" v="bus_stop"/>
  <tag k="name" v="ЦГБ"/>
 </node>
 <node id="1562635660" visible="true" version="3" changeset="175987894" timestamp="2025-12-16T04:51:35Z" user="Ruslan Fatih" uid="12875574" lat="50.4184654" lon="80.2529342">
  <tag k="amenity" v="dentist"/>
  <tag k="healthcare" v="dentist"/>
  <tag k="name" v="Анга"/>
 </node>
 <node id="1722793944" visible="true" version="3" changeset="153853004" timestamp="2024-07-12T12:13:10Z" user="Evgeniya_rocketdata" uid="17513069" lat="50.4178394" lon="80.2554966">
  <tag k="alt_name" v="БЦК"/>
  <tag k="amenity" v="bank"/>
  <tag k="atm" v="yes"/>
  <tag k="brand" v="Bank CenterCredit"/>
  <tag k="brand:wikidata" v="Q806624"/>
  <tag k="contact:email" v="info@bcc.kz"/>
  <tag k="contact:facebook" v="https://www.facebook.com/bcc.kz"/>
  <tag k="contact:instagram" v="https://www.instagram.com/centercreditkz"/>
  <tag k="contact:phone" v="505"/>
  <tag k="contact:website" v="https://www.bcc.kz"/>
  <tag k="contact:youtube" v="https://www.youtube.com/user/bcckz"/>
  <tag k="name" v="Банк ЦентрКредит"/>
  <tag k="name:kk" v="Банк ЦентрКредит"/>
  <tag k="name:ru" v="Банк ЦентрКредит"/>
  <tag k="opening_hours" v="Mo-Fr 09:00-18:00; Sa 09:00-16:00"/>
  <tag k="operator" v="Банк ЦентрКредит"/>
 </node>
 <node id="1722796190" visible="true" version="14" changeset="140158896" timestamp="2023-08-21T02:42:16Z" user="NorthCrab" uid="15215305" lat="50.4181983" lon="80.2560384">
  <tag k="amenity" v="pharmacy"/>
  <tag k="name:ru" v="Олимп"/>
 </node>
 <node id="1722801193" visible="true" version="1" changeset="11353227" timestamp="2012-04-19T12:18:55Z" user="Pjkjnjq" uid="619011" lat="50.4161782" lon="80.2605981"/>
 <node id="1722801198" visible="true" version="1" changeset="11353227" timestamp="2012-04-19T12:18:55Z" user="Pjkjnjq" uid="619011" lat="50.4159218" lon="80.2614242"/>
 <node id="1722801201" visible="true" version="2" changeset="170778191" timestamp="2025-08-21T12:50:15Z" user="PolondDesert" uid="22220225" lat="50.4152536" lon="80.2588453"/>
 <node id="1722801204" visible="true" version="1" changeset="11353227" timestamp="2012-04-19T12:18:55Z" user="Pjkjnjq" uid="619011" lat="50.4168926" lon="80.2562315"/>
 <node id="1722801212" visible="true" version="1" changeset="11353227" timestamp="2012-04-19T12:18:55Z" user="Pjkjnjq" uid="619011" lat="50.4193878" lon="80.2524871"/>
 <node id="1722801218" visible="true" version="2" changeset="170778191" timestamp="2025-08-21T12:50:15Z" user="PolondDesert" uid="22220225" lat="50.4200588" lon="80.2514327"/>
 <node id="1722801221" visible="true" version="1" changeset="11353227" timestamp="2012-04-19T12:18:55Z" user="Pjkjnjq" uid="619011" lat="50.4168208" lon="80.2563388"/>
 <node id="1722801237" visible="true" version="2" changeset="170778191" timestamp="2025-08-21T12:50:15Z" user="PolondDesert" uid="22220225" lat="50.4148562" lon="80.2594073"/>
 <node id="1722801240" visible="true" version="1" changeset="11353227" timestamp="2012-04-19T12:18:56Z" user="Pjkjnjq" uid="619011" lat="50.4159013" lon="80.2613170"/>
 <node id="1722801249" visible="true" version="1" changeset="11353227" timestamp="2012-04-19T12:18:56Z" user="Pjkjnjq" uid="619011" lat="50.4186461" lon="80.2535332"/>
 <node id="1722801254" visible="true" version="1" changeset="11353227" timestamp="2012-04-19T12:18:56Z" user="Pjkjnjq" uid="619011" lat="50.4163594" lon="80.2607215"/>
 <node id="1722801257" visible="true" version="1" changeset="11353227" timestamp="2012-04-19T12:18:56Z" user="Pjkjnjq" uid="619011" lat="50.4176731" lon="80.2550370"/>
 <node id="1722801272" visible="true" version="2" changeset="170778191" timestamp="2025-08-21T12:50:15Z" user="PolondDesert" uid="22220225" lat="50.4160884" lon="80.2575001"/>
 <node id="1722801273" visible="true" version="1" changeset="11353227" timestamp="2012-04-19T12:18:56Z" user="Pjkjnjq" uid="619011" lat="50.4158364" lon="80.2614189"/>
 <node id="1722801281" visible="true" version="1" changeset="11353227" timestamp="2012-04-19T12:18:56Z" user="Pjkjnjq" uid="619011" lat="50.4171797" lon="80.2594770"/>
 <node id="1722801285" visible="true" version="1" changeset="11353227" timestamp="2012-04-19T12:18:57Z" user="Pjkjnjq" uid="619011" lat="50.4159765" lon="80.2608985"/>
 <node id="1722801307" visible="true" version="1" changeset="11353227" timestamp="2012-04-19T12:18:57Z" user="Pjkjnjq" uid="619011" lat="50.4163252" lon="80.2607805"/>
 <node id="1722801311" visible="true" version="1" changeset="11353227" timestamp="2012-04-19T12:18:57Z" user="Pjkjnjq" uid="619011" lat="50.4172344" lon="80.2594126"/>
 <node id="1722801316" visible="true" version="1" changeset="11353227" timestamp="2012-04-19T12:18:57Z" user="Pjkjnjq" uid="619011" lat="50.4157851" lon="80.2614189"/>
 <node id="1722801325" visible="true" version="1" changeset="11353227" timestamp="2012-04-19T12:18:58Z" user="Pjkjnjq" uid="619011" lat="50.4154604" lon="80.2619070"/>
 <node id="1722801329" visible="true" version="1" changeset="11353227" timestamp="2012-04-19T12:18:58Z" user="Pjkjnjq" uid="619011" lat="50.4161338" lon="80.2605445"/>
 <node id="1722801335" visible="true" version="1" changeset="11353227" timestamp="2012-04-19T12:18:58Z" user="Pjkjnjq" uid="619011" lat="50.4176036" lon="80.2588493"/>
 <node id="1722801337" visible="true" version="1" changeset="11353227" timestamp="2012-04-19T12:18:58Z" user="Pjkjnjq" uid="619011" lat="50.4177198" lon="80.2549655"/>
 <node id="1722802918" visible="true" version="1" changeset="11353227" timestamp="2012-04-19T12:25:20Z" user="Pjkjnjq" uid="619011" lat="50.4150006" lon="80.2586669"/>
 <node id="1722802931" visible="true" version="1" changeset="11353227" timestamp="2012-04-19T12:25:20Z" user="Pjkjnjq" uid="619011" lat="50.4159116" lon="80.2572534"/>
 <node id="1722802934" visible="true" version="1" changeset="11353227" timestamp="2012-04-19T12:25:20Z" user="Pjkjnjq" uid="619011" lat="50.4197764" lon="80.2518740"/>
 <node id="1722802937" visible="true" version="2" changeset="118716193" timestamp="2022-03-21T03:03:23Z" user="Kuritsyn Roman" uid="3318452" lat="50.4159968" lon="80.2573861"/>
 <node id="1722802943" visible="true" version="2" changeset="170778191" timestamp="2025-08-21T12:50:15Z" user="PolondDesert" uid="22220225" lat="50.4151037" lon="80.2590499"/>
 <node id="1722802945" visible="true" version="1" changeset="11353227" timestamp="2012-04-19T12:25:20Z" user="Pjkjnjq" uid="619011" lat="50.4158774" lon="80.2573044"/>
 <node id="1748393800" visible="true" version="3" changeset="181123454" timestamp="2026-04-10T02:40:04Z" user="Ruslan Fatih" uid="12875574" lat="50.4139665" lon="80.2565602">
  <tag k="shop" v="clothes"/>
 </node>
 <node id="1748395233" visible="true" version="2" changeset="14092186" timestamp="2012-11-29T23:02:59Z" user="Ineibet" uid="1088489" lat="50.4176992" lon="80.2541784">
  <tag k="name" v="Collin's"/>
  <tag k="shop" v="clothes"/>
 </node>
 <node id="1749386234" visible="true" version="2" changeset="14092186" timestamp="2012-11-29T23:00:40Z" user="Ineibet" uid="1088489" lat="50.4161693" lon="80.2543444">
  <tag k="name" v="ТД &quot;Комфорт&quot;"/>
  <tag k="shop" v="supermarket"/>
 </node>
 <node id="1749386808" visible="true" version="2" changeset="40729090" timestamp="2016-07-14T06:15:00Z" user="Ринат Байжумин" uid="4244302" lat="50.4154275" lon="80.2586574">
  <tag k="historic" v="memorial"/>
  <tag k="name" v="Әміре Қашаубаев ескерткіші"/>
 </node>
 <node id="1752277049" visible="true" version="2" changeset="181123454" timestamp="2026-04-10T02:40:04Z" user="Ruslan Fatih" uid="12875574" lat="50.4177359" lon="80.2565734">
  <tag k="shop" v="convenience"/>
 </node>
 <node id="1753561816" visible="true" version="2" changeset="14092186" timestamp="2012-11-29T23:00:40Z" user="Ineibet" uid="1088489" lat="50.4151502" lon="80.2528130">
  <tag k="name" v="ТД &quot;Aladdin&quot;"/>
  <tag k="shop" v="toys"/>
 </node>
 <node id="1757008446" visible="true" version="15" changeset="140158896" timestamp="2023-08-21T02:42:16Z" user="NorthCrab" uid="15215305" lat="50.4147827" lon="80.2532138">
  <tag k="name" v="Драйв"/>
  <tag k="name:ru" v="Драйв"/>
  <tag k="shop" v="clothes"/>
 </node>
 <node id="1757019588" visible="true" version="1" changeset="11630908" timestamp="2012-05-18T09:28:46Z" user="Aleksandraker" uid="679357" lat="50.4136478" lon="80.2520980">
  <tag k="shop" v="clothes"/>
 </node>
 <node id="1757019842" visible="true" version="1" changeset="11630908" timestamp="2012-05-18T09:29:18Z" user="Aleksandraker" uid="679357" lat="50.4136819" lon="80.2534606">
  <tag k="amenity" v="pharmacy"/>
 </node>
 <node id="1760555780" visible="true" version="3" changeset="41413260" timestamp="2016-08-12T15:59:36Z" user="acsd" uid="345493" lat="50.4137082" lon="80.2544827">
  <tag k="military" v="office"/>
  <tag k="name" v="Военкомат"/>
  <tag k="office" v="government"/>
 </node>
 <node id="1760555800" visible="true" version="2" changeset="181123454" timestamp="2026-04-10T02:40:04Z" user="Ruslan Fatih" uid="12875574" lat="50.4139475" lon="80.2533133">
  <tag k="shop" v="hifi"/>
 </node>
 <node id="1760555905" visible="true" version="3" changeset="181123454" timestamp="2026-04-10T02:40:04Z" user="Ruslan Fatih" uid="12875574" lat="50.4157182" lon="80.2548475">
  <tag k="name:kk" v="ТД NewTon"/>
  <tag k="shop" v="hifi"/>
 </node>
 <node id="1784384531" visible="true" version="4" changeset="118864834" timestamp="2022-03-24T13:16:52Z" user="Kuritsyn Roman" uid="3318452" lat="50.4177548" lon="80.2572600">
  <tag k="addr:housenumber" v="81А"/>
  <tag k="addr:street" v="проспект Шакарима"/>
  <tag k="name" v="ТЦ 12 месяцев"/>
  <tag k="shop" v="doityourself"/>
 </node>
 <node id="1786259202" visible="true" version="2" changeset="121079380" timestamp="2022-05-17T05:48:32Z" user="Dante Devil" uid="15454530" lat="50.4144630" lon="80.2526331"/>
 <node id="1786259204" visible="true" version="2" changeset="121079380" timestamp="2022-05-17T05:48:32Z" user="Dante Devil" uid="15454530" lat="50.4143529" lon="80.2527898"/>
 <node id="1786259205" visible="true" version="2" changeset="121079380" timestamp="2022-05-17T05:48:32Z" user="Dante Devil" uid="15454530" lat="50.4142187" lon="80.2525577"/>
 <node id="1786259206" visible="true" version="2" changeset="121079380" timestamp="2022-05-17T05:48:32Z" user="Dante Devil" uid="15454530" lat="50.4143288" lon="80.2524010"/>
 <node id="1786259207" visible="true" version="2" changeset="121079380" timestamp="2022-05-17T05:48:32Z" user="Dante Devil" uid="15454530" lat="50.4148615" lon="80.2572463"/>
 <node id="1786259208" visible="true" version="2" changeset="121079380" timestamp="2022-05-17T05:48:32Z" user="Dante Devil" uid="15454530" lat="50.4146644" lon="80.2575694"/>
 <node id="1786259209" visible="true" version="2" changeset="121079380" timestamp="2022-05-17T05:48:32Z" user="Dante Devil" uid="15454530" lat="50.4145528" lon="80.2574017"/>
 <node id="1786259210" visible="true" version="2" changeset="121079380" timestamp="2022-05-17T05:48:32Z" user="Dante Devil" uid="15454530" lat="50.4147498" lon="80.2570786"/>
 <node id="1786259211" visible="true" version="2" changeset="121079380" timestamp="2022-05-17T05:48:32Z" user="Dante Devil" uid="15454530" lat="50.4151970" lon="80.2564133"/>
 <node id="1786259212" visible="true" version="2" changeset="121079380" timestamp="2022-05-17T05:48:32Z" user="Dante Devil" uid="15454530" lat="50.4150330" lon="80.2566256"/>
 <node id="1786259213" visible="true" version="2" changeset="121079380" timestamp="2022-05-17T05:48:32Z" user="Dante Devil" uid="15454530" lat="50.4147194" lon="80.2560294"/>
 <node id="1786259214" visible="true" version="2" changeset="121079380" timestamp="2022-05-17T05:48:32Z" user="Dante Devil" uid="15454530" lat="50.4148834" lon="80.2558170"/>
 <node id="1799689658" visible="true" version="1" changeset="11991678" timestamp="2012-06-23T18:23:20Z" user="KartaFan" uid="182473" lat="50.4150572" lon="80.2584677"/>
 <node id="1799689659" visible="true" version="1" changeset="11991678" timestamp="2012-06-23T18:23:20Z" user="KartaFan" uid="182473" lat="50.4157913" lon="80.2573473"/>
 <node id="1799689661" visible="true" version="1" changeset="11991678" timestamp="2012-06-23T18:23:20Z" user="KartaFan" uid="182473" lat="50.4148541" lon="80.2558294"/>
 <node id="1799689663" visible="true" version="1" changeset="11991678" timestamp="2012-06-23T18:23:20Z" user="KartaFan" uid="182473" lat="50.4141137" lon="80.2569935"/>
 <node id="1918174280" visible="true" version="1" changeset="13138622" timestamp="2012-09-17T05:31:35Z" user="Bedouin" uid="52583" lat="50.4136014" lon="80.2509162"/>
 <node id="1920540713" visible="true" version="1" changeset="13159999" timestamp="2012-09-18T18:11:35Z" user="KartaFan" uid="182473" lat="50.4143180" lon="80.2544259"/>
 <node id="1920540717" visible="true" version="2" changeset="121079380" timestamp="2022-05-17T05:48:32Z" user="Dante Devil" uid="15454530" lat="50.4152964" lon="80.2555314"/>
 <node id="1920540726" visible="true" version="1" changeset="13159999" timestamp="2012-09-18T18:11:35Z" user="KartaFan" uid="182473" lat="50.4143614" lon="80.2546646"/>
 <node id="1920540729" visible="true" version="1" changeset="13159999" timestamp="2012-09-18T18:11:36Z" user="KartaFan" uid="182473" lat="50.4140129" lon="80.2570104"/>
 <node id="1920540732" visible="true" version="2" changeset="121079380" timestamp="2022-05-17T05:48:32Z" user="Dante Devil" uid="15454530" lat="50.4154055" lon="80.2553689"/>
 <node id="1920540735" visible="true" version="2" changeset="176018187" timestamp="2025-12-16T18:12:42Z" user="IslandCorfu" uid="23470745" lat="50.4129790" lon="80.2581509"/>
 <node id="1920540737" visible="true" version="2" changeset="138965136" timestamp="2023-07-25T02:28:26Z" user="WardDrain" uid="18953746" lat="50.4148456" lon="80.2556689"/>
 <node id="1920540743" visible="true" version="1" changeset="13159999" timestamp="2012-09-18T18:11:36Z" user="KartaFan" uid="182473" lat="50.4156005" lon="80.2563959">
  <tag k="amenity" v="school"/>
  <tag k="name" v="ДОСААФ"/>
 </node>
 <node id="1920540752" visible="true" version="1" changeset="13159999" timestamp="2012-09-18T18:11:37Z" user="KartaFan" uid="182473" lat="50.4138722" lon="80.2567834"/>
 <node id="1920540755" visible="true" version="1" changeset="13159999" timestamp="2012-09-18T18:11:37Z" user="KartaFan" uid="182473" lat="50.4133347" lon="80.2576082"/>
 <node id="1920540775" visible="true" version="1" changeset="13159999" timestamp="2012-09-18T18:11:37Z" user="KartaFan" uid="182473" lat="50.4134720" lon="80.2573926"/>
 <node id="1920540783" visible="true" version="2" changeset="121079380" timestamp="2022-05-17T05:48:32Z" user="Dante Devil" uid="15454530" lat="50.4153168" lon="80.2552223"/>
 <node id="1920540791" visible="true" version="1" changeset="13159999" timestamp="2012-09-18T18:11:37Z" user="KartaFan" uid="182473" lat="50.4144151" lon="80.2545828"/>
 <node id="1920540793" visible="true" version="1" changeset="13159999" timestamp="2012-09-18T18:11:38Z" user="KartaFan" uid="182473" lat="50.4142643" lon="80.2545078"/>
 <node id="1920540798" visible="true" version="2" changeset="121079380" timestamp="2022-05-17T05:48:32Z" user="Dante Devil" uid="15454530" lat="50.4152077" lon="80.2553848"/>
 <node id="2041087702" visible="true" version="1" changeset="14092186" timestamp="2012-11-29T22:32:39Z" user="Ineibet" uid="1088489" lat="50.4146400" lon="80.2574554">
  <tag k="name" v="ТД &quot;Izmir&quot;"/>
  <tag k="shop" v="convenience"/>
 </node>
 <node id="2041113752" visible="true" version="2" changeset="181123454" timestamp="2026-04-10T02:40:04Z" user="Ruslan Fatih" uid="12875574" lat="50.4143428" lon="80.2534157">
  <tag k="amenity" v="cafe"/>
  <tag k="name" v="Coffee Good Food"/>
 </node>
 <node id="2041125930" visible="true" version="1" changeset="14092186" timestamp="2012-11-29T23:00:40Z" user="Ineibet" uid="1088489" lat="50.4166124" lon="80.2552023">
  <tag k="name" v="Флер"/>
  <tag k="shop" v="clothes"/>
 </node>
 <node id="2041125931" visible="true" version="2" changeset="16969631" timestamp="2013-07-16T02:34:15Z" user="Fuse100A" uid="1496713" lat="50.4156007" lon="80.2536088">
  <tag k="amenity" v="bar"/>
  <tag k="name" v="Infinity"/>
 </node>
 <node id="2059420766" visible="true" version="2" changeset="121230929" timestamp="2022-05-20T08:44:02Z" user="Dante Devil" uid="15454530" lat="50.4176233" lon="80.2570885"/>
 <node id="2059420767" visible="true" version="1" changeset="14221787" timestamp="2012-12-10T05:05:52Z" user="vadimju" uid="570012" lat="50.4171572" lon="80.2549541"/>
 <node id="2059420769" visible="true" version="2" changeset="121230929" timestamp="2022-05-20T08:44:02Z" user="Dante Devil" uid="15454530" lat="50.4176972" lon="80.2569747"/>
 <node id="2059420774" visible="true" version="1" changeset="14221787" timestamp="2012-12-10T05:05:52Z" user="vadimju" uid="570012" lat="50.4173212" lon="80.2546622"/>
 <node id="2059420776" visible="true" version="1" changeset="14221787" timestamp="2012-12-10T05:05:52Z" user="vadimju" uid="570012" lat="50.4154897" lon="80.2531905"/>
 <node id="2059420778" visible="true" version="1" changeset="14221787" timestamp="2012-12-10T05:05:52Z" user="vadimju" uid="570012" lat="50.4153017" lon="80.2532280"/>
 <node id="2059420783" visible="true" version="3" changeset="121230929" timestamp="2022-05-20T08:44:02Z" user="Dante Devil" uid="15454530" lat="50.4185619" lon="80.2590482"/>
 <node id="2059420785" visible="true" version="1" changeset="14221787" timestamp="2012-12-10T05:05:52Z" user="vadimju" uid="570012" lat="50.4171987" lon="80.2548632"/>
 <node id="2059420786" visible="true" version="2" changeset="121230929" timestamp="2022-05-20T08:44:02Z" user="Dante Devil" uid="15454530" lat="50.4194062" lon="80.2577708"/>
 <node id="2059420789" visible="true" version="2" changeset="121230929" timestamp="2022-05-20T08:44:02Z" user="Dante Devil" uid="15454530" lat="50.4178962" lon="80.2572933"/>
 <node id="2059420792" visible="true" version="3" changeset="121250783" timestamp="2022-05-20T15:37:12Z" user="Dante Devil" uid="15454530" lat="50.4189912" lon="80.2589105"/>
 <node id="2059420797" visible="true" version="3" changeset="121250783" timestamp="2022-05-20T15:37:12Z" user="Dante Devil" uid="15454530" lat="50.4188877" lon="80.2587352"/>
 <node id="2059420802" visible="true" version="1" changeset="14221787" timestamp="2012-12-10T05:05:52Z" user="vadimju" uid="570012" lat="50.4171303" lon="80.2543601"/>
 <node id="2059420805" visible="true" version="3" changeset="135267247" timestamp="2023-04-23T15:40:20Z" user="_Creator_" uid="18695266" lat="50.4147070" lon="80.2518551"/>
 <node id="2059420808" visible="true" version="3" changeset="121250783" timestamp="2022-05-20T15:37:12Z" user="Dante Devil" uid="15454530" lat="50.4190115" lon="80.2585550"/>
 <node id="2059420814" visible="true" version="1" changeset="14221787" timestamp="2012-12-10T05:05:53Z" user="vadimju" uid="570012" lat="50.4153735" lon="80.2530000"/>
 <node id="2059420818" visible="true" version="4" changeset="135267247" timestamp="2023-04-23T15:40:20Z" user="_Creator_" uid="18695266" lat="50.4145783" lon="80.2520504"/>
 <node id="2059420820" visible="true" version="1" changeset="14221787" timestamp="2012-12-10T05:05:53Z" user="vadimju" uid="570012" lat="50.4153332" lon="80.2532919"/>
 <node id="2059420824" visible="true" version="1" changeset="14221787" timestamp="2012-12-10T05:05:53Z" user="vadimju" uid="570012" lat="50.4153991" lon="80.2533273"/>
 <node id="2059420826" visible="true" version="1" changeset="14221787" timestamp="2012-12-10T05:05:53Z" user="vadimju" uid="570012" lat="50.4152812" lon="80.2531234"/>
 <node id="2059420832" visible="true" version="2" changeset="121230929" timestamp="2022-05-20T08:44:02Z" user="Dante Devil" uid="15454530" lat="50.4178223" lon="80.2574071"/>
 <node id="2059420837" visible="true" version="1" changeset="14221787" timestamp="2012-12-10T05:05:53Z" user="vadimju" uid="570012" lat="50.4168774" lon="80.2547517"/>
 <node id="2059420838" visible="true" version="3" changeset="121250783" timestamp="2022-05-20T15:37:12Z" user="Dante Devil" uid="15454530" lat="50.4191151" lon="80.2587303"/>
 <node id="2059420841" visible="true" version="4" changeset="135267247" timestamp="2023-04-23T15:40:20Z" user="_Creator_" uid="18695266" lat="50.4148239" lon="80.2520449"/>
 <node id="2059420847" visible="true" version="1" changeset="14221787" timestamp="2012-12-10T05:05:53Z" user="vadimju" uid="570012" lat="50.4170799" lon="80.2550737"/>
 <node id="2059420848" visible="true" version="4" changeset="135267247" timestamp="2023-04-23T15:40:20Z" user="_Creator_" uid="18695266" lat="50.4146952" lon="80.2522402"/>
 <node id="2121537017" visible="true" version="1" changeset="14724640" timestamp="2013-01-20T18:49:55Z" user="donprogramist" uid="573282" lat="50.4157671" lon="80.2551691"/>
 <node id="2121537018" visible="true" version="1" changeset="14724640" timestamp="2013-01-20T18:49:55Z" user="donprogramist" uid="573282" lat="50.4158521" lon="80.2550279"/>
 <node id="2121537019" visible="true" version="1" changeset="14724640" timestamp="2013-01-20T18:49:55Z" user="donprogramist" uid="573282" lat="50.4158583" lon="80.2553041"/>
 <node id="2121537020" visible="true" version="1" changeset="14724640" timestamp="2013-01-20T18:49:55Z" user="donprogramist" uid="573282" lat="50.4159432" lon="80.2551630"/>
 <node id="2185817629" visible="true" version="1" changeset="15249604" timestamp="2013-03-04T18:26:00Z" user="KartaFan" uid="182473" lat="50.4176684" lon="80.2534105"/>
 <node id="2185817635" visible="true" version="1" changeset="15249604" timestamp="2013-03-04T18:26:00Z" user="KartaFan" uid="182473" lat="50.4172277" lon="80.2540860"/>
 <node id="2185817636" visible="true" version="1" changeset="15249604" timestamp="2013-03-04T18:26:00Z" user="KartaFan" uid="182473" lat="50.4166604" lon="80.2531743"/>
 <node id="2185817638" visible="true" version="1" changeset="15249604" timestamp="2013-03-04T18:26:00Z" user="KartaFan" uid="182473" lat="50.4171011" lon="80.2524988"/>
 <node id="2185822514" visible="true" version="1" changeset="15249604" timestamp="2013-03-04T18:30:55Z" user="KartaFan" uid="182473" lat="50.4192651" lon="80.2673310"/>
 <node id="2185822531" visible="true" version="1" changeset="15249604" timestamp="2013-03-04T18:30:55Z" user="KartaFan" uid="182473" lat="50.4205335" lon="80.2647587"/>
 <node id="2185822539" visible="true" version="1" changeset="15249604" timestamp="2013-03-04T18:30:55Z" user="KartaFan" uid="182473" lat="50.4189334" lon="80.2669555"/>
 <node id="3517403938" visible="true" version="2" changeset="131680975" timestamp="2023-01-25T07:08:31Z" user="rbondare" uid="17890392" lat="50.4188504" lon="80.2520226">
  <tag k="name" v="ТД &quot;Аркада&quot;"/>
  <tag k="shop" v="department_store"/>
 </node>
 <node id="3754623448" visible="true" version="6" changeset="181123454" timestamp="2026-04-10T02:40:04Z" user="Ruslan Fatih" uid="12875574" lat="50.4143650" lon="80.2527226">
  <tag k="addr:city" v="Семей"/>
  <tag k="addr:city:en" v="Semey"/>
  <tag k="addr:country" v="KZ"/>
  <tag k="addr:housenumber" v="42А"/>
  <tag k="addr:postcode" v="071400"/>
  <tag k="addr:street" v="проспект Шакарима"/>
  <tag k="amenity" v="cafe"/>
  <tag k="cuisine" v="regional"/>
  <tag k="internet_access" v="wlan"/>
  <tag k="name" v="Blackberry cafe"/>
  <tag k="opening_hours" v="08:00-24:00"/>
  <tag k="smoking" v="isolated"/>
 </node>
 <node id="4229476988" visible="true" version="3" changeset="81105484" timestamp="2020-02-17T09:37:53Z" user="Vik4314" uid="10448806" lat="50.4146341" lon="80.2529844">
  <tag k="addr:street" v="проспект Шакарима"/>
  <tag k="amenity" v="cafe"/>
 </node>
 <node id="4256158116" visible="true" version="2" changeset="121184484" timestamp="2022-05-19T09:16:29Z" user="Dante Devil" uid="15454530" lat="50.4140822" lon="80.2606024"/>
 <node id="4256158118" visible="true" version="2" changeset="121184484" timestamp="2022-05-19T09:16:29Z" user="Dante Devil" uid="15454530" lat="50.4141656" lon="80.2607403"/>
 <node id="4256158121" visible="true" version="2" changeset="121184484" timestamp="2022-05-19T09:16:29Z" user="Dante Devil" uid="15454530" lat="50.4142305" lon="80.2603817"/>
 <node id="4256158127" visible="true" version="2" changeset="121184484" timestamp="2022-05-19T09:16:29Z" user="Dante Devil" uid="15454530" lat="50.4144356" lon="80.2607209"/>
 <node id="4256158144" visible="true" version="1" changeset="40178469" timestamp="2016-06-21T11:20:23Z" user="Black_Corsair" uid="4035031" lat="50.4154325" lon="80.2597736"/>
 <node id="4256158145" visible="true" version="1" changeset="40178469" timestamp="2016-06-21T11:20:23Z" user="Black_Corsair" uid="4035031" lat="50.4155128" lon="80.2596583"/>
 <node id="4256158146" visible="true" version="1" changeset="40178469" timestamp="2016-06-21T11:20:23Z" user="Black_Corsair" uid="4035031" lat="50.4155822" lon="80.2600303"/>
 <node id="4256158147" visible="true" version="1" changeset="40178469" timestamp="2016-06-21T11:20:23Z" user="Black_Corsair" uid="4035031" lat="50.4156625" lon="80.2599150"/>
 <node id="4256158148" visible="true" version="2" changeset="121184484" timestamp="2022-05-19T09:16:29Z" user="Dante Devil" uid="15454530" lat="50.4157366" lon="80.2602465"/>
 <node id="4256158149" visible="true" version="2" changeset="121184484" timestamp="2022-05-19T09:16:29Z" user="Dante Devil" uid="15454530" lat="50.4158011" lon="80.2601463"/>
 <node id="4256158150" visible="true" version="2" changeset="121184484" timestamp="2022-05-19T09:16:29Z" user="Dante Devil" uid="15454530" lat="50.4159269" lon="80.2606441"/>
 <node id="4256158151" visible="true" version="2" changeset="121184484" timestamp="2022-05-19T09:16:29Z" user="Dante Devil" uid="15454530" lat="50.4160219" lon="80.2604965"/>
 <node id="4256158155" visible="true" version="2" changeset="121184484" timestamp="2022-05-19T09:16:29Z" user="Dante Devil" uid="15454530" lat="50.4163538" lon="80.2571252"/>
 <node id="4256158157" visible="true" version="2" changeset="121184484" timestamp="2022-05-19T09:16:29Z" user="Dante Devil" uid="15454530" lat="50.4164704" lon="80.2573172"/>
 <node id="4256158158" visible="true" version="2" changeset="121184484" timestamp="2022-05-19T09:16:29Z" user="Dante Devil" uid="15454530" lat="50.4164792" lon="80.2569377"/>
 <node id="4256158159" visible="true" version="2" changeset="121184484" timestamp="2022-05-19T09:16:29Z" user="Dante Devil" uid="15454530" lat="50.4165688" lon="80.2570851"/>
 <node id="4256158160" visible="true" version="2" changeset="121184484" timestamp="2022-05-19T09:16:29Z" user="Dante Devil" uid="15454530" lat="50.4165596" lon="80.2568244"/>
 <node id="4256158165" visible="true" version="2" changeset="121184484" timestamp="2022-05-19T09:16:29Z" user="Dante Devil" uid="15454530" lat="50.4166392" lon="80.2567082"/>
 <node id="4256158170" visible="true" version="2" changeset="121184484" timestamp="2022-05-19T09:16:29Z" user="Dante Devil" uid="15454530" lat="50.4167189" lon="80.2568427"/>
 <node id="4256158188" visible="true" version="2" changeset="121184484" timestamp="2022-05-19T09:16:29Z" user="Dante Devil" uid="15454530" lat="50.4169709" lon="80.2604673"/>
 <node id="4256158292" visible="true" version="2" changeset="121184484" timestamp="2022-05-19T09:16:29Z" user="Dante Devil" uid="15454530" lat="50.4170364" lon="80.2603718"/>
 <node id="4256158293" visible="true" version="2" changeset="121184484" timestamp="2022-05-19T09:16:29Z" user="Dante Devil" uid="15454530" lat="50.4170320" lon="80.2605706"/>
 <node id="4256158296" visible="true" version="2" changeset="121184484" timestamp="2022-05-19T09:16:29Z" user="Dante Devil" uid="15454530" lat="50.4170975" lon="80.2604751"/>
 <node id="4256158298" visible="true" version="1" changeset="40178469" timestamp="2016-06-21T11:20:24Z" user="Black_Corsair" uid="4035031" lat="50.4171322" lon="80.2602242"/>
 <node id="4256158302" visible="true" version="1" changeset="40178469" timestamp="2016-06-21T11:20:24Z" user="Black_Corsair" uid="4035031" lat="50.4171903" lon="80.2603235"/>
 <node id="4256158305" visible="true" version="1" changeset="40178469" timestamp="2016-06-21T11:20:24Z" user="Black_Corsair" uid="4035031" lat="50.4172192" lon="80.2600988"/>
 <node id="4256158306" visible="true" version="1" changeset="40178469" timestamp="2016-06-21T11:20:24Z" user="Black_Corsair" uid="4035031" lat="50.4172399" lon="80.2600472"/>
 <node id="4256158309" visible="true" version="1" changeset="40178469" timestamp="2016-06-21T11:20:24Z" user="Black_Corsair" uid="4035031" lat="50.4172773" lon="80.2601980"/>
 <node id="4256158311" visible="true" version="1" changeset="40178469" timestamp="2016-06-21T11:20:24Z" user="Black_Corsair" uid="4035031" lat="50.4173048" lon="80.2601572"/>
 <node id="4256158314" visible="true" version="1" changeset="40178469" timestamp="2016-06-21T11:20:24Z" user="Black_Corsair" uid="4035031" lat="50.4173378" lon="80.2599048"/>
 <node id="4256158319" visible="true" version="1" changeset="40178469" timestamp="2016-06-21T11:20:24Z" user="Black_Corsair" uid="4035031" lat="50.4174028" lon="80.2600148"/>
 <node id="4256158323" visible="true" version="2" changeset="121184484" timestamp="2022-05-19T09:16:29Z" user="Dante Devil" uid="15454530" lat="50.4174534" lon="80.2602618"/>
 <node id="4256158328" visible="true" version="2" changeset="121184484" timestamp="2022-05-19T09:16:29Z" user="Dante Devil" uid="15454530" lat="50.4175083" lon="80.2603541"/>
 <node id="4256158329" visible="true" version="2" changeset="121184484" timestamp="2022-05-19T09:16:29Z" user="Dante Devil" uid="15454530" lat="50.4175169" lon="80.2601688"/>
 <node id="4256158330" visible="true" version="2" changeset="121184484" timestamp="2022-05-19T09:16:29Z" user="Dante Devil" uid="15454530" lat="50.4175474" lon="80.2604460"/>
 <node id="4256158332" visible="true" version="2" changeset="121184484" timestamp="2022-05-19T09:16:29Z" user="Dante Devil" uid="15454530" lat="50.4176127" lon="80.2605476"/>
 <node id="4256158333" visible="true" version="2" changeset="121184484" timestamp="2022-05-19T09:16:29Z" user="Dante Devil" uid="15454530" lat="50.4175718" lon="80.2602611"/>
 <node id="4256158336" visible="true" version="2" changeset="121184484" timestamp="2022-05-19T09:16:29Z" user="Dante Devil" uid="15454530" lat="50.4176233" lon="80.2603260"/>
 <node id="4256158337" visible="true" version="2" changeset="121184484" timestamp="2022-05-19T09:16:29Z" user="Dante Devil" uid="15454530" lat="50.4176886" lon="80.2604276"/>
 <node id="4256158344" visible="true" version="2" changeset="121184484" timestamp="2022-05-19T09:16:29Z" user="Dante Devil" uid="15454530" lat="50.4181603" lon="80.2592720"/>
 <node id="4256158345" visible="true" version="2" changeset="121043156" timestamp="2022-05-16T09:41:09Z" user="Dante Devil" uid="15454530" lat="50.4183294" lon="80.2583923"/>
 <node id="4256158346" visible="true" version="2" changeset="121184484" timestamp="2022-05-19T09:16:29Z" user="Dante Devil" uid="15454530" lat="50.4182605" lon="80.2594523"/>
 <node id="4256158347" visible="true" version="2" changeset="121184484" timestamp="2022-05-19T09:16:29Z" user="Dante Devil" uid="15454530" lat="50.4183924" lon="80.2589542"/>
 <node id="4256158348" visible="true" version="2" changeset="121043156" timestamp="2022-05-16T09:41:09Z" user="Dante Devil" uid="15454530" lat="50.4184144" lon="80.2585349"/>
 <node id="4256158349" visible="true" version="2" changeset="121184484" timestamp="2022-05-19T09:16:29Z" user="Dante Devil" uid="15454530" lat="50.4184927" lon="80.2591345"/>
 <node id="4256158350" visible="true" version="2" changeset="121043156" timestamp="2022-05-16T09:41:09Z" user="Dante Devil" uid="15454530" lat="50.4184627" lon="80.2581965"/>
 <node id="4256158351" visible="true" version="2" changeset="121184484" timestamp="2022-05-19T09:16:29Z" user="Dante Devil" uid="15454530" lat="50.4185211" lon="80.2593905"/>
 <node id="4256158352" visible="true" version="2" changeset="121043156" timestamp="2022-05-16T09:41:09Z" user="Dante Devil" uid="15454530" lat="50.4185478" lon="80.2583391"/>
 <node id="4256158353" visible="true" version="2" changeset="121043156" timestamp="2022-05-16T09:41:09Z" user="Dante Devil" uid="15454530" lat="50.4185643" lon="80.2587782"/>
 <node id="4256158354" visible="true" version="2" changeset="121184484" timestamp="2022-05-19T09:16:29Z" user="Dante Devil" uid="15454530" lat="50.4185758" lon="80.2594913"/>
 <node id="4256158355" visible="true" version="2" changeset="121184484" timestamp="2022-05-19T09:16:29Z" user="Dante Devil" uid="15454530" lat="50.4185958" lon="80.2592907"/>
 <node id="4256158356" visible="true" version="2" changeset="121043156" timestamp="2022-05-16T09:41:09Z" user="Dante Devil" uid="15454530" lat="50.4186293" lon="80.2586803"/>
 <node id="4256158357" visible="true" version="2" changeset="121184484" timestamp="2022-05-19T09:16:29Z" user="Dante Devil" uid="15454530" lat="50.4186849" lon="80.2598404"/>
 <node id="4256158358" visible="true" version="2" changeset="121043156" timestamp="2022-05-16T09:41:09Z" user="Dante Devil" uid="15454530" lat="50.4186180" lon="80.2588658"/>
 <node id="4256158359" visible="true" version="2" changeset="121184484" timestamp="2022-05-19T09:16:29Z" user="Dante Devil" uid="15454530" lat="50.4186505" lon="80.2593914"/>
 <node id="4256158360" visible="true" version="2" changeset="121184484" timestamp="2022-05-19T09:16:29Z" user="Dante Devil" uid="15454530" lat="50.4187464" lon="80.2599425"/>
 <node id="4256158361" visible="true" version="2" changeset="121184484" timestamp="2022-05-19T09:16:29Z" user="Dante Devil" uid="15454530" lat="50.4187490" lon="80.2597454"/>
 <node id="4256158363" visible="true" version="2" changeset="121043156" timestamp="2022-05-16T09:41:09Z" user="Dante Devil" uid="15454530" lat="50.4186829" lon="80.2587679"/>
 <node id="4256158364" visible="true" version="3" changeset="121230929" timestamp="2022-05-20T08:44:02Z" user="Dante Devil" uid="15454530" lat="50.4187614" lon="80.2584876"/>
 <node id="4256158365" visible="true" version="2" changeset="121184484" timestamp="2022-05-19T09:16:29Z" user="Dante Devil" uid="15454530" lat="50.4188104" lon="80.2598476"/>
 <node id="4256158366" visible="true" version="3" changeset="121230929" timestamp="2022-05-20T08:44:02Z" user="Dante Devil" uid="15454530" lat="50.4188157" lon="80.2585810"/>
 <node id="4256158369" visible="true" version="2" changeset="121230929" timestamp="2022-05-20T08:44:02Z" user="Dante Devil" uid="15454530" lat="50.4188382" lon="80.2583547"/>
 <node id="4256158370" visible="true" version="2" changeset="121043156" timestamp="2022-05-16T09:41:09Z" user="Dante Devil" uid="15454530" lat="50.4188233" lon="80.2583990"/>
 <node id="4256158371" visible="true" version="3" changeset="121230929" timestamp="2022-05-20T08:44:02Z" user="Dante Devil" uid="15454530" lat="50.4188776" lon="80.2584923"/>
 <node id="4256158372" visible="true" version="2" changeset="121230929" timestamp="2022-05-20T08:44:02Z" user="Dante Devil" uid="15454530" lat="50.4189095" lon="80.2582578"/>
 <node id="4256158374" visible="true" version="2" changeset="121230929" timestamp="2022-05-20T08:44:02Z" user="Dante Devil" uid="15454530" lat="50.4188964" lon="80.2584601"/>
 <node id="4256158376" visible="true" version="2" changeset="121230929" timestamp="2022-05-20T08:44:02Z" user="Dante Devil" uid="15454530" lat="50.4189677" lon="80.2583632"/>
 <node id="4274558050" visible="true" version="2" changeset="121079380" timestamp="2022-05-17T05:48:32Z" user="Dante Devil" uid="15454530" lat="50.4131359" lon="80.2526544"/>
 <node id="4274558054" visible="true" version="2" changeset="121079380" timestamp="2022-05-17T05:48:32Z" user="Dante Devil" uid="15454530" lat="50.4130905" lon="80.2525774"/>
 <node id="4274558056" visible="true" version="2" changeset="121079380" timestamp="2022-05-17T05:48:32Z" user="Dante Devil" uid="15454530" lat="50.4135535" lon="80.2522615"/>
 <node id="4274558058" visible="true" version="2" changeset="121079380" timestamp="2022-05-17T05:48:32Z" user="Dante Devil" uid="15454530" lat="50.4134398" lon="80.2520691"/>
 <node id="4274558256" visible="true" version="2" changeset="121079380" timestamp="2022-05-17T05:48:32Z" user="Dante Devil" uid="15454530" lat="50.4146717" lon="80.2531891"/>
 <node id="4274558261" visible="true" version="1" changeset="40404697" timestamp="2016-06-30T22:23:04Z" user="Black_Corsair" uid="4035031" lat="50.4147195" lon="80.2530524"/>
 <node id="4274558263" visible="true" version="2" changeset="121079380" timestamp="2022-05-17T05:48:32Z" user="Dante Devil" uid="15454530" lat="50.4147486" lon="80.2530792"/>
 <node id="4274558268" visible="true" version="2" changeset="121079380" timestamp="2022-05-17T05:48:32Z" user="Dante Devil" uid="15454530" lat="50.4147915" lon="80.2535664"/>
 <node id="4274558270" visible="true" version="2" changeset="121079380" timestamp="2022-05-17T05:48:32Z" user="Dante Devil" uid="15454530" lat="50.4149226" lon="80.2533789"/>
 <node id="4274558275" visible="true" version="2" changeset="121079380" timestamp="2022-05-17T05:48:32Z" user="Dante Devil" uid="15454530" lat="50.4153607" lon="80.2555282"/>
 <node id="4274558276" visible="true" version="2" changeset="121079380" timestamp="2022-05-17T05:48:32Z" user="Dante Devil" uid="15454530" lat="50.4154465" lon="80.2554135"/>
 <node id="4274558277" visible="true" version="1" changeset="40404697" timestamp="2016-06-30T22:23:05Z" user="Black_Corsair" uid="4035031" lat="50.4154880" lon="80.2547188"/>
 <node id="4274558278" visible="true" version="2" changeset="121079380" timestamp="2022-05-17T05:48:32Z" user="Dante Devil" uid="15454530" lat="50.4155584" lon="80.2558923"/>
 <node id="4274558280" visible="true" version="1" changeset="40404697" timestamp="2016-06-30T22:23:05Z" user="Black_Corsair" uid="4035031" lat="50.4155673" lon="80.2545973"/>
 <node id="4274558281" visible="true" version="2" changeset="121079380" timestamp="2022-05-17T05:48:32Z" user="Dante Devil" uid="15454530" lat="50.4156442" lon="80.2557775"/>
 <node id="4274558283" visible="true" version="1" changeset="40404697" timestamp="2016-06-30T22:23:05Z" user="Black_Corsair" uid="4035031" lat="50.4156203" lon="80.2549312"/>
 <node id="4274558284" visible="true" version="1" changeset="40404697" timestamp="2016-06-30T22:23:05Z" user="Black_Corsair" uid="4035031" lat="50.4156995" lon="80.2548098"/>
 <node id="4274558430" visible="true" version="2" changeset="121043156" timestamp="2022-05-16T09:41:09Z" user="Dante Devil" uid="15454530" lat="50.4172405" lon="80.2540367"/>
 <node id="4274558434" visible="true" version="2" changeset="121043156" timestamp="2022-05-16T09:41:09Z" user="Dante Devil" uid="15454530" lat="50.4173277" lon="80.2539182"/>
 <node id="4274558437" visible="true" version="2" changeset="121043156" timestamp="2022-05-16T09:41:09Z" user="Dante Devil" uid="15454530" lat="50.4173273" lon="80.2541940"/>
 <node id="4274558441" visible="true" version="2" changeset="121043156" timestamp="2022-05-16T09:41:09Z" user="Dante Devil" uid="15454530" lat="50.4174145" lon="80.2540755"/>
 <node id="4274558710" visible="true" version="2" changeset="121043156" timestamp="2022-05-16T09:41:09Z" user="Dante Devil" uid="15454530" lat="50.4185491" lon="80.2516610"/>
 <node id="4274558715" visible="true" version="2" changeset="121043156" timestamp="2022-05-16T09:41:09Z" user="Dante Devil" uid="15454530" lat="50.4186446" lon="80.2515103"/>
 <node id="4274558724" visible="true" version="2" changeset="121043156" timestamp="2022-05-16T09:41:09Z" user="Dante Devil" uid="15454530" lat="50.4189962" lon="80.2523582"/>
 <node id="4274558727" visible="true" version="2" changeset="121043156" timestamp="2022-05-16T09:41:09Z" user="Dante Devil" uid="15454530" lat="50.4190917" lon="80.2522074"/>
 <node id="4335709747" visible="true" version="1" changeset="41244543" timestamp="2016-08-04T18:28:53Z" user="adilkhan ospanov" uid="4363016" lat="50.4168711" lon="80.2554760">
  <tag k="amenity" v="school"/>
  <tag k="name" v="Достық ББО"/>
 </node>
 <node id="4360268334" visible="true" version="4" changeset="181123454" timestamp="2026-04-10T02:40:04Z" user="Ruslan Fatih" uid="12875574" lat="50.4150437" lon="80.2581140">
  <tag k="addr:city" v="Семей"/>
  <tag k="addr:city:en" v="Semey"/>
  <tag k="addr:country" v="KZ"/>
  <tag k="addr:housenumber" v="21"/>
  <tag k="addr:street" v="улица Кабанбай Батыра"/>
  <tag k="amenity" v="restaurant"/>
  <tag k="name" v="RIBEYE ART and GRILL"/>
 </node>
 <node id="4380798390" visible="true" version="2" changeset="54251837" timestamp="2017-12-01T23:16:08Z" user="iWowik" uid="481934" lat="50.4138226" lon="80.2599124">
  <tag k="name" v="Общежитие #1"/>
  <tag k="tourism" v="hotel"/>
 </node>
 <node id="4395750389" visible="true" version="7" changeset="140158896" timestamp="2023-08-21T02:42:16Z" user="NorthCrab" uid="15215305" lat="50.4167656" lon="80.2556169">
  <tag k="amenity" v="bar"/>
  <tag k="name" v="Opium"/>
  <tag k="name:kk" v="Opium"/>
  <tag k="name:ru" v="Opium"/>
 </node>
 <node id="4484149170" visible="true" version="2" changeset="138965136" timestamp="2023-07-25T02:28:26Z" user="WardDrain" uid="18953746" lat="50.4158792" lon="80.2572995">
  <tag k="highway" v="crossing"/>
 </node>
 <node id="4569898192" visible="true" version="2" changeset="54251837" timestamp="2017-12-01T23:16:20Z" user="iWowik" uid="481934" lat="50.4166038" lon="80.2538065">
  <tag k="name" v="СтройМарт"/>
  <tag k="shop" v="hardware"/>
 </node>
 <node id="4666481389" visible="true" version="2" changeset="54251837" timestamp="2017-12-01T23:16:24Z" user="iWowik" uid="481934" lat="50.4155251" lon="80.2557126">
  <tag k="name" v="Анель"/>
  <tag k="shop" v="convenience"/>
 </node>
 <node id="5077654402" visible="true" version="2" changeset="121079380" timestamp="2022-05-17T05:48:32Z" user="Dante Devil" uid="15454530" lat="50.4162981" lon="80.2562602"/>
 <node id="5077654403" visible="true" version="2" changeset="121079380" timestamp="2022-05-17T05:48:32Z" user="Dante Devil" uid="15454530" lat="50.4148110" lon="80.2579259"/>
 <node id="5077654404" visible="true" version="2" changeset="121079380" timestamp="2022-05-17T05:48:32Z" user="Dante Devil" uid="15454530" lat="50.4150298" lon="80.2582917"/>
 <node id="5077654405" visible="true" version="2" changeset="121079380" timestamp="2022-05-17T05:48:32Z" user="Dante Devil" uid="15454530" lat="50.4151915" lon="80.2580534"/>
 <node id="5077654406" visible="true" version="2" changeset="121079380" timestamp="2022-05-17T05:48:32Z" user="Dante Devil" uid="15454530" lat="50.4150842" lon="80.2578740"/>
 <node id="5077654407" visible="true" version="2" changeset="121079380" timestamp="2022-05-17T05:48:32Z" user="Dante Devil" uid="15454530" lat="50.4151248" lon="80.2578142"/>
 <node id="5077654408" visible="true" version="2" changeset="121079380" timestamp="2022-05-17T05:48:32Z" user="Dante Devil" uid="15454530" lat="50.4150133" lon="80.2576278"/>
 <node id="5077654409" visible="true" version="2" changeset="121079380" timestamp="2022-05-17T05:48:32Z" user="Dante Devil" uid="15454530" lat="50.4142563" lon="80.2569382"/>
 <node id="5077654410" visible="true" version="2" changeset="121079380" timestamp="2022-05-17T05:48:32Z" user="Dante Devil" uid="15454530" lat="50.4144823" lon="80.2573031"/>
 <node id="5077654411" visible="true" version="2" changeset="121079380" timestamp="2022-05-17T05:48:32Z" user="Dante Devil" uid="15454530" lat="50.4145817" lon="80.2571514"/>
 <node id="5077654412" visible="true" version="2" changeset="121079380" timestamp="2022-05-17T05:48:32Z" user="Dante Devil" uid="15454530" lat="50.4143558" lon="80.2567865"/>
 <node id="5217415024" visible="true" version="8" changeset="140162780" timestamp="2023-08-21T06:05:20Z" user="NorthCrab" uid="15215305" lat="50.4176665" lon="80.2565722">
  <tag k="name" v="Адал"/>
  <tag k="name:ru" v="Адал"/>
  <tag k="shop" v="supermarket"/>
 </node>
 <node id="5217415025" visible="true" version="8" changeset="140162780" timestamp="2023-08-21T06:05:20Z" user="NorthCrab" uid="15215305" lat="50.4177131" lon="80.2543262">
  <tag k="name" v="Юничел"/>
  <tag k="name:ru" v="Юничел"/>
  <tag k="shop" v="shoes"/>
 </node>
 <node id="5217433422" visible="true" version="9" changeset="140162780" timestamp="2023-08-21T06:05:20Z" user="NorthCrab" uid="15215305" lat="50.4167523" lon="80.2555934">
  <tag k="addr:street" v="проспект Шакарима"/>
  <tag k="name" v="БК &quot;Олимп&quot;"/>
  <tag k="name:ru" v="БК &quot;Олимп&quot;"/>
  <tag k="shop" v="bookmaker"/>
 </node>
 <node id="5217433423" visible="true" version="8" changeset="140162780" timestamp="2023-08-21T06:05:20Z" user="NorthCrab" uid="15215305" lat="50.4174838" lon="80.2523090">
  <tag k="amenity" v="community_centre"/>
  <tag k="name" v="ТРЦ &quot;Казына&quot;"/>
  <tag k="name:ru" v="ТРЦ &quot;Казына&quot;"/>
 </node>
 <node id="5217460321" visible="true" version="8" changeset="140162780" timestamp="2023-08-21T06:05:20Z" user="NorthCrab" uid="15215305" lat="50.4144604" lon="80.2531838">
  <tag k="amenity" v="driving_school"/>
  <tag k="name" v="Михалыч"/>
  <tag k="name:ru" v="Михалыч"/>
 </node>
 <node id="5472234021" visible="true" version="9" changeset="140162780" timestamp="2023-08-21T06:05:20Z" user="NorthCrab" uid="15215305" lat="50.4187719" lon="80.2541657">
  <tag k="internet_access" v="wlan"/>
  <tag k="name" v="Билайн"/>
  <tag k="name:en" v="Beeline"/>
  <tag k="name:ru" v="Билайн"/>
  <tag k="office" v="telecommunication"/>
  <tag k="website" v="https://www.beeline.kz/"/>
 </node>
 <node id="6200250189" visible="true" version="7" changeset="140162780" timestamp="2023-08-21T06:05:20Z" user="NorthCrab" uid="15215305" lat="50.4156026" lon="80.2547677">
  <tag k="addr:postcode" v="071400"/>
  <tag k="name:en" v="NewTon"/>
  <tag k="name:ru" v="ТД Ньютон"/>
  <tag k="opening_hours" v="Mo-Fr 09:00-17:30; Sa 09:00-14:00"/>
  <tag k="phone" v="+7722252421"/>
  <tag k="shop" v="car_parts"/>
 </node>
 <node id="6336987407" visible="true" version="2" changeset="121079380" timestamp="2022-05-17T05:48:32Z" user="Dante Devil" uid="15454530" lat="50.4152517" lon="80.2550316"/>
 <node id="6640017434" visible="true" version="1" changeset="72547943" timestamp="2019-07-23T09:44:03Z" user="Assel1590" uid="7736506" lat="50.4135436" lon="80.2590719"/>
 <node id="6766014875" visible="true" version="1" changeset="73996226" timestamp="2019-09-02T11:15:08Z" user="Assel1590" uid="7736506" lat="50.4143960" lon="80.2549095"/>
 <node id="6766014876" visible="true" version="1" changeset="73996226" timestamp="2019-09-02T11:15:08Z" user="Assel1590" uid="7736506" lat="50.4141689" lon="80.2553043"/>
 <node id="6766014877" visible="true" version="1" changeset="73996226" timestamp="2019-09-02T11:15:08Z" user="Assel1590" uid="7736506" lat="50.4139995" lon="80.2552101"/>
 <node id="6766014878" visible="true" version="2" changeset="127630620" timestamp="2022-10-16T18:03:20Z" user="rza31" uid="2137840" lat="50.4136971" lon="80.2554848"/>
 <node id="6766014879" visible="true" version="1" changeset="73996226" timestamp="2019-09-02T11:15:08Z" user="Assel1590" uid="7736506" lat="50.4134737" lon="80.2554040"/>
 <node id="6766015386" visible="true" version="1" changeset="73995791" timestamp="2019-09-02T11:01:34Z" user="Assel1590" uid="7736506" lat="50.4138871" lon="80.2486972"/>
 <node id="6792343594" visible="true" version="2" changeset="121079380" timestamp="2022-05-17T05:48:32Z" user="Dante Devil" uid="15454530" lat="50.4122461" lon="80.2515418"/>
 <node id="6879350672" visible="true" version="2" changeset="121079380" timestamp="2022-05-17T05:48:32Z" user="Dante Devil" uid="15454530" lat="50.4124537" lon="80.2518089"/>
 <node id="6879350677" visible="true" version="1" changeset="75682840" timestamp="2019-10-14T18:12:25Z" user="Roolet" uid="9202949" lat="50.4099800" lon="80.2505036"/>
 <node id="6959372392" visible="true" version="2" changeset="121079380" timestamp="2022-05-17T05:48:32Z" user="Dante Devil" uid="15454530" lat="50.4155218" lon="80.2574673"/>
 <node id="6959372393" visible="true" version="2" changeset="121079380" timestamp="2022-05-17T05:48:32Z" user="Dante Devil" uid="15454530" lat="50.4156984" lon="80.2571793"/>
 <node id="6959372394" visible="true" version="2" changeset="121079380" timestamp="2022-05-17T05:48:32Z" user="Dante Devil" uid="15454530" lat="50.4157999" lon="80.2573324"/>
 <node id="6959372395" visible="true" version="2" changeset="121079380" timestamp="2022-05-17T05:48:32Z" user="Dante Devil" uid="15454530" lat="50.4156233" lon="80.2576205"/>
 <node id="7241425505" visible="true" version="2" changeset="171611761" timestamp="2025-09-08T03:23:07Z" user="AbbasiaCanal" uid="22557379" lat="50.4102533" lon="80.2482767"/>
 <node id="7241425508" visible="true" version="1" changeset="81432040" timestamp="2020-02-25T03:44:48Z" user="Assel1590" uid="7736506" lat="50.4108188" lon="80.2491918"/>
 <node id="7459014033" visible="true" version="2" changeset="121043156" timestamp="2022-05-16T09:41:09Z" user="Dante Devil" uid="15454530" lat="50.4170434" lon="80.2520735"/>
 <node id="7459014034" visible="true" version="2" changeset="121043156" timestamp="2022-05-16T09:41:09Z" user="Dante Devil" uid="15454530" lat="50.4168964" lon="80.2518133"/>
 <node id="7459014035" visible="true" version="2" changeset="121043156" timestamp="2022-05-16T09:41:09Z" user="Dante Devil" uid="15454530" lat="50.4169612" lon="80.2517232"/>
 <node id="7459014036" visible="true" version="2" changeset="121043156" timestamp="2022-05-16T09:41:09Z" user="Dante Devil" uid="15454530" lat="50.4171082" lon="80.2519834"/>
 <node id="7605947065" visible="true" version="6" changeset="177613188" timestamp="2026-01-23T14:59:31Z" user="Evgeniya_rocketdata" uid="17513069" lat="50.4187013" lon="80.2543142">
  <tag k="brand" v="Tele2"/>
  <tag k="brand:wikidata" v="Q309865"/>
  <tag k="brand:wikipedia" v="en:Tele2"/>
  <tag k="contact:email" v="info@tele2.kz"/>
  <tag k="contact:facebook" v="https://www.facebook.com/Tele2KZ"/>
  <tag k="contact:phone" v="+7 700 800 0880;+7 707 000 0707;+7 727 355 0707"/>
  <tag k="contact:website" v="https://tele2.kz/new"/>
  <tag k="name" v="Tele2"/>
  <tag k="name:ru" v="Теле2"/>
  <tag k="office" v="telecommunication"/>
  <tag k="opening_hours" v="Mo-Fr 09:00-19:00; Sa-Su 09:00-18:00"/>
  <tag k="operator" v="ТОО “Мобайл Телеком - Сервис”"/>
 </node>
 <node id="7707216685" visible="true" version="1" changeset="87879443" timestamp="2020-07-12T14:17:13Z" user="D@mir" uid="11481457" lat="50.4185090" lon="80.2567627">
  <tag k="amenity" v="pharmacy"/>
 </node>
 <node id="7707216785" visible="true" version="7" changeset="140162780" timestamp="2023-08-21T06:05:20Z" user="NorthCrab" uid="15215305" lat="50.4180907" lon="80.2574146">
  <tag k="amenity" v="cafe"/>
  <tag k="name:ru" v="кафе Барс"/>
 </node>
 <node id="7707216786" visible="true" version="1" changeset="87879443" timestamp="2020-07-12T14:17:15Z" user="D@mir" uid="11481457" lat="50.4185930" lon="80.2566660">
  <tag k="amenity" v="pharmacy"/>
 </node>
 <node id="7707216787" visible="true" version="1" changeset="87879443" timestamp="2020-07-12T14:17:16Z" user="D@mir" uid="11481457" lat="50.4182835" lon="80.2570966">
  <tag k="amenity" v="pharmacy"/>
 </node>
 <node id="7887246415" visible="true" version="1" changeset="90588657" timestamp="2020-09-08T12:49:25Z" user="Asumarin" uid="9644791" lat="50.4182341" lon="80.2532031">
  <tag k="amenity" v="pharmacy"/>
  <tag k="contact:email" v="zabota@europharma.kz"/>
  <tag k="contact:instagram" v="https://www.instagram.com/europharma/"/>
  <tag k="contact:phone" v="+7 701 300 2807;3303"/>
  <tag k="contact:website" v="https://europharma.kz/"/>
  <tag k="name" v="Europharma"/>
  <tag k="opening_hours" v="24/7"/>
  <tag k="operator" v="AK NIET GROUP"/>
 </node>
 <node id="8621493895" visible="true" version="2" changeset="181123454" timestamp="2026-04-10T02:40:04Z" user="Ruslan Fatih" uid="12875574" lat="50.4186706" lon="80.2526464">
  <tag k="addr:city" v="Семей"/>
  <tag k="addr:city:en" v="Semey"/>
  <tag k="addr:country" v="KZ"/>
  <tag k="addr:housenumber" v="88"/>
  <tag k="addr:street" v="улица Засядко"/>
  <tag k="amenity" v="bank"/>
  <tag k="atm" v="yes"/>
  <tag k="contact:facebook" v="https://www.facebook.com/Kaspi.kz"/>
  <tag k="contact:instagram" v="https://www.instagram.com/kaspi.kz/"/>
  <tag k="contact:twitter" v="https://twitter.com/kaspi_kz"/>
  <tag k="contact:vk" v="https://vk.com/kaspikz"/>
  <tag k="name" v="Kaspi.kz"/>
  <tag k="opening_hours" v="Mo-Su 09:00-18:00"/>
  <tag k="phone" v="+7 727 2585965"/>
  <tag k="website" v="https://kaspi.kz"/>
 </node>
 <node id="8944235506" visible="true" version="1" changeset="108495420" timestamp="2021-07-23T13:05:28Z" user="kate_rocketdata" uid="12100948" lat="50.4166672" lon="80.2568221">
  <tag k="amenity" v="atm"/>
  <tag k="contact:phone" v="+7 717 258 7711"/>
  <tag k="opening_hours" v="24/7"/>
  <tag k="operator" v="Jusan Bank"/>
 </node>
 <node id="9047342859" visible="true" version="2" changeset="120168814" timestamp="2022-04-25T14:13:21Z" user="kate_rocketdata" uid="12100948" lat="50.4175252" lon="80.2523348">
  <tag k="amenity" v="atm"/>
  <tag k="contact:email" v="info@forte.bank"/>
  <tag k="contact:instagram" v="https://www.instagram.com/fortebankkz/"/>
  <tag k="contact:phone" v="+7 800 0800819;7575"/>
  <tag k="contact:website" v="https://forte.kz"/>
  <tag k="opening_hours" v="Mo-Su 09:00-23:00"/>
  <tag k="operator" v="Forte Bank"/>
 </node>
 <node id="9504445844" visible="true" version="2" changeset="138609175" timestamp="2023-07-17T08:11:19Z" user="Evgeniya_rocketdata" uid="17513069" lat="50.4174227" lon="80.2525869">
  <tag k="contact:email" v="care@small.kz"/>
  <tag k="contact:facebook" v="https://www.facebook.com/small.kz/"/>
  <tag k="contact:instagram" v="https://www.instagram.com/small.skif"/>
  <tag k="contact:phone" v="+7 800 0707170"/>
  <tag k="contact:vk" v="https://vk.com/small.skif"/>
  <tag k="contact:website" v="https://small.kz/"/>
  <tag k="contact:youtube" v="https://www.youtube.com/channel/UC4znsimYVezD13rG3h_Fxmg"/>
  <tag k="name" v="Small"/>
  <tag k="opening_hours" v="Mo-Su 09:00-23:00"/>
  <tag k="shop" v="supermarket"/>
 </node>
 <node id="9593209332" visible="true" version="1" changeset="118716193" timestamp="2022-03-21T03:03:23Z" user="Kuritsyn Roman" uid="3318452" lat="50.4163427" lon="80.2607504"/>
 <node id="9593209333" visible="true" version="3" changeset="170778191" timestamp="2025-08-21T12:50:15Z" user="PolondDesert" uid="22220225" lat="50.4160470" lon="80.2575767"/>
 <node id="9593209334" visible="true" version="1" changeset="118716193" timestamp="2022-03-21T03:03:23Z" user="Kuritsyn Roman" uid="3318452" lat="50.4172148" lon="80.2594357"/>
 <node id="9593209335" visible="true" version="1" changeset="118716193" timestamp="2022-03-21T03:03:23Z" user="Kuritsyn Roman" uid="3318452" lat="50.4149899" lon="80.2589048"/>
 <node id="9593209337" visible="true" version="2" changeset="170778191" timestamp="2025-08-21T12:50:15Z" user="PolondDesert" uid="22220225" lat="50.4152000" lon="80.2589179"/>
 <node id="9593209338" visible="true" version="1" changeset="118716193" timestamp="2022-03-21T03:03:23Z" user="Kuritsyn Roman" uid="3318452" lat="50.4150204" lon="80.2586361"/>
 <node id="9593209339" visible="true" version="1" changeset="118716193" timestamp="2022-03-21T03:03:23Z" user="Kuritsyn Roman" uid="3318452" lat="50.4176922" lon="80.2550078"/>
 <node id="9593209340" visible="true" version="1" changeset="118716193" timestamp="2022-03-21T03:03:23Z" user="Kuritsyn Roman" uid="3318452" lat="50.4168672" lon="80.2562695"/>
 <node id="9620519160" visible="true" version="1" changeset="119061421" timestamp="2022-03-29T10:11:42Z" user="LakatosVL" uid="8775772" lat="50.4161585" lon="80.2605743"/>
 <node id="9620519161" visible="true" version="1" changeset="119061421" timestamp="2022-03-29T10:11:42Z" user="LakatosVL" uid="8775772" lat="50.4159937" lon="80.2608202"/>
 <node id="9620519162" visible="true" version="1" changeset="119061421" timestamp="2022-03-29T10:11:42Z" user="LakatosVL" uid="8775772" lat="50.4177137" lon="80.2582544"/>
 <node id="9620519163" visible="true" version="2" changeset="121230929" timestamp="2022-05-20T08:44:02Z" user="Dante Devil" uid="15454530" lat="50.4193359" lon="80.2525545"/>
 <node id="9620519164" visible="true" version="2" changeset="121230929" timestamp="2022-05-20T08:44:02Z" user="Dante Devil" uid="15454530" lat="50.4186166" lon="80.2535690"/>
 <node id="9743149644" visible="true" version="2" changeset="121230929" timestamp="2022-05-20T08:44:02Z" user="Dante Devil" uid="15454530" lat="50.4189035" lon="80.2580610"/>
 <node id="9743149645" visible="true" version="2" changeset="121230929" timestamp="2022-05-20T08:44:02Z" user="Dante Devil" uid="15454530" lat="50.4189630" lon="80.2581613"/>
 <node id="9743149646" visible="true" version="2" changeset="121230929" timestamp="2022-05-20T08:44:02Z" user="Dante Devil" uid="15454530" lat="50.4190278" lon="80.2580666"/>
 <node id="9743149647" visible="true" version="2" changeset="121230929" timestamp="2022-05-20T08:44:02Z" user="Dante Devil" uid="15454530" lat="50.4189683" lon="80.2579663"/>
 <node id="9743149648" visible="true" version="1" changeset="121043156" timestamp="2022-05-16T09:41:09Z" user="Dante Devil" uid="15454530" lat="50.4182740" lon="80.2580843"/>
 <node id="9743149649" visible="true" version="1" changeset="121043156" timestamp="2022-05-16T09:41:09Z" user="Dante Devil" uid="15454530" lat="50.4183386" lon="80.2579862"/>
 <node id="9743149650" visible="true" version="1" changeset="121043156" timestamp="2022-05-16T09:41:09Z" user="Dante Devil" uid="15454530" lat="50.4173731" lon="80.2567659"/>
 <node id="9743149651" visible="true" version="1" changeset="121043156" timestamp="2022-05-16T09:41:09Z" user="Dante Devil" uid="15454530" lat="50.4173919" lon="80.2567953"/>
 <node id="9743149652" visible="true" version="2" changeset="121230929" timestamp="2022-05-20T08:44:02Z" user="Dante Devil" uid="15454530" lat="50.4174303" lon="80.2567348"/>
 <node id="9743149653" visible="true" version="2" changeset="121230929" timestamp="2022-05-20T08:44:02Z" user="Dante Devil" uid="15454530" lat="50.4174115" lon="80.2567054"/>
 <node id="9743149654" visible="true" version="1" changeset="121043156" timestamp="2022-05-16T09:41:09Z" user="Dante Devil" uid="15454530" lat="50.4173868" lon="80.2566051"/>
 <node id="9743149655" visible="true" version="1" changeset="121043156" timestamp="2022-05-16T09:41:09Z" user="Dante Devil" uid="15454530" lat="50.4174295" lon="80.2566719"/>
 <node id="9743149656" visible="true" version="1" changeset="121043156" timestamp="2022-05-16T09:41:09Z" user="Dante Devil" uid="15454530" lat="50.4174722" lon="80.2566045"/>
 <node id="9743149657" visible="true" version="1" changeset="121043156" timestamp="2022-05-16T09:41:09Z" user="Dante Devil" uid="15454530" lat="50.4174295" lon="80.2565378"/>
 <node id="9743149688" visible="true" version="1" changeset="121043156" timestamp="2022-05-16T09:41:09Z" user="Dante Devil" uid="15454530" lat="50.4181217" lon="80.2550972"/>
 <node id="9743149689" visible="true" version="1" changeset="121043156" timestamp="2022-05-16T09:41:09Z" user="Dante Devil" uid="15454530" lat="50.4187676" lon="80.2538308"/>
 <node id="9743149690" visible="true" version="1" changeset="121043156" timestamp="2022-05-16T09:41:09Z" user="Dante Devil" uid="15454530" lat="50.4180416" lon="80.2549717"/>
 <node id="9743149691" visible="true" version="1" changeset="121043156" timestamp="2022-05-16T09:41:09Z" user="Dante Devil" uid="15454530" lat="50.4181544" lon="80.2553346"/>
 <node id="9743149692" visible="true" version="1" changeset="121043156" timestamp="2022-05-16T09:41:09Z" user="Dante Devil" uid="15454530" lat="50.4182419" lon="80.2554807"/>
 <node id="9743149693" visible="true" version="1" changeset="121043156" timestamp="2022-05-16T09:41:09Z" user="Dante Devil" uid="15454530" lat="50.4182832" lon="80.2554197"/>
 <node id="9743149694" visible="true" version="1" changeset="121043156" timestamp="2022-05-16T09:41:09Z" user="Dante Devil" uid="15454530" lat="50.4183534" lon="80.2555369"/>
 <node id="9743149695" visible="true" version="2" changeset="121230929" timestamp="2022-05-20T08:44:02Z" user="Dante Devil" uid="15454530" lat="50.4182236" lon="80.2557285"/>
 <node id="9743149696" visible="true" version="1" changeset="121043156" timestamp="2022-05-16T09:41:09Z" user="Dante Devil" uid="15454530" lat="50.4157709" lon="80.2538542"/>
 <node id="9743149697" visible="true" version="1" changeset="121043156" timestamp="2022-05-16T09:41:09Z" user="Dante Devil" uid="15454530" lat="50.4156623" lon="80.2536732"/>
 <node id="9743149698" visible="true" version="1" changeset="121043156" timestamp="2022-05-16T09:41:09Z" user="Dante Devil" uid="15454530" lat="50.4157485" lon="80.2535458"/>
 <node id="9743149699" visible="true" version="1" changeset="121043156" timestamp="2022-05-16T09:41:09Z" user="Dante Devil" uid="15454530" lat="50.4158571" lon="80.2537268"/>
 <node id="9743149700" visible="true" version="2" changeset="149857223" timestamp="2024-04-11T10:14:33Z" user="abcdep11" uid="21104940" lat="50.4167761" lon="80.2546209"/>
 <node id="9743149701" visible="true" version="2" changeset="149857223" timestamp="2024-04-11T10:14:33Z" user="abcdep11" uid="21104940" lat="50.4162155" lon="80.2536768"/>
 <node id="9743149702" visible="true" version="2" changeset="149857223" timestamp="2024-04-11T10:14:33Z" user="abcdep11" uid="21104940" lat="50.4160309" lon="80.2536446"/>
 <node id="9743149703" visible="true" version="2" changeset="149857223" timestamp="2024-04-11T10:14:33Z" user="abcdep11" uid="21104940" lat="50.4160207" lon="80.2534836"/>
 <node id="9743149704" visible="true" version="1" changeset="121043156" timestamp="2022-05-16T09:41:09Z" user="Dante Devil" uid="15454530" lat="50.4165030" lon="80.2516302"/>
 <node id="9743149705" visible="true" version="1" changeset="121043156" timestamp="2022-05-16T09:41:09Z" user="Dante Devil" uid="15454530" lat="50.4165953" lon="80.2514932"/>
 <node id="9743149706" visible="true" version="1" changeset="121043156" timestamp="2022-05-16T09:41:09Z" user="Dante Devil" uid="15454530" lat="50.4164767" lon="80.2512965"/>
 <node id="9743149707" visible="true" version="1" changeset="121043156" timestamp="2022-05-16T09:41:09Z" user="Dante Devil" uid="15454530" lat="50.4164830" lon="80.2524480"/>
 <node id="9743149708" visible="true" version="1" changeset="121043156" timestamp="2022-05-16T09:41:09Z" user="Dante Devil" uid="15454530" lat="50.4165454" lon="80.2525516"/>
 <node id="9743149709" visible="true" version="1" changeset="121043156" timestamp="2022-05-16T09:41:09Z" user="Dante Devil" uid="15454530" lat="50.4164461" lon="80.2526990"/>
 <node id="9743149710" visible="true" version="1" changeset="121043156" timestamp="2022-05-16T09:41:09Z" user="Dante Devil" uid="15454530" lat="50.4160144" lon="80.2519828"/>
 <node id="9743149711" visible="true" version="1" changeset="121043156" timestamp="2022-05-16T09:41:09Z" user="Dante Devil" uid="15454530" lat="50.4167015" lon="80.2519596"/>
 <node id="9743149712" visible="true" version="1" changeset="121043156" timestamp="2022-05-16T09:41:09Z" user="Dante Devil" uid="15454530" lat="50.4165811" lon="80.2523022"/>
 <node id="9743149713" visible="true" version="1" changeset="121043156" timestamp="2022-05-16T09:41:09Z" user="Dante Devil" uid="15454530" lat="50.4167359" lon="80.2525589"/>
 <node id="9743149714" visible="true" version="1" changeset="121043156" timestamp="2022-05-16T09:41:09Z" user="Dante Devil" uid="15454530" lat="50.4169494" lon="80.2522420"/>
 <node id="9743149715" visible="true" version="1" changeset="121043156" timestamp="2022-05-16T09:41:09Z" user="Dante Devil" uid="15454530" lat="50.4167425" lon="80.2518988"/>
 <node id="9743149720" visible="true" version="1" changeset="121043156" timestamp="2022-05-16T09:41:09Z" user="Dante Devil" uid="15454530" lat="50.4176834" lon="80.2536528"/>
 <node id="9743149721" visible="true" version="1" changeset="121043156" timestamp="2022-05-16T09:41:09Z" user="Dante Devil" uid="15454530" lat="50.4179046" lon="80.2540111"/>
 <node id="9743149722" visible="true" version="1" changeset="121043156" timestamp="2022-05-16T09:41:09Z" user="Dante Devil" uid="15454530" lat="50.4179618" lon="80.2539243"/>
 <node id="9743149723" visible="true" version="1" changeset="121043156" timestamp="2022-05-16T09:41:09Z" user="Dante Devil" uid="15454530" lat="50.4177405" lon="80.2535659"/>
 <node id="9743149724" visible="true" version="1" changeset="121043156" timestamp="2022-05-16T09:41:09Z" user="Dante Devil" uid="15454530" lat="50.4174449" lon="80.2519780"/>
 <node id="9743149725" visible="true" version="1" changeset="121043156" timestamp="2022-05-16T09:41:09Z" user="Dante Devil" uid="15454530" lat="50.4177375" lon="80.2522583"/>
 <node id="9743149726" visible="true" version="1" changeset="121043156" timestamp="2022-05-16T09:41:09Z" user="Dante Devil" uid="15454530" lat="50.4173212" lon="80.2521841"/>
 <node id="9743149727" visible="true" version="1" changeset="121043156" timestamp="2022-05-16T09:41:09Z" user="Dante Devil" uid="15454530" lat="50.4173540" lon="80.2522344"/>
 <node id="9743149728" visible="true" version="1" changeset="121043156" timestamp="2022-05-16T09:41:09Z" user="Dante Devil" uid="15454530" lat="50.4174139" lon="80.2521382"/>
 <node id="9743149729" visible="true" version="1" changeset="121043156" timestamp="2022-05-16T09:41:09Z" user="Dante Devil" uid="15454530" lat="50.4173792" lon="80.2520848"/>
 <node id="9743149730" visible="true" version="1" changeset="121043156" timestamp="2022-05-16T09:41:09Z" user="Dante Devil" uid="15454530" lat="50.4175482" lon="80.2520122"/>
 <node id="9743149731" visible="true" version="1" changeset="121043156" timestamp="2022-05-16T09:41:09Z" user="Dante Devil" uid="15454530" lat="50.4176315" lon="80.2520608"/>
 <node id="9743149732" visible="true" version="1" changeset="121043156" timestamp="2022-05-16T09:41:09Z" user="Dante Devil" uid="15454530" lat="50.4175771" lon="80.2521308"/>
 <node id="9743149733" visible="true" version="1" changeset="121043156" timestamp="2022-05-16T09:41:09Z" user="Dante Devil" uid="15454530" lat="50.4176815" lon="80.2522912"/>
 <node id="9743149734" visible="true" version="1" changeset="121043156" timestamp="2022-05-16T09:41:09Z" user="Dante Devil" uid="15454530" lat="50.4177194" lon="80.2522305"/>
 <node id="9743149735" visible="true" version="1" changeset="121043156" timestamp="2022-05-16T09:41:09Z" user="Dante Devil" uid="15454530" lat="50.4177057" lon="80.2523093"/>
 <node id="9743149736" visible="true" version="1" changeset="121043156" timestamp="2022-05-16T09:41:09Z" user="Dante Devil" uid="15454530" lat="50.4178525" lon="80.2525349"/>
 <node id="9743149737" visible="true" version="1" changeset="121043156" timestamp="2022-05-16T09:41:09Z" user="Dante Devil" uid="15454530" lat="50.4178704" lon="80.2525061"/>
 <node id="9743149738" visible="true" version="1" changeset="121043156" timestamp="2022-05-16T09:41:09Z" user="Dante Devil" uid="15454530" lat="50.4180113" lon="80.2527226"/>
 <node id="9743149739" visible="true" version="1" changeset="121043156" timestamp="2022-05-16T09:41:09Z" user="Dante Devil" uid="15454530" lat="50.4178700" lon="80.2529491"/>
 <node id="9743149740" visible="true" version="1" changeset="121043156" timestamp="2022-05-16T09:41:09Z" user="Dante Devil" uid="15454530" lat="50.4175941" lon="80.2525252"/>
 <node id="9743149741" visible="true" version="1" changeset="121043156" timestamp="2022-05-16T09:41:09Z" user="Dante Devil" uid="15454530" lat="50.4174827" lon="80.2527038"/>
 <node id="9743149742" visible="true" version="1" changeset="121043156" timestamp="2022-05-16T09:41:09Z" user="Dante Devil" uid="15454530" lat="50.4172347" lon="80.2523228"/>
 <node id="9743149743" visible="true" version="1" changeset="121043156" timestamp="2022-05-16T09:41:09Z" user="Dante Devil" uid="15454530" lat="50.4173668" lon="80.2521293"/>
 <node id="9743149744" visible="true" version="1" changeset="121043156" timestamp="2022-05-16T09:41:09Z" user="Dante Devil" uid="15454530" lat="50.4173292" lon="80.2521775"/>
 <node id="9743149745" visible="true" version="1" changeset="121043156" timestamp="2022-05-16T09:41:09Z" user="Dante Devil" uid="15454530" lat="50.4173056" lon="80.2521323"/>
 <node id="9743149746" visible="true" version="1" changeset="121043156" timestamp="2022-05-16T09:41:09Z" user="Dante Devil" uid="15454530" lat="50.4173432" lon="80.2520840"/>
 <node id="9743149747" visible="true" version="1" changeset="121043156" timestamp="2022-05-16T09:41:09Z" user="Dante Devil" uid="15454530" lat="50.4176971" lon="80.2522247"/>
 <node id="9743149748" visible="true" version="1" changeset="121043156" timestamp="2022-05-16T09:41:09Z" user="Dante Devil" uid="15454530" lat="50.4176772" lon="80.2522581"/>
 <node id="9743149749" visible="true" version="1" changeset="121043156" timestamp="2022-05-16T09:41:09Z" user="Dante Devil" uid="15454530" lat="50.4175925" lon="80.2521337"/>
 <node id="9743149750" visible="true" version="1" changeset="121043156" timestamp="2022-05-16T09:41:09Z" user="Dante Devil" uid="15454530" lat="50.4176125" lon="80.2521003"/>
 <node id="9743149751" visible="true" version="2" changeset="181621920" timestamp="2026-04-21T11:07:49Z" user="LakeTrasimeno" uid="23866583" lat="50.4187453" lon="80.2530134"/>
 <node id="9743149752" visible="true" version="2" changeset="181621920" timestamp="2026-04-21T11:07:49Z" user="LakeTrasimeno" uid="23866583" lat="50.4186804" lon="80.2531046"/>
 <node id="9743149753" visible="true" version="2" changeset="181621920" timestamp="2026-04-21T11:07:49Z" user="LakeTrasimeno" uid="23866583" lat="50.4186361" lon="80.2530268"/>
 <node id="9743149754" visible="true" version="2" changeset="181621920" timestamp="2026-04-21T11:07:49Z" user="LakeTrasimeno" uid="23866583" lat="50.4187010" lon="80.2529356"/>
 <node id="9743149755" visible="true" version="2" changeset="181621920" timestamp="2026-04-21T11:07:49Z" user="LakeTrasimeno" uid="23866583" lat="50.4188556" lon="80.2528010"/>
 <node id="9743149756" visible="true" version="2" changeset="181621920" timestamp="2026-04-21T11:07:49Z" user="LakeTrasimeno" uid="23866583" lat="50.4187907" lon="80.2528868"/>
 <node id="9743149757" visible="true" version="2" changeset="181621920" timestamp="2026-04-21T11:07:49Z" user="LakeTrasimeno" uid="23866583" lat="50.4187506" lon="80.2528122"/>
 <node id="9743149758" visible="true" version="2" changeset="181621920" timestamp="2026-04-21T11:07:49Z" user="LakeTrasimeno" uid="23866583" lat="50.4188156" lon="80.2527263"/>
 <node id="9743149759" visible="true" version="2" changeset="181621920" timestamp="2026-04-21T11:07:49Z" user="LakeTrasimeno" uid="23866583" lat="50.4190026" lon="80.2525782"/>
 <node id="9743149760" visible="true" version="2" changeset="181621920" timestamp="2026-04-21T11:07:49Z" user="LakeTrasimeno" uid="23866583" lat="50.4189239" lon="80.2527069"/>
 <node id="9743149761" visible="true" version="2" changeset="181621920" timestamp="2026-04-21T11:07:49Z" user="LakeTrasimeno" uid="23866583" lat="50.4188753" lon="80.2526338"/>
 <node id="9743149762" visible="true" version="2" changeset="181621920" timestamp="2026-04-21T11:07:49Z" user="LakeTrasimeno" uid="23866583" lat="50.4189539" lon="80.2525051"/>
 <node id="9743149767" visible="true" version="1" changeset="121043156" timestamp="2022-05-16T09:41:09Z" user="Dante Devil" uid="15454530" lat="50.4182604" lon="80.2520861"/>
 <node id="9743149768" visible="true" version="1" changeset="121043156" timestamp="2022-05-16T09:41:09Z" user="Dante Devil" uid="15454530" lat="50.4183527" lon="80.2522042"/>
 <node id="9743149769" visible="true" version="1" changeset="121043156" timestamp="2022-05-16T09:41:09Z" user="Dante Devil" uid="15454530" lat="50.4183866" lon="80.2521390"/>
 <node id="9743149770" visible="true" version="1" changeset="121043156" timestamp="2022-05-16T09:41:09Z" user="Dante Devil" uid="15454530" lat="50.4182943" lon="80.2520209"/>
 <node id="9743149771" visible="true" version="1" changeset="121043156" timestamp="2022-05-16T09:41:09Z" user="Dante Devil" uid="15454530" lat="50.4179919" lon="80.2520823"/>
 <node id="9743149772" visible="true" version="1" changeset="121043156" timestamp="2022-05-16T09:41:09Z" user="Dante Devil" uid="15454530" lat="50.4179440" lon="80.2521627"/>
 <node id="9743149773" visible="true" version="1" changeset="121043156" timestamp="2022-05-16T09:41:09Z" user="Dante Devil" uid="15454530" lat="50.4178875" lon="80.2520800"/>
 <node id="9743149774" visible="true" version="1" changeset="121043156" timestamp="2022-05-16T09:41:09Z" user="Dante Devil" uid="15454530" lat="50.4179354" lon="80.2519995"/>
 <node id="9748040684" visible="true" version="1" changeset="121079380" timestamp="2022-05-17T05:48:32Z" user="Dante Devil" uid="15454530" lat="50.4150528" lon="80.2533001"/>
 <node id="9748040686" visible="true" version="2" changeset="188463425" timestamp="2026-09-03T10:17:11Z" user="ChimborazoMountain" uid="23043074" lat="50.4156661" lon="80.2556131"/>
 <node id="9748040687" visible="true" version="1" changeset="121079380" timestamp="2022-05-17T05:48:32Z" user="Dante Devil" uid="15454530" lat="50.4141718" lon="80.2545511"/>
 <node id="9748040688" visible="true" version="2" changeset="127630620" timestamp="2022-10-16T18:03:20Z" user="rza31" uid="2137840" lat="50.4145169" lon="80.2541379"/>
 <node id="9748040689" visible="true" version="1" changeset="121079380" timestamp="2022-05-17T05:48:32Z" user="Dante Devil" uid="15454530" lat="50.4146843" lon="80.2544147"/>
 <node id="9748040690" visible="true" version="1" changeset="121079380" timestamp="2022-05-17T05:48:32Z" user="Dante Devil" uid="15454530" lat="50.4147492" lon="80.2543826"/>
 <node id="9748040691" visible="true" version="1" changeset="121079380" timestamp="2022-05-17T05:48:32Z" user="Dante Devil" uid="15454530" lat="50.4150603" lon="80.2548493"/>
 <node id="9748040692" visible="true" version="1" changeset="121079380" timestamp="2022-05-17T05:48:32Z" user="Dante Devil" uid="15454530" lat="50.4151184" lon="80.2549083"/>
 <node id="9748040693" visible="true" version="1" changeset="121079380" timestamp="2022-05-17T05:48:32Z" user="Dante Devil" uid="15454530" lat="50.4151868" lon="80.2548975"/>
 <node id="9748075220" visible="true" version="1" changeset="121079380" timestamp="2022-05-17T05:48:32Z" user="Dante Devil" uid="15454530" lat="50.4169272" lon="80.2571133"/>
 <node id="9748075221" visible="true" version="1" changeset="121079380" timestamp="2022-05-17T05:48:32Z" user="Dante Devil" uid="15454530" lat="50.4169873" lon="80.2572190"/>
 <node id="9748075222" visible="true" version="1" changeset="121079380" timestamp="2022-05-17T05:48:32Z" user="Dante Devil" uid="15454530" lat="50.4171520" lon="80.2569887"/>
 <node id="9748075223" visible="true" version="1" changeset="121079380" timestamp="2022-05-17T05:48:32Z" user="Dante Devil" uid="15454530" lat="50.4170920" lon="80.2568830"/>
 <node id="9748075228" visible="true" version="1" changeset="121079380" timestamp="2022-05-17T05:48:32Z" user="Dante Devil" uid="15454530" lat="50.4160007" lon="80.2598232"/>
 <node id="9748075229" visible="true" version="1" changeset="121079380" timestamp="2022-05-17T05:48:32Z" user="Dante Devil" uid="15454530" lat="50.4160588" lon="80.2599174"/>
 <node id="9748075230" visible="true" version="1" changeset="121079380" timestamp="2022-05-17T05:48:32Z" user="Dante Devil" uid="15454530" lat="50.4161169" lon="80.2598291"/>
 <node id="9748075231" visible="true" version="1" changeset="121079380" timestamp="2022-05-17T05:48:32Z" user="Dante Devil" uid="15454530" lat="50.4160588" lon="80.2597350"/>
 <node id="9748075232" visible="true" version="1" changeset="121079380" timestamp="2022-05-17T05:48:32Z" user="Dante Devil" uid="15454530" lat="50.4162433" lon="80.2599796"/>
 <node id="9748075233" visible="true" version="1" changeset="121079380" timestamp="2022-05-17T05:48:32Z" user="Dante Devil" uid="15454530" lat="50.4161784" lon="80.2600782"/>
 <node id="9748075284" visible="true" version="1" changeset="121079380" timestamp="2022-05-17T05:48:32Z" user="Dante Devil" uid="15454530" lat="50.4156561" lon="80.2606377"/>
 <node id="9748075285" visible="true" version="1" changeset="121079380" timestamp="2022-05-17T05:48:32Z" user="Dante Devil" uid="15454530" lat="50.4158041" lon="80.2608583"/>
 <node id="9748075286" visible="true" version="1" changeset="121079380" timestamp="2022-05-17T05:48:32Z" user="Dante Devil" uid="15454530" lat="50.4158940" lon="80.2607098"/>
 <node id="9748075287" visible="true" version="1" changeset="121079380" timestamp="2022-05-17T05:48:32Z" user="Dante Devil" uid="15454530" lat="50.4157460" lon="80.2604892"/>
 <node id="9748075322" visible="true" version="1" changeset="121079380" timestamp="2022-05-17T05:48:32Z" user="Dante Devil" uid="15454530" lat="50.4132622" lon="80.2521980"/>
 <node id="9748075323" visible="true" version="1" changeset="121079380" timestamp="2022-05-17T05:48:32Z" user="Dante Devil" uid="15454530" lat="50.4131379" lon="80.2523788"/>
 <node id="9748075324" visible="true" version="1" changeset="121079380" timestamp="2022-05-17T05:48:32Z" user="Dante Devil" uid="15454530" lat="50.4131791" lon="80.2524485"/>
 <node id="9748075325" visible="true" version="1" changeset="121079380" timestamp="2022-05-17T05:48:32Z" user="Dante Devil" uid="15454530" lat="50.4133033" lon="80.2522677"/>
 <node id="9748075326" visible="true" version="1" changeset="121079380" timestamp="2022-05-17T05:48:32Z" user="Dante Devil" uid="15454530" lat="50.4134882" lon="80.2523565"/>
 <node id="9748075327" visible="true" version="1" changeset="121079380" timestamp="2022-05-17T05:48:32Z" user="Dante Devil" uid="15454530" lat="50.4134200" lon="80.2522411"/>
 <node id="9748075337" visible="true" version="1" changeset="121079380" timestamp="2022-05-17T05:48:32Z" user="Dante Devil" uid="15454530" lat="50.4136773" lon="80.2598714"/>
 <node id="9748075338" visible="true" version="1" changeset="121079380" timestamp="2022-05-17T05:48:32Z" user="Dante Devil" uid="15454530" lat="50.4137211" lon="80.2598039"/>
 <node id="9748075355" visible="true" version="1" changeset="121079380" timestamp="2022-05-17T05:48:32Z" user="Dante Devil" uid="15454530" lat="50.4138778" lon="80.2572448"/>
 <node id="9748075356" visible="true" version="1" changeset="121079380" timestamp="2022-05-17T05:48:32Z" user="Dante Devil" uid="15454530" lat="50.4140454" lon="80.2575248"/>
 <node id="9748075357" visible="true" version="1" changeset="121079380" timestamp="2022-05-17T05:48:32Z" user="Dante Devil" uid="15454530" lat="50.4141138" lon="80.2574240"/>
 <node id="9748075358" visible="true" version="1" changeset="121079380" timestamp="2022-05-17T05:48:32Z" user="Dante Devil" uid="15454530" lat="50.4139463" lon="80.2571440"/>
 <node id="9748075359" visible="true" version="1" changeset="121079380" timestamp="2022-05-17T05:48:32Z" user="Dante Devil" uid="15454530" lat="50.4135775" lon="80.2549695"/>
 <node id="9748075360" visible="true" version="1" changeset="121079380" timestamp="2022-05-17T05:48:32Z" user="Dante Devil" uid="15454530" lat="50.4137959" lon="80.2553362"/>
 <node id="9748075361" visible="true" version="1" changeset="121079380" timestamp="2022-05-17T05:48:32Z" user="Dante Devil" uid="15454530" lat="50.4138604" lon="80.2552415"/>
 <node id="9748075362" visible="true" version="1" changeset="121079380" timestamp="2022-05-17T05:48:32Z" user="Dante Devil" uid="15454530" lat="50.4136420" lon="80.2548748"/>
 <node id="9748075363" visible="true" version="1" changeset="121079380" timestamp="2022-05-17T05:48:32Z" user="Dante Devil" uid="15454530" lat="50.4142857" lon="80.2561824"/>
 <node id="9748075364" visible="true" version="1" changeset="121079380" timestamp="2022-05-17T05:48:32Z" user="Dante Devil" uid="15454530" lat="50.4143120" lon="80.2562267"/>
 <node id="9748075365" visible="true" version="1" changeset="121079380" timestamp="2022-05-17T05:48:32Z" user="Dante Devil" uid="15454530" lat="50.4143623" lon="80.2561529"/>
 <node id="9748075366" visible="true" version="1" changeset="121079380" timestamp="2022-05-17T05:48:32Z" user="Dante Devil" uid="15454530" lat="50.4143360" lon="80.2561086"/>
 <node id="9748075367" visible="true" version="1" changeset="121079380" timestamp="2022-05-17T05:48:32Z" user="Dante Devil" uid="15454530" lat="50.4142080" lon="80.2567404"/>
 <node id="9748075368" visible="true" version="1" changeset="121079380" timestamp="2022-05-17T05:48:32Z" user="Dante Devil" uid="15454530" lat="50.4142471" lon="80.2568060"/>
 <node id="9748075369" visible="true" version="1" changeset="121079380" timestamp="2022-05-17T05:48:32Z" user="Dante Devil" uid="15454530" lat="50.4143853" lon="80.2566034"/>
 <node id="9748075370" visible="true" version="1" changeset="121079380" timestamp="2022-05-17T05:48:32Z" user="Dante Devil" uid="15454530" lat="50.4143462" lon="80.2565378"/>
 <node id="9748075371" visible="true" version="1" changeset="121079380" timestamp="2022-05-17T05:48:32Z" user="Dante Devil" uid="15454530" lat="50.4143942" lon="80.2566776"/>
 <node id="9748075372" visible="true" version="1" changeset="121079380" timestamp="2022-05-17T05:48:32Z" user="Dante Devil" uid="15454530" lat="50.4146368" lon="80.2570850"/>
 <node id="9748075373" visible="true" version="1" changeset="121079380" timestamp="2022-05-17T05:48:32Z" user="Dante Devil" uid="15454530" lat="50.4146845" lon="80.2570149"/>
 <node id="9748075374" visible="true" version="1" changeset="121079380" timestamp="2022-05-17T05:48:32Z" user="Dante Devil" uid="15454530" lat="50.4144419" lon="80.2566075"/>
 <node id="9748075375" visible="true" version="1" changeset="121079380" timestamp="2022-05-17T05:48:32Z" user="Dante Devil" uid="15454530" lat="50.4138141" lon="80.2555149"/>
 <node id="9748075376" visible="true" version="1" changeset="121079380" timestamp="2022-05-17T05:48:32Z" user="Dante Devil" uid="15454530" lat="50.4138600" lon="80.2555920"/>
 <node id="9748075377" visible="true" version="1" changeset="121079380" timestamp="2022-05-17T05:48:32Z" user="Dante Devil" uid="15454530" lat="50.4140499" lon="80.2553135"/>
 <node id="9748075378" visible="true" version="1" changeset="121079380" timestamp="2022-05-17T05:48:32Z" user="Dante Devil" uid="15454530" lat="50.4140040" lon="80.2552364"/>
 <node id="9748075379" visible="true" version="1" changeset="121079380" timestamp="2022-05-17T05:48:32Z" user="Dante Devil" uid="15454530" lat="50.4142345" lon="80.2559059"/>
 <node id="9748075380" visible="true" version="1" changeset="121079380" timestamp="2022-05-17T05:48:32Z" user="Dante Devil" uid="15454530" lat="50.4141701" lon="80.2558054"/>
 <node id="9748075381" visible="true" version="1" changeset="121079380" timestamp="2022-05-17T05:48:32Z" user="Dante Devil" uid="15454530" lat="50.4141881" lon="80.2557105"/>
 <node id="9748075382" visible="true" version="1" changeset="121079380" timestamp="2022-05-17T05:48:32Z" user="Dante Devil" uid="15454530" lat="50.4142736" lon="80.2558440"/>
 <node id="9748075383" visible="true" version="1" changeset="121079380" timestamp="2022-05-17T05:48:32Z" user="Dante Devil" uid="15454530" lat="50.4141224" lon="80.2558806"/>
 <node id="9748075384" visible="true" version="1" changeset="121079380" timestamp="2022-05-17T05:48:32Z" user="Dante Devil" uid="15454530" lat="50.4140883" lon="80.2558273"/>
 <node id="9748075385" visible="true" version="1" changeset="121079380" timestamp="2022-05-17T05:48:32Z" user="Dante Devil" uid="15454530" lat="50.4139189" lon="80.2558140"/>
 <node id="9748075386" visible="true" version="1" changeset="121079380" timestamp="2022-05-17T05:48:32Z" user="Dante Devil" uid="15454530" lat="50.4139598" lon="80.2557494"/>
 <node id="9748075387" visible="true" version="1" changeset="121079380" timestamp="2022-05-17T05:48:32Z" user="Dante Devil" uid="15454530" lat="50.4151458" lon="80.2581559"/>
 <node id="9748075388" visible="true" version="1" changeset="121079380" timestamp="2022-05-17T05:48:32Z" user="Dante Devil" uid="15454530" lat="50.4151769" lon="80.2582061"/>
 <node id="9748075389" visible="true" version="1" changeset="121079380" timestamp="2022-05-17T05:48:32Z" user="Dante Devil" uid="15454530" lat="50.4151088" lon="80.2583099"/>
 <node id="9748075390" visible="true" version="1" changeset="121079380" timestamp="2022-05-17T05:48:32Z" user="Dante Devil" uid="15454530" lat="50.4150777" lon="80.2582598"/>
 <node id="9748075391" visible="true" version="1" changeset="121079380" timestamp="2022-05-17T05:48:32Z" user="Dante Devil" uid="15454530" lat="50.4151399" lon="80.2577245"/>
 <node id="9748075392" visible="true" version="1" changeset="121079380" timestamp="2022-05-17T05:48:32Z" user="Dante Devil" uid="15454530" lat="50.4151965" lon="80.2578158"/>
 <node id="9748075393" visible="true" version="1" changeset="121079380" timestamp="2022-05-17T05:48:32Z" user="Dante Devil" uid="15454530" lat="50.4152452" lon="80.2566305"/>
 <node id="9748075394" visible="true" version="1" changeset="121079380" timestamp="2022-05-17T05:48:32Z" user="Dante Devil" uid="15454530" lat="50.4152660" lon="80.2566644"/>
 <node id="9748075395" visible="true" version="1" changeset="121079380" timestamp="2022-05-17T05:48:32Z" user="Dante Devil" uid="15454530" lat="50.4152013" lon="80.2566970"/>
 <node id="9748075396" visible="true" version="1" changeset="121079380" timestamp="2022-05-17T05:48:32Z" user="Dante Devil" uid="15454530" lat="50.4152991" lon="80.2566142"/>
 <node id="9748075397" visible="true" version="1" changeset="121079380" timestamp="2022-05-17T05:48:32Z" user="Dante Devil" uid="15454530" lat="50.4152518" lon="80.2569907"/>
 <node id="9748075398" visible="true" version="1" changeset="121079380" timestamp="2022-05-17T05:48:32Z" user="Dante Devil" uid="15454530" lat="50.4152200" lon="80.2570388"/>
 <node id="9748075399" visible="true" version="2" changeset="181620943" timestamp="2026-04-21T10:46:22Z" user="LakeTrasimeno" uid="23866583" lat="50.4145459" lon="80.2565440"/>
 <node id="9748075400" visible="true" version="2" changeset="181620943" timestamp="2026-04-21T10:46:22Z" user="LakeTrasimeno" uid="23866583" lat="50.4147886" lon="80.2569463"/>
 <node id="9748075401" visible="true" version="2" changeset="181620943" timestamp="2026-04-21T10:46:22Z" user="LakeTrasimeno" uid="23866583" lat="50.4148488" lon="80.2568570"/>
 <node id="9748075402" visible="true" version="2" changeset="181620943" timestamp="2026-04-21T10:46:22Z" user="LakeTrasimeno" uid="23866583" lat="50.4146061" lon="80.2564546"/>
 <node id="9748075403" visible="true" version="1" changeset="121079380" timestamp="2022-05-17T05:48:32Z" user="Dante Devil" uid="15454530" lat="50.4152778" lon="80.2568214"/>
 <node id="9748075404" visible="true" version="1" changeset="121079380" timestamp="2022-05-17T05:48:32Z" user="Dante Devil" uid="15454530" lat="50.4151893" lon="80.2564357"/>
 <node id="9748075405" visible="true" version="1" changeset="121079380" timestamp="2022-05-17T05:48:32Z" user="Dante Devil" uid="15454530" lat="50.4152113" lon="80.2558135"/>
 <node id="9748075406" visible="true" version="1" changeset="121079380" timestamp="2022-05-17T05:48:32Z" user="Dante Devil" uid="15454530" lat="50.4152759" lon="80.2559255"/>
 <node id="9748075407" visible="true" version="2" changeset="188463425" timestamp="2026-09-03T10:17:11Z" user="ChimborazoMountain" uid="23043074" lat="50.4146939" lon="80.2543429"/>
 <node id="9748075408" visible="true" version="2" changeset="188463425" timestamp="2026-09-03T10:17:11Z" user="ChimborazoMountain" uid="23043074" lat="50.4147702" lon="80.2542257"/>
 <node id="9748075409" visible="true" version="2" changeset="188463425" timestamp="2026-09-03T10:17:11Z" user="ChimborazoMountain" uid="23043074" lat="50.4151874" lon="80.2546425"/>
 <node id="9748075410" visible="true" version="2" changeset="188463425" timestamp="2026-09-03T10:17:11Z" user="ChimborazoMountain" uid="23043074" lat="50.4151550" lon="80.2546919"/>
 <node id="9748075411" visible="true" version="2" changeset="188463425" timestamp="2026-09-03T10:17:11Z" user="ChimborazoMountain" uid="23043074" lat="50.4151071" lon="80.2547655"/>
 <node id="9748075412" visible="true" version="2" changeset="188463425" timestamp="2026-09-03T10:17:11Z" user="ChimborazoMountain" uid="23043074" lat="50.4152270" lon="80.2545815"/>
 <node id="9748075413" visible="true" version="1" changeset="121079380" timestamp="2022-05-17T05:48:32Z" user="Dante Devil" uid="15454530" lat="50.4147106" lon="80.2534271"/>
 <node id="9748075414" visible="true" version="1" changeset="121079380" timestamp="2022-05-17T05:48:32Z" user="Dante Devil" uid="15454530" lat="50.4147648" lon="80.2533495"/>
 <node id="9748075415" visible="true" version="1" changeset="121079380" timestamp="2022-05-17T05:48:32Z" user="Dante Devil" uid="15454530" lat="50.4142881" lon="80.2543008"/>
 <node id="9748075416" visible="true" version="1" changeset="121079380" timestamp="2022-05-17T05:48:32Z" user="Dante Devil" uid="15454530" lat="50.4142471" lon="80.2542365"/>
 <node id="9748075427" visible="true" version="1" changeset="121079380" timestamp="2022-05-17T05:48:32Z" user="Dante Devil" uid="15454530" lat="50.4140975" lon="80.2531320"/>
 <node id="9748075428" visible="true" version="1" changeset="121079380" timestamp="2022-05-17T05:48:32Z" user="Dante Devil" uid="15454530" lat="50.4141309" lon="80.2531850"/>
 <node id="9748075429" visible="true" version="1" changeset="121079380" timestamp="2022-05-17T05:48:32Z" user="Dante Devil" uid="15454530" lat="50.4142907" lon="80.2529376"/>
 <node id="9748075430" visible="true" version="1" changeset="121079380" timestamp="2022-05-17T05:48:32Z" user="Dante Devil" uid="15454530" lat="50.4142573" lon="80.2528846"/>
 <node id="9748075431" visible="true" version="1" changeset="121079380" timestamp="2022-05-17T05:48:32Z" user="Dante Devil" uid="15454530" lat="50.4133746" lon="80.2538155"/>
 <node id="9748075432" visible="true" version="1" changeset="121079380" timestamp="2022-05-17T05:48:32Z" user="Dante Devil" uid="15454530" lat="50.4133016" lon="80.2537085"/>
 <node id="9748075433" visible="true" version="1" changeset="121079380" timestamp="2022-05-17T05:48:32Z" user="Dante Devil" uid="15454530" lat="50.4132203" lon="80.2538451"/>
 <node id="9748075434" visible="true" version="1" changeset="121079380" timestamp="2022-05-17T05:48:32Z" user="Dante Devil" uid="15454530" lat="50.4130068" lon="80.2535322"/>
 <node id="9748075435" visible="true" version="1" changeset="121079380" timestamp="2022-05-17T05:48:32Z" user="Dante Devil" uid="15454530" lat="50.4129512" lon="80.2536256"/>
 <node id="9748075436" visible="true" version="1" changeset="121079380" timestamp="2022-05-17T05:48:32Z" user="Dante Devil" uid="15454530" lat="50.4128708" lon="80.2535077"/>
 <node id="9748075437" visible="true" version="1" changeset="121079380" timestamp="2022-05-17T05:48:32Z" user="Dante Devil" uid="15454530" lat="50.4125395" lon="80.2540642"/>
 <node id="9748075438" visible="true" version="1" changeset="121079380" timestamp="2022-05-17T05:48:32Z" user="Dante Devil" uid="15454530" lat="50.4124797" lon="80.2539765"/>
 <node id="9748075439" visible="true" version="1" changeset="121079380" timestamp="2022-05-17T05:48:32Z" user="Dante Devil" uid="15454530" lat="50.4123830" lon="80.2541389"/>
 <node id="9748075440" visible="true" version="1" changeset="121079380" timestamp="2022-05-17T05:48:32Z" user="Dante Devil" uid="15454530" lat="50.4126087" lon="80.2544698"/>
 <node id="9748075441" visible="true" version="1" changeset="121079380" timestamp="2022-05-17T05:48:32Z" user="Dante Devil" uid="15454530" lat="50.4126882" lon="80.2543363"/>
 <node id="9748075442" visible="true" version="1" changeset="121079380" timestamp="2022-05-17T05:48:32Z" user="Dante Devil" uid="15454530" lat="50.4125957" lon="80.2542008"/>
 <node id="9748075443" visible="true" version="1" changeset="121079380" timestamp="2022-05-17T05:48:32Z" user="Dante Devil" uid="15454530" lat="50.4128122" lon="80.2538371"/>
 <node id="9748075444" visible="true" version="1" changeset="121079380" timestamp="2022-05-17T05:48:32Z" user="Dante Devil" uid="15454530" lat="50.4131012" lon="80.2542608"/>
 <node id="9748075445" visible="true" version="1" changeset="121079380" timestamp="2022-05-17T05:48:32Z" user="Dante Devil" uid="15454530" lat="50.4130714" lon="80.2543108"/>
 <node id="9748075446" visible="true" version="1" changeset="121079380" timestamp="2022-05-17T05:48:32Z" user="Dante Devil" uid="15454530" lat="50.4129027" lon="80.2540635"/>
 <node id="9748075447" visible="true" version="1" changeset="121079380" timestamp="2022-05-17T05:48:32Z" user="Dante Devil" uid="15454530" lat="50.4127704" lon="80.2542857"/>
 <node id="9748075448" visible="true" version="1" changeset="121079380" timestamp="2022-05-17T05:48:32Z" user="Dante Devil" uid="15454530" lat="50.4129881" lon="80.2546049"/>
 <node id="9748075449" visible="true" version="1" changeset="121079380" timestamp="2022-05-17T05:48:32Z" user="Dante Devil" uid="15454530" lat="50.4129633" lon="80.2546465"/>
 <node id="9748075450" visible="true" version="1" changeset="121079380" timestamp="2022-05-17T05:48:32Z" user="Dante Devil" uid="15454530" lat="50.4129063" lon="80.2545629"/>
 <node id="9748075451" visible="true" version="1" changeset="121079380" timestamp="2022-05-17T05:48:32Z" user="Dante Devil" uid="15454530" lat="50.4127688" lon="80.2547940"/>
 <node id="9748075452" visible="true" version="1" changeset="121079380" timestamp="2022-05-17T05:48:32Z" user="Dante Devil" uid="15454530" lat="50.4129333" lon="80.2550351"/>
 <node id="9748075453" visible="true" version="1" changeset="121079380" timestamp="2022-05-17T05:48:32Z" user="Dante Devil" uid="15454530" lat="50.4136290" lon="80.2538663"/>
 <node id="9748075454" visible="true" version="1" changeset="121079380" timestamp="2022-05-17T05:48:32Z" user="Dante Devil" uid="15454530" lat="50.4134770" lon="80.2536434"/>
 <node id="9753539859" visible="true" version="1" changeset="121175241" timestamp="2022-05-19T05:55:42Z" user="Dante Devil" uid="15454530" lat="50.4142361" lon="80.2643411"/>
 <node id="9753539860" visible="true" version="1" changeset="121175241" timestamp="2022-05-19T05:55:42Z" user="Dante Devil" uid="15454530" lat="50.4139463" lon="80.2639139"/>
 <node id="9753539861" visible="true" version="1" changeset="121175241" timestamp="2022-05-19T05:55:42Z" user="Dante Devil" uid="15454530" lat="50.4139599" lon="80.2637744"/>
 <node id="9753539907" visible="true" version="1" changeset="121175241" timestamp="2022-05-19T05:55:42Z" user="Dante Devil" uid="15454530" lat="50.4118678" lon="80.2636296"/>
 <node id="9753567524" visible="true" version="1" changeset="121175241" timestamp="2022-05-19T05:55:42Z" user="Dante Devil" uid="15454530" lat="50.4162653" lon="80.2634336"/>
 <node id="9754019582" visible="true" version="2" changeset="139647105" timestamp="2023-08-09T08:35:34Z" user="NossobRiver" uid="18953862" lat="50.4201432" lon="80.2631380"/>
 <node id="9754019583" visible="true" version="2" changeset="139647105" timestamp="2023-08-09T08:35:34Z" user="NossobRiver" uid="18953862" lat="50.4201596" lon="80.2630353"/>
 <node id="9754019584" visible="true" version="2" changeset="139647105" timestamp="2023-08-09T08:35:34Z" user="NossobRiver" uid="18953862" lat="50.4201560" lon="80.2630995"/>
 <node id="9754019585" visible="true" version="2" changeset="139647105" timestamp="2023-08-09T08:35:34Z" user="NossobRiver" uid="18953862" lat="50.4198310" lon="80.2635955"/>
 <node id="9754019586" visible="true" version="2" changeset="139647105" timestamp="2023-08-09T08:35:34Z" user="NossobRiver" uid="18953862" lat="50.4199657" lon="80.2633914"/>
 <node id="9754019587" visible="true" version="2" changeset="139647105" timestamp="2023-08-09T08:35:34Z" user="NossobRiver" uid="18953862" lat="50.4201120" lon="80.2631885"/>
 <node id="9754019588" visible="true" version="2" changeset="139647105" timestamp="2023-08-09T08:35:34Z" user="NossobRiver" uid="18953862" lat="50.4201327" lon="80.2629784"/>
 <node id="9754019589" visible="true" version="2" changeset="139647105" timestamp="2023-08-09T08:35:34Z" user="NossobRiver" uid="18953862" lat="50.4187692" lon="80.2607613"/>
 <node id="9754019590" visible="true" version="1" changeset="121184484" timestamp="2022-05-19T09:16:29Z" user="Dante Devil" uid="15454530" lat="50.4180448" lon="80.2595955"/>
 <node id="9754019591" visible="true" version="2" changeset="139647105" timestamp="2023-08-09T08:35:34Z" user="NossobRiver" uid="18953862" lat="50.4179983" lon="80.2595780"/>
 <node id="9754019592" visible="true" version="2" changeset="139647105" timestamp="2023-08-09T08:35:34Z" user="NossobRiver" uid="18953862" lat="50.4179495" lon="80.2596076"/>
 <node id="9754019593" visible="true" version="1" changeset="121184484" timestamp="2022-05-19T09:16:29Z" user="Dante Devil" uid="15454530" lat="50.4176180" lon="80.2600776"/>
 <node id="9754019602" visible="true" version="1" changeset="121184484" timestamp="2022-05-19T09:16:29Z" user="Dante Devil" uid="15454530" lat="50.4188340" lon="80.2605177"/>
 <node id="9754019603" visible="true" version="1" changeset="121184484" timestamp="2022-05-19T09:16:29Z" user="Dante Devil" uid="15454530" lat="50.4189366" lon="80.2606947"/>
 <node id="9754019604" visible="true" version="1" changeset="121184484" timestamp="2022-05-19T09:16:29Z" user="Dante Devil" uid="15454530" lat="50.4190565" lon="80.2605236"/>
 <node id="9754019605" visible="true" version="1" changeset="121184484" timestamp="2022-05-19T09:16:29Z" user="Dante Devil" uid="15454530" lat="50.4189540" lon="80.2603465"/>
 <node id="9754019606" visible="true" version="2" changeset="139647105" timestamp="2023-08-09T08:35:34Z" user="NossobRiver" uid="18953862" lat="50.4193748" lon="80.2628717"/>
 <node id="9754019607" visible="true" version="1" changeset="121184484" timestamp="2022-05-19T09:16:29Z" user="Dante Devil" uid="15454530" lat="50.4159538" lon="80.2592957"/>
 <node id="9754019608" visible="true" version="1" changeset="121184484" timestamp="2022-05-19T09:16:29Z" user="Dante Devil" uid="15454530" lat="50.4159682" lon="80.2593193"/>
 <node id="9754019609" visible="true" version="1" changeset="121184484" timestamp="2022-05-19T09:16:29Z" user="Dante Devil" uid="15454530" lat="50.4165119" lon="80.2572551"/>
 <node id="9754019610" visible="true" version="1" changeset="121184484" timestamp="2022-05-19T09:16:29Z" user="Dante Devil" uid="15454530" lat="50.4164849" lon="80.2572107"/>
 <node id="9754019611" visible="true" version="1" changeset="121184484" timestamp="2022-05-19T09:16:29Z" user="Dante Devil" uid="15454530" lat="50.4164913" lon="80.2571635"/>
 <node id="9754019612" visible="true" version="1" changeset="121184484" timestamp="2022-05-19T09:16:29Z" user="Dante Devil" uid="15454530" lat="50.4165088" lon="80.2571373"/>
 <node id="9754019613" visible="true" version="1" changeset="121184484" timestamp="2022-05-19T09:16:29Z" user="Dante Devil" uid="15454530" lat="50.4165033" lon="80.2571831"/>
 <node id="9754019614" visible="true" version="1" changeset="121184484" timestamp="2022-05-19T09:16:29Z" user="Dante Devil" uid="15454530" lat="50.4165208" lon="80.2571570"/>
 <node id="9754037057" visible="true" version="1" changeset="121184484" timestamp="2022-05-19T09:16:29Z" user="Dante Devil" uid="15454530" lat="50.4180695" lon="80.2605604"/>
 <node id="9754037058" visible="true" version="1" changeset="121184484" timestamp="2022-05-19T09:16:29Z" user="Dante Devil" uid="15454530" lat="50.4181063" lon="80.2606255"/>
 <node id="9754037059" visible="true" version="1" changeset="121184484" timestamp="2022-05-19T09:16:29Z" user="Dante Devil" uid="15454530" lat="50.4181636" lon="80.2605457"/>
 <node id="9754037060" visible="true" version="1" changeset="121184484" timestamp="2022-05-19T09:16:29Z" user="Dante Devil" uid="15454530" lat="50.4181268" lon="80.2604806"/>
 <node id="9754037069" visible="true" version="1" changeset="121184484" timestamp="2022-05-19T09:16:29Z" user="Dante Devil" uid="15454530" lat="50.4188479" lon="80.2603587"/>
 <node id="9754037070" visible="true" version="1" changeset="121184484" timestamp="2022-05-19T09:16:29Z" user="Dante Devil" uid="15454530" lat="50.4187897" lon="80.2604524"/>
 <node id="9754037071" visible="true" version="1" changeset="121184484" timestamp="2022-05-19T09:16:29Z" user="Dante Devil" uid="15454530" lat="50.4187282" lon="80.2603583"/>
 <node id="9754037072" visible="true" version="1" changeset="121184484" timestamp="2022-05-19T09:16:29Z" user="Dante Devil" uid="15454530" lat="50.4187864" lon="80.2602646"/>
 <node id="9754037073" visible="true" version="1" changeset="121184484" timestamp="2022-05-19T09:16:29Z" user="Dante Devil" uid="15454530" lat="50.4185331" lon="80.2600675"/>
 <node id="9754037074" visible="true" version="1" changeset="121184484" timestamp="2022-05-19T09:16:29Z" user="Dante Devil" uid="15454530" lat="50.4185946" lon="80.2601696"/>
 <node id="9754037075" visible="true" version="1" changeset="121184484" timestamp="2022-05-19T09:16:29Z" user="Dante Devil" uid="15454530" lat="50.4186663" lon="80.2600635"/>
 <node id="9754037076" visible="true" version="1" changeset="121184484" timestamp="2022-05-19T09:16:29Z" user="Dante Devil" uid="15454530" lat="50.4186048" lon="80.2599613"/>
 <node id="9754037077" visible="true" version="1" changeset="121184484" timestamp="2022-05-19T09:16:29Z" user="Dante Devil" uid="15454530" lat="50.4177237" lon="80.2593429"/>
 <node id="9754037078" visible="true" version="1" changeset="121184484" timestamp="2022-05-19T09:16:29Z" user="Dante Devil" uid="15454530" lat="50.4177784" lon="80.2594437"/>
 <node id="9754037079" visible="true" version="1" changeset="121184484" timestamp="2022-05-19T09:16:29Z" user="Dante Devil" uid="15454530" lat="50.4178531" lon="80.2593438"/>
 <node id="9754037080" visible="true" version="1" changeset="121184484" timestamp="2022-05-19T09:16:29Z" user="Dante Devil" uid="15454530" lat="50.4177984" lon="80.2592431"/>
 <node id="9754037081" visible="true" version="1" changeset="121184484" timestamp="2022-05-19T09:16:29Z" user="Dante Devil" uid="15454530" lat="50.4180382" lon="80.2591498"/>
 <node id="9754037082" visible="true" version="1" changeset="121184484" timestamp="2022-05-19T09:16:29Z" user="Dante Devil" uid="15454530" lat="50.4180929" lon="80.2592506"/>
 <node id="9754037083" visible="true" version="1" changeset="121184484" timestamp="2022-05-19T09:16:29Z" user="Dante Devil" uid="15454530" lat="50.4181676" lon="80.2591507"/>
 <node id="9754037084" visible="true" version="1" changeset="121184484" timestamp="2022-05-19T09:16:29Z" user="Dante Devil" uid="15454530" lat="50.4181128" lon="80.2590500"/>
 <node id="9754037085" visible="true" version="1" changeset="121184484" timestamp="2022-05-19T09:16:29Z" user="Dante Devil" uid="15454530" lat="50.4183476" lon="80.2597036"/>
 <node id="9754037086" visible="true" version="1" changeset="121184484" timestamp="2022-05-19T09:16:29Z" user="Dante Devil" uid="15454530" lat="50.4184515" lon="80.2598906"/>
 <node id="9754037087" visible="true" version="1" changeset="121184484" timestamp="2022-05-19T09:16:29Z" user="Dante Devil" uid="15454530" lat="50.4185657" lon="80.2597342"/>
 <node id="9754037088" visible="true" version="1" changeset="121184484" timestamp="2022-05-19T09:16:29Z" user="Dante Devil" uid="15454530" lat="50.4184618" lon="80.2595472"/>
 <node id="9754037089" visible="true" version="1" changeset="121184484" timestamp="2022-05-19T09:16:29Z" user="Dante Devil" uid="15454530" lat="50.4180967" lon="80.2587920"/>
 <node id="9754037090" visible="true" version="1" changeset="121184484" timestamp="2022-05-19T09:16:29Z" user="Dante Devil" uid="15454530" lat="50.4182464" lon="80.2590322"/>
 <node id="9754037091" visible="true" version="1" changeset="121184484" timestamp="2022-05-19T09:16:29Z" user="Dante Devil" uid="15454530" lat="50.4183415" lon="80.2588863"/>
 <node id="9754037092" visible="true" version="1" changeset="121184484" timestamp="2022-05-19T09:16:29Z" user="Dante Devil" uid="15454530" lat="50.4181917" lon="80.2586460"/>
 <node id="9754037093" visible="true" version="1" changeset="121184484" timestamp="2022-05-19T09:16:29Z" user="Dante Devil" uid="15454530" lat="50.4165514" lon="80.2569116"/>
 <node id="9754037094" visible="true" version="1" changeset="121184484" timestamp="2022-05-19T09:16:29Z" user="Dante Devil" uid="15454530" lat="50.4165275" lon="80.2568712"/>
 <node id="9754037095" visible="true" version="1" changeset="121184484" timestamp="2022-05-19T09:16:29Z" user="Dante Devil" uid="15454530" lat="50.4165837" lon="80.2568644"/>
 <node id="9754037096" visible="true" version="1" changeset="121184484" timestamp="2022-05-19T09:16:29Z" user="Dante Devil" uid="15454530" lat="50.4166395" lon="80.2569586"/>
 <node id="9754037097" visible="true" version="1" changeset="121184484" timestamp="2022-05-19T09:16:29Z" user="Dante Devil" uid="15454530" lat="50.4162827" lon="80.2587345"/>
 <node id="9754037098" visible="true" version="1" changeset="121184484" timestamp="2022-05-19T09:16:29Z" user="Dante Devil" uid="15454530" lat="50.4163425" lon="80.2588284"/>
 <node id="9754037099" visible="true" version="1" changeset="121184484" timestamp="2022-05-19T09:16:29Z" user="Dante Devil" uid="15454530" lat="50.4164126" lon="80.2587184"/>
 <node id="9754037100" visible="true" version="1" changeset="121184484" timestamp="2022-05-19T09:16:29Z" user="Dante Devil" uid="15454530" lat="50.4163528" lon="80.2586245"/>
 <node id="9754037101" visible="true" version="1" changeset="121184484" timestamp="2022-05-19T09:16:29Z" user="Dante Devil" uid="15454530" lat="50.4158657" lon="80.2605470"/>
 <node id="9754037102" visible="true" version="1" changeset="121184484" timestamp="2022-05-19T09:16:29Z" user="Dante Devil" uid="15454530" lat="50.4158962" lon="80.2604996"/>
 <node id="9754037107" visible="true" version="1" changeset="121184484" timestamp="2022-05-19T09:16:29Z" user="Dante Devil" uid="15454530" lat="50.4143650" lon="80.2608259"/>
 <node id="9754037108" visible="true" version="1" changeset="121184484" timestamp="2022-05-19T09:16:29Z" user="Dante Devil" uid="15454530" lat="50.4142433" lon="80.2606246"/>
 <node id="9756761376" visible="true" version="2" changeset="188464320" timestamp="2026-09-03T10:36:28Z" user="ChimborazoMountain" uid="23043074" lat="50.4178125" lon="80.2551989"/>
 <node id="9756761377" visible="true" version="2" changeset="188464320" timestamp="2026-09-03T10:36:28Z" user="ChimborazoMountain" uid="23043074" lat="50.4180918" lon="80.2547608"/>
 <node id="9756763311" visible="true" version="1" changeset="121230929" timestamp="2022-05-20T08:44:02Z" user="Dante Devil" uid="15454530" lat="50.4189574" lon="80.2550465"/>
 <node id="9756763312" visible="true" version="1" changeset="121230929" timestamp="2022-05-20T08:44:02Z" user="Dante Devil" uid="15454530" lat="50.4189198" lon="80.2549955"/>
 <node id="9756763313" visible="true" version="1" changeset="121230929" timestamp="2022-05-20T08:44:02Z" user="Dante Devil" uid="15454530" lat="50.4188822" lon="80.2548829"/>
 <node id="9756763314" visible="true" version="1" changeset="121230929" timestamp="2022-05-20T08:44:02Z" user="Dante Devil" uid="15454530" lat="50.4188976" lon="80.2548265"/>
 <node id="9756763315" visible="true" version="1" changeset="121230929" timestamp="2022-05-20T08:44:02Z" user="Dante Devil" uid="15454530" lat="50.4191494" lon="80.2544396"/>
 <node id="9756763316" visible="true" version="1" changeset="121230929" timestamp="2022-05-20T08:44:02Z" user="Dante Devil" uid="15454530" lat="50.4183246" lon="80.2560291"/>
 <node id="9756763317" visible="true" version="1" changeset="121230929" timestamp="2022-05-20T08:44:02Z" user="Dante Devil" uid="15454530" lat="50.4186651" lon="80.2555320"/>
 <node id="9756763318" visible="true" version="1" changeset="121230929" timestamp="2022-05-20T08:44:02Z" user="Dante Devil" uid="15454530" lat="50.4187181" lon="80.2554166"/>
 <node id="9756763319" visible="true" version="1" changeset="121230929" timestamp="2022-05-20T08:44:02Z" user="Dante Devil" uid="15454530" lat="50.4186925" lon="80.2553523"/>
 <node id="9756763320" visible="true" version="1" changeset="121230929" timestamp="2022-05-20T08:44:02Z" user="Dante Devil" uid="15454530" lat="50.4186600" lon="80.2552906"/>
 <node id="9756763321" visible="true" version="1" changeset="121230929" timestamp="2022-05-20T08:44:02Z" user="Dante Devil" uid="15454530" lat="50.4186224" lon="80.2552772"/>
 <node id="9756763322" visible="true" version="1" changeset="121230929" timestamp="2022-05-20T08:44:02Z" user="Dante Devil" uid="15454530" lat="50.4185831" lon="80.2553067"/>
 <node id="9756763323" visible="true" version="1" changeset="121230929" timestamp="2022-05-20T08:44:02Z" user="Dante Devil" uid="15454530" lat="50.4185506" lon="80.2553067"/>
 <node id="9756763324" visible="true" version="1" changeset="121230929" timestamp="2022-05-20T08:44:02Z" user="Dante Devil" uid="15454530" lat="50.4184210" lon="80.2550868"/>
 <node id="9756763325" visible="true" version="1" changeset="121230929" timestamp="2022-05-20T08:44:02Z" user="Dante Devil" uid="15454530" lat="50.4182191" lon="80.2558589"/>
 <node id="9756763326" visible="true" version="1" changeset="121230929" timestamp="2022-05-20T08:44:02Z" user="Dante Devil" uid="15454530" lat="50.4183695" lon="80.2556366"/>
 <node id="9756763327" visible="true" version="1" changeset="121230929" timestamp="2022-05-20T08:44:02Z" user="Dante Devil" uid="15454530" lat="50.4183900" lon="80.2555668"/>
 <node id="9756763328" visible="true" version="1" changeset="121230929" timestamp="2022-05-20T08:44:02Z" user="Dante Devil" uid="15454530" lat="50.4183746" lon="80.2555105"/>
 <node id="9756763329" visible="true" version="1" changeset="121230929" timestamp="2022-05-20T08:44:02Z" user="Dante Devil" uid="15454530" lat="50.4182926" lon="80.2553603"/>
 <node id="9756763330" visible="true" version="1" changeset="121230929" timestamp="2022-05-20T08:44:02Z" user="Dante Devil" uid="15454530" lat="50.4182977" lon="80.2553040"/>
 <node id="9756763331" visible="true" version="1" changeset="121230929" timestamp="2022-05-20T08:44:02Z" user="Dante Devil" uid="15454530" lat="50.4183114" lon="80.2552530"/>
 <node id="9756763332" visible="true" version="1" changeset="121230929" timestamp="2022-05-20T08:44:02Z" user="Dante Devil" uid="15454530" lat="50.4184105" lon="80.2551028"/>
 <node id="9756763333" visible="true" version="1" changeset="121230929" timestamp="2022-05-20T08:44:02Z" user="Dante Devil" uid="15454530" lat="50.4190016" lon="80.2541996"/>
 <node id="9756764255" visible="true" version="1" changeset="121230929" timestamp="2022-05-20T08:44:02Z" user="Dante Devil" uid="15454530" lat="50.4225206" lon="80.2624494"/>
 <node id="9756765782" visible="true" version="1" changeset="121230929" timestamp="2022-05-20T08:44:02Z" user="Dante Devil" uid="15454530" lat="50.4189590" lon="80.2590572"/>
 <node id="9756765783" visible="true" version="1" changeset="121230929" timestamp="2022-05-20T08:44:02Z" user="Dante Devil" uid="15454530" lat="50.4189480" lon="80.2590396"/>
 <node id="9756765784" visible="true" version="1" changeset="121230929" timestamp="2022-05-20T08:44:02Z" user="Dante Devil" uid="15454530" lat="50.4187839" lon="80.2588267"/>
 <node id="9756765785" visible="true" version="1" changeset="121230929" timestamp="2022-05-20T08:44:02Z" user="Dante Devil" uid="15454530" lat="50.4187993" lon="80.2588513"/>
 <node id="9756765885" visible="true" version="1" changeset="121230929" timestamp="2022-05-20T08:44:02Z" user="Dante Devil" uid="15454530" lat="50.4190487" lon="80.2547376"/>
 <node id="9756765886" visible="true" version="1" changeset="121230929" timestamp="2022-05-20T08:44:02Z" user="Dante Devil" uid="15454530" lat="50.4190669" lon="80.2550344"/>
 <node id="9756765887" visible="true" version="1" changeset="121230929" timestamp="2022-05-20T08:44:02Z" user="Dante Devil" uid="15454530" lat="50.4192844" lon="80.2548312"/>
 <node id="9756765888" visible="true" version="1" changeset="121230929" timestamp="2022-05-20T08:44:02Z" user="Dante Devil" uid="15454530" lat="50.4193086" lon="80.2548710"/>
 <node id="9756765889" visible="true" version="1" changeset="121230929" timestamp="2022-05-20T08:44:02Z" user="Dante Devil" uid="15454530" lat="50.4192023" lon="80.2546579"/>
 <node id="9756765890" visible="true" version="1" changeset="121230929" timestamp="2022-05-20T08:44:02Z" user="Dante Devil" uid="15454530" lat="50.4191888" lon="80.2546782"/>
 <node id="9756765891" visible="true" version="1" changeset="121230929" timestamp="2022-05-20T08:44:02Z" user="Dante Devil" uid="15454530" lat="50.4181465" lon="80.2545534"/>
 <node id="9756765892" visible="true" version="1" changeset="121230929" timestamp="2022-05-20T08:44:02Z" user="Dante Devil" uid="15454530" lat="50.4180784" lon="80.2546559"/>
 <node id="9756765893" visible="true" version="1" changeset="121230929" timestamp="2022-05-20T08:44:02Z" user="Dante Devil" uid="15454530" lat="50.4180519" lon="80.2546125"/>
 <node id="9756765894" visible="true" version="1" changeset="121230929" timestamp="2022-05-20T08:44:02Z" user="Dante Devil" uid="15454530" lat="50.4181200" lon="80.2545100"/>
 <node id="9756765895" visible="true" version="1" changeset="121230929" timestamp="2022-05-20T08:44:02Z" user="Dante Devil" uid="15454530" lat="50.4179699" lon="80.2571934"/>
 <node id="9756765896" visible="true" version="1" changeset="121230929" timestamp="2022-05-20T08:44:02Z" user="Dante Devil" uid="15454530" lat="50.4179891" lon="80.2572263"/>
 <node id="9756765897" visible="true" version="1" changeset="121230929" timestamp="2022-05-20T08:44:02Z" user="Dante Devil" uid="15454530" lat="50.4180072" lon="80.2572003"/>
 <node id="9756765898" visible="true" version="1" changeset="121230929" timestamp="2022-05-20T08:44:02Z" user="Dante Devil" uid="15454530" lat="50.4179879" lon="80.2571674"/>
 <node id="9756765899" visible="true" version="1" changeset="121230929" timestamp="2022-05-20T08:44:02Z" user="Dante Devil" uid="15454530" lat="50.4179543" lon="80.2570048"/>
 <node id="9756765900" visible="true" version="1" changeset="121230929" timestamp="2022-05-20T08:44:02Z" user="Dante Devil" uid="15454530" lat="50.4179780" lon="80.2570442"/>
 <node id="9756765901" visible="true" version="1" changeset="121230929" timestamp="2022-05-20T08:44:02Z" user="Dante Devil" uid="15454530" lat="50.4179481" lon="80.2570885"/>
 <node id="9756765902" visible="true" version="1" changeset="121230929" timestamp="2022-05-20T08:44:02Z" user="Dante Devil" uid="15454530" lat="50.4179244" lon="80.2570490"/>
 <node id="9756765903" visible="true" version="1" changeset="121230929" timestamp="2022-05-20T08:44:02Z" user="Dante Devil" uid="15454530" lat="50.4176433" lon="80.2573327"/>
 <node id="9756765904" visible="true" version="1" changeset="121230929" timestamp="2022-05-20T08:44:02Z" user="Dante Devil" uid="15454530" lat="50.4177098" lon="80.2574390"/>
 <node id="9756765905" visible="true" version="1" changeset="121230929" timestamp="2022-05-20T08:44:02Z" user="Dante Devil" uid="15454530" lat="50.4177557" lon="80.2573683"/>
 <node id="9756765906" visible="true" version="1" changeset="121230929" timestamp="2022-05-20T08:44:02Z" user="Dante Devil" uid="15454530" lat="50.4176893" lon="80.2572620"/>
 <node id="9756765907" visible="true" version="1" changeset="121230929" timestamp="2022-05-20T08:44:02Z" user="Dante Devil" uid="15454530" lat="50.4182481" lon="80.2563313"/>
 <node id="9756765908" visible="true" version="1" changeset="121230929" timestamp="2022-05-20T08:44:02Z" user="Dante Devil" uid="15454530" lat="50.4183062" lon="80.2564225"/>
 <node id="9756765909" visible="true" version="1" changeset="121230929" timestamp="2022-05-20T08:44:02Z" user="Dante Devil" uid="15454530" lat="50.4184344" lon="80.2562213"/>
 <node id="9756765910" visible="true" version="1" changeset="121230929" timestamp="2022-05-20T08:44:02Z" user="Dante Devil" uid="15454530" lat="50.4183763" lon="80.2561301"/>
 <node id="9757683322" visible="true" version="1" changeset="121250783" timestamp="2022-05-20T15:37:12Z" user="Dante Devil" uid="15454530" lat="50.4176249" lon="80.2570361"/>
 <node id="9757683323" visible="true" version="1" changeset="121250783" timestamp="2022-05-20T15:37:12Z" user="Dante Devil" uid="15454530" lat="50.4176064" lon="80.2570646"/>
 <node id="9757683324" visible="true" version="1" changeset="121250783" timestamp="2022-05-20T15:37:12Z" user="Dante Devil" uid="15454530" lat="50.4175891" lon="80.2570370"/>
 <node id="9757683325" visible="true" version="1" changeset="121250783" timestamp="2022-05-20T15:37:12Z" user="Dante Devil" uid="15454530" lat="50.4176077" lon="80.2570085"/>
 <node id="9868253110" visible="true" version="6" changeset="177472697" timestamp="2026-01-20T12:02:20Z" user="Evgeniya_rocketdata" uid="17513069" lat="50.4180994" lon="80.2534398">
  <tag k="amenity" v="doctors"/>
  <tag k="contact:email" v="infokz@invitro.kz"/>
  <tag k="contact:facebook" v="https://facebook.com/invitro.kz"/>
  <tag k="contact:instagram" v="https://instagram.com/invitro.kz"/>
  <tag k="contact:phone" v="+7 707 258 5888"/>
  <tag k="contact:website" v="https://invitro.kz/"/>
  <tag k="healthcare" v="laboratory"/>
  <tag k="healthcare:speciality" v="biology"/>
  <tag k="name" v="Invitro"/>
  <tag k="opening_hours" v="Mo-Fr 07:30-15:30; Sa 08:00-13:00"/>
  <tag k="operator" v="Инвитро"/>
 </node>
 <node id="10106904245" visible="true" version="1" changeset="127630620" timestamp="2022-10-16T18:03:20Z" user="rza31" uid="2137840" lat="50.4143155" lon="80.2543840"/>
 <node id="10159663817" visible="true" version="1" changeset="128527261" timestamp="2022-11-05T16:08:45Z" user="Nurlan1981" uid="17591078" lat="50.4154243" lon="80.2547168">
  <tag k="addr:street" v="Шакарима 54б"/>
  <tag k="opening_hours" v="Su-Fr 09:00-18:00"/>
  <tag k="phone" v="87470627443"/>
  <tag k="tourism" v="information"/>
 </node>
 <node id="10185153132" visible="true" version="2" changeset="139647105" timestamp="2023-08-09T08:35:34Z" user="NossobRiver" uid="18953862" lat="50.4183681" lon="80.2636864"/>
 <node id="10248800224" visible="true" version="2" changeset="134808823" timestamp="2023-04-12T10:02:19Z" user="Evgeniya_rocketdata" uid="17513069" lat="50.4145680" lon="80.2530710">
  <tag k="contact:instagram" v="https://instagram.com/seiflombard.kz"/>
  <tag k="contact:phone" v="+7 707 833 3555"/>
  <tag k="contact:website" v="https://seiflombard.kz/"/>
  <tag k="name" v="Сейф"/>
  <tag k="opening_hours" v="Mo-Su 09:00-19:00"/>
  <tag k="shop" v="pawnbroker"/>
  <tag k="telegram" v="http://t.me/seiflombard_bot"/>
 </node>
 <node id="10255615738" visible="true" version="2" changeset="137684063" timestamp="2023-06-23T11:09:04Z" user="Evgeniya_rocketdata" uid="17513069" lat="50.4177851" lon="80.2541453">
  <tag k="amenity" v="doctors"/>
  <tag k="contact:email" v="consultant@invivo.kz"/>
  <tag k="contact:facebook" v="https://www.facebook.com/invivokz"/>
  <tag k="contact:instagram" v="https://www.instagram.com/invivokz/"/>
  <tag k="contact:phone" v="+7 727 339 0480;+7 778 769 3881"/>
  <tag k="contact:vk" v="https://vk.com/public213214447"/>
  <tag k="contact:website" v="https://invivo.kz"/>
  <tag k="contact:youtube" v="https://www.youtube.com/channel/UCaTl33KX8Bl2stUun0qdajQ"/>
  <tag k="name" v="Invivo"/>
  <tag k="opening_hours" v="Mo-Fr 07:30-18:00; Sa-Su 08:00-13:00"/>
  <tag k="operator" v="INVIVO (Инвиво)"/>
 </node>
 <node id="10290834457" visible="true" version="2" changeset="134808823" timestamp="2023-04-12T10:02:19Z" user="Evgeniya_rocketdata" uid="17513069" lat="50.4185814" lon="80.2528363">
  <tag k="contact:instagram" v="https://instagram.com/seiflombard.kz"/>
  <tag k="contact:phone" v="+7 707 833 3555"/>
  <tag k="contact:website" v="https://seiflombard.kz/"/>
  <tag k="name" v="Сейф"/>
  <tag k="opening_hours" v="Mo-Su 09:00-19:00"/>
  <tag k="shop" v="pawnbroker"/>
  <tag k="telegram" v="http://t.me/seiflombard_bot"/>
 </node>
 <node id="10567197382" visible="true" version="3" changeset="137684063" timestamp="2023-06-23T11:09:04Z" user="Evgeniya_rocketdata" uid="17513069" lat="50.4175167" lon="80.2560014">
  <tag k="amenity" v="doctors"/>
  <tag k="contact:email" v="consultant@invivo.kz"/>
  <tag k="contact:facebook" v="https://www.facebook.com/invivokz"/>
  <tag k="contact:instagram" v="https://www.instagram.com/invivokz/"/>
  <tag k="contact:phone" v="+7 727 339 0480;+7 778 769 3881"/>
  <tag k="contact:vk" v="https://vk.com/public213214447"/>
  <tag k="contact:website" v="https://invivo.kz"/>
  <tag k="contact:youtube" v="https://www.youtube.com/channel/UCaTl33KX8Bl2stUun0qdajQ"/>
  <tag k="name" v="Invivo"/>
  <tag k="opening_hours" v="Mo-Fr 07:30-18:00; Sa 08:00-13:00"/>
  <tag k="operator" v="INVIVO (Инвиво)"/>
 </node>
 <node id="10578527562" visible="true" version="1" changeset="131640917" timestamp="2023-01-24T09:06:55Z" user="Ks_Ko" uid="18302970" lat="50.4154075" lon="80.2569533">
  <tag k="amenity" v="clinic"/>
  <tag k="healthcare" v="clinic"/>
  <tag k="name" v="Медицинский центр Жан-Ер"/>
 </node>
 <node id="10765308263" visible="true" version="1" changeset="134160331" timestamp="2023-03-27T06:13:22Z" user="LakeVostok" uid="16853710" lat="50.4155646" lon="80.2485873"/>
 <node id="10765308270" visible="true" version="1" changeset="134160331" timestamp="2023-03-27T06:13:22Z" user="LakeVostok" uid="16853710" lat="50.4160768" lon="80.2494110"/>
 <node id="10765308293" visible="true" version="1" changeset="134160331" timestamp="2023-03-27T06:13:22Z" user="LakeVostok" uid="16853710" lat="50.4148198" lon="80.2473706"/>
 <node id="10994132879" visible="true" version="3" changeset="167095355" timestamp="2025-06-02T14:37:31Z" user="Evgeniya_rocketdata" uid="17513069" lat="50.4187403" lon="80.2525494">
  <tag k="brand" v="Solva"/>
  <tag k="brand:wikidata" v="Q117351534"/>
  <tag k="contact:email" v="support@solva.kz"/>
  <tag k="contact:facebook" v="https://www.facebook.com/solva.kz"/>
  <tag k="contact:instagram" v="https://www.instagram.com/solva_app/"/>
  <tag k="contact:linkedin" v="https://www.linkedin.com/company/solvaglobal/"/>
  <tag k="contact:phone" v="+7 701 006 3535;+7 702 010 0073"/>
  <tag k="contact:website" v="https://solva.kz"/>
  <tag k="name" v="Solva"/>
  <tag k="name:en" v="Solva"/>
  <tag k="office" v="financial_advisor"/>
  <tag k="opening_hours" v="Mo-Su 10:00-14:00,15:00-19:00"/>
 </node>
 <node id="11050505033" visible="true" version="1" changeset="138607270" timestamp="2023-07-17T07:25:31Z" user="LakeTopozero" uid="17110754" lat="50.4182852" lon="80.2565845"/>
 <node id="11050505034" visible="true" version="1" changeset="138607270" timestamp="2023-07-17T07:25:31Z" user="LakeTopozero" uid="17110754" lat="50.4178446" lon="80.2559015"/>
 <node id="11050505035" visible="true" version="1" changeset="138607270" timestamp="2023-07-17T07:25:31Z" user="LakeTopozero" uid="17110754" lat="50.4184969" lon="80.2563074"/>
 <node id="11050505036" visible="true" version="1" changeset="138607270" timestamp="2023-07-17T07:25:31Z" user="LakeTopozero" uid="17110754" lat="50.4181599" lon="80.2567556"/>
 <node id="11050505037" visible="true" version="1" changeset="138607270" timestamp="2023-07-17T07:25:31Z" user="LakeTopozero" uid="17110754" lat="50.4181263" lon="80.2567804"/>
 <node id="11050505038" visible="true" version="1" changeset="138607270" timestamp="2023-07-17T07:25:31Z" user="LakeTopozero" uid="17110754" lat="50.4180973" lon="80.2567898"/>
 <node id="11050505039" visible="true" version="1" changeset="138607270" timestamp="2023-07-17T07:25:31Z" user="LakeTopozero" uid="17110754" lat="50.4180650" lon="80.2567856"/>
 <node id="11050505040" visible="true" version="1" changeset="138607270" timestamp="2023-07-17T07:25:31Z" user="LakeTopozero" uid="17110754" lat="50.4180386" lon="80.2567670"/>
 <node id="11050505041" visible="true" version="1" changeset="138607270" timestamp="2023-07-17T07:25:31Z" user="LakeTopozero" uid="17110754" lat="50.4177269" lon="80.2562665"/>
 <node id="11050505042" visible="true" version="1" changeset="138607270" timestamp="2023-07-17T07:25:31Z" user="LakeTopozero" uid="17110754" lat="50.4177039" lon="80.2562148"/>
 <node id="11050505043" visible="true" version="1" changeset="138607270" timestamp="2023-07-17T07:25:31Z" user="LakeTopozero" uid="17110754" lat="50.4176986" lon="80.2561672"/>
 <node id="11050505044" visible="true" version="1" changeset="138607270" timestamp="2023-07-17T07:25:31Z" user="LakeTopozero" uid="17110754" lat="50.4177065" lon="80.2561145"/>
 <node id="11050505045" visible="true" version="1" changeset="138607270" timestamp="2023-07-17T07:25:31Z" user="LakeTopozero" uid="17110754" lat="50.4177263" lon="80.2560690"/>
 <node id="11050505046" visible="true" version="1" changeset="138607270" timestamp="2023-07-17T07:25:31Z" user="LakeTopozero" uid="17110754" lat="50.4180630" lon="80.2556069"/>
 <node id="11054397495" visible="true" version="1" changeset="138704752" timestamp="2023-07-19T08:57:01Z" user="WardDrain" uid="18953746" lat="50.4130678" lon="80.2527988"/>
 <node id="11066016156" visible="true" version="1" changeset="138964459" timestamp="2023-07-25T01:45:13Z" user="WardDrain" uid="18953746" lat="50.4177060" lon="80.2628076"/>
 <node id="11066016163" visible="true" version="1" changeset="138964459" timestamp="2023-07-25T01:45:13Z" user="WardDrain" uid="18953746" lat="50.4175813" lon="80.2626317"/>
 <node id="11066033383" visible="true" version="1" changeset="138964340" timestamp="2023-07-25T01:38:12Z" user="WardDrain" uid="18953746" lat="50.4154259" lon="80.2639097"/>
 <node id="11066033390" visible="true" version="1" changeset="138964340" timestamp="2023-07-25T01:38:12Z" user="WardDrain" uid="18953746" lat="50.4157840" lon="80.2633159"/>
 <node id="11066043715" visible="true" version="1" changeset="138964788" timestamp="2023-07-25T02:06:23Z" user="WardDrain" uid="18953746" lat="50.4148761" lon="80.2604706"/>
 <node id="11066043716" visible="true" version="1" changeset="138964788" timestamp="2023-07-25T02:06:23Z" user="WardDrain" uid="18953746" lat="50.4147991" lon="80.2604679"/>
 <node id="11066043717" visible="true" version="1" changeset="138964788" timestamp="2023-07-25T02:06:23Z" user="WardDrain" uid="18953746" lat="50.4148889" lon="80.2604565"/>
 <node id="11066043718" visible="true" version="1" changeset="138964788" timestamp="2023-07-25T02:06:23Z" user="WardDrain" uid="18953746" lat="50.4148180" lon="80.2604686"/>
 <node id="11066043719" visible="true" version="1" changeset="138964788" timestamp="2023-07-25T02:06:23Z" user="WardDrain" uid="18953746" lat="50.4148585" lon="80.2604786"/>
 <node id="11066043720" visible="true" version="1" changeset="138964788" timestamp="2023-07-25T02:06:23Z" user="WardDrain" uid="18953746" lat="50.4147795" lon="80.2604793"/>
 <node id="11066043721" visible="true" version="1" changeset="138964788" timestamp="2023-07-25T02:06:23Z" user="WardDrain" uid="18953746" lat="50.4151581" lon="80.2600515"/>
 <node id="11066043722" visible="true" version="1" changeset="138964788" timestamp="2023-07-25T02:06:23Z" user="WardDrain" uid="18953746" lat="50.4145734" lon="80.2607560"/>
 <node id="11066056414" visible="true" version="1" changeset="138964872" timestamp="2023-07-25T02:11:48Z" user="WardDrain" uid="18953746" lat="50.4160182" lon="80.2493167"/>
 <node id="11066056421" visible="true" version="1" changeset="138964872" timestamp="2023-07-25T02:11:48Z" user="WardDrain" uid="18953746" lat="50.4159034" lon="80.2491321"/>
 <node id="11066070824" visible="true" version="1" changeset="138965136" timestamp="2023-07-25T02:28:26Z" user="WardDrain" uid="18953746" lat="50.4159494" lon="80.2562200"/>
 <node id="11066070825" visible="true" version="1" changeset="138965136" timestamp="2023-07-25T02:28:26Z" user="WardDrain" uid="18953746" lat="50.4157734" lon="80.2558485"/>
 <node id="11066070826" visible="true" version="1" changeset="138965136" timestamp="2023-07-25T02:28:26Z" user="WardDrain" uid="18953746" lat="50.4159426" lon="80.2561623"/>
 <node id="11066070827" visible="true" version="1" changeset="138965136" timestamp="2023-07-25T02:28:26Z" user="WardDrain" uid="18953746" lat="50.4159417" lon="80.2562776"/>
 <node id="11066070828" visible="true" version="1" changeset="138965136" timestamp="2023-07-25T02:28:26Z" user="WardDrain" uid="18953746" lat="50.4159169" lon="80.2563876"/>
 <node id="11066070829" visible="true" version="1" changeset="138965136" timestamp="2023-07-25T02:28:26Z" user="WardDrain" uid="18953746" lat="50.4156286" lon="80.2569366"/>
 <node id="11077966204" visible="true" version="1" changeset="139234045" timestamp="2023-07-31T04:37:57Z" user="MountBabia" uid="18236549" lat="50.4175602" lon="80.2567312"/>
 <node id="11077978234" visible="true" version="1" changeset="139233769" timestamp="2023-07-31T04:23:39Z" user="MountBabia" uid="18236549" lat="50.4162143" lon="80.2556574"/>
 <node id="11077978235" visible="true" version="1" changeset="139233769" timestamp="2023-07-31T04:23:39Z" user="MountBabia" uid="18236549" lat="50.4161528" lon="80.2555139"/>
 <node id="11077978236" visible="true" version="1" changeset="139233769" timestamp="2023-07-31T04:23:39Z" user="MountBabia" uid="18236549" lat="50.4161682" lon="80.2554274"/>
 <node id="11077978237" visible="true" version="1" changeset="139233769" timestamp="2023-07-31T04:23:39Z" user="MountBabia" uid="18236549" lat="50.4165673" lon="80.2562649"/>
 <node id="11077978238" visible="true" version="1" changeset="139233769" timestamp="2023-07-31T04:23:39Z" user="MountBabia" uid="18236549" lat="50.4165553" lon="80.2562069"/>
 <node id="11077978239" visible="true" version="1" changeset="139233769" timestamp="2023-07-31T04:23:39Z" user="MountBabia" uid="18236549" lat="50.4165608" lon="80.2562863"/>
 <node id="11077978240" visible="true" version="1" changeset="139233769" timestamp="2023-07-31T04:23:39Z" user="MountBabia" uid="18236549" lat="50.4160323" lon="80.2570930"/>
 <node id="11077978241" visible="true" version="1" changeset="139233769" timestamp="2023-07-31T04:23:39Z" user="MountBabia" uid="18236549" lat="50.4163784" lon="80.2565727"/>
 <node id="11077978242" visible="true" version="1" changeset="139233769" timestamp="2023-07-31T04:23:39Z" user="MountBabia" uid="18236549" lat="50.4165373" lon="80.2563286"/>
 <node id="11077978243" visible="true" version="1" changeset="139233769" timestamp="2023-07-31T04:23:39Z" user="MountBabia" uid="18236549" lat="50.4165666" lon="80.2562404"/>
 <node id="11077978244" visible="true" version="1" changeset="139233769" timestamp="2023-07-31T04:23:39Z" user="MountBabia" uid="18236549" lat="50.4165282" lon="80.2561616"/>
 <node id="11077978245" visible="true" version="1" changeset="139233769" timestamp="2023-07-31T04:23:39Z" user="MountBabia" uid="18236549" lat="50.4163925" lon="80.2559447"/>
 <node id="11077978246" visible="true" version="1" changeset="139233769" timestamp="2023-07-31T04:23:39Z" user="MountBabia" uid="18236549" lat="50.4162733" lon="80.2557532"/>
 <node id="11077978247" visible="true" version="1" changeset="139233769" timestamp="2023-07-31T04:23:39Z" user="MountBabia" uid="18236549" lat="50.4161562" lon="80.2555534"/>
 <node id="11077978248" visible="true" version="1" changeset="139233769" timestamp="2023-07-31T04:23:39Z" user="MountBabia" uid="18236549" lat="50.4161545" lon="80.2554756"/>
 <node id="11077978249" visible="true" version="1" changeset="139233769" timestamp="2023-07-31T04:23:39Z" user="MountBabia" uid="18236549" lat="50.4161878" lon="80.2553898"/>
 <node id="11077978250" visible="true" version="1" changeset="139233769" timestamp="2023-07-31T04:23:39Z" user="MountBabia" uid="18236549" lat="50.4162593" lon="80.2552845"/>
 <node id="11077996905" visible="true" version="1" changeset="139234045" timestamp="2023-07-31T04:37:57Z" user="MountBabia" uid="18236549" lat="50.4175446" lon="80.2567296"/>
 <node id="11077996906" visible="true" version="1" changeset="139234045" timestamp="2023-07-31T04:37:57Z" user="MountBabia" uid="18236549" lat="50.4175528" lon="80.2567292"/>
 <node id="11077996907" visible="true" version="1" changeset="139234045" timestamp="2023-07-31T04:37:57Z" user="MountBabia" uid="18236549" lat="50.4175961" lon="80.2567799"/>
 <node id="11077996908" visible="true" version="1" changeset="139234045" timestamp="2023-07-31T04:37:57Z" user="MountBabia" uid="18236549" lat="50.4176850" lon="80.2569106"/>
 <node id="11077996909" visible="true" version="1" changeset="139234045" timestamp="2023-07-31T04:37:57Z" user="MountBabia" uid="18236549" lat="50.4173335" lon="80.2570473"/>
 <node id="11077996910" visible="true" version="1" changeset="139234045" timestamp="2023-07-31T04:37:57Z" user="MountBabia" uid="18236549" lat="50.4179619" lon="80.2576053"/>
 <node id="11077996911" visible="true" version="1" changeset="139234045" timestamp="2023-07-31T04:37:57Z" user="MountBabia" uid="18236549" lat="50.4179456" lon="80.2573921"/>
 <node id="11077996912" visible="true" version="1" changeset="139234045" timestamp="2023-07-31T04:37:57Z" user="MountBabia" uid="18236549" lat="50.4179499" lon="80.2574618"/>
 <node id="11077996913" visible="true" version="1" changeset="139234045" timestamp="2023-07-31T04:37:57Z" user="MountBabia" uid="18236549" lat="50.4178805" lon="80.2579598"/>
 <node id="11077996914" visible="true" version="1" changeset="139234045" timestamp="2023-07-31T04:37:57Z" user="MountBabia" uid="18236549" lat="50.4175359" lon="80.2567336"/>
 <node id="11077996915" visible="true" version="1" changeset="139234045" timestamp="2023-07-31T04:37:57Z" user="MountBabia" uid="18236549" lat="50.4177773" lon="80.2570555"/>
 <node id="11077996916" visible="true" version="1" changeset="139234045" timestamp="2023-07-31T04:37:57Z" user="MountBabia" uid="18236549" lat="50.4178815" lon="80.2572365"/>
 <node id="11077996917" visible="true" version="1" changeset="139234045" timestamp="2023-07-31T04:37:57Z" user="MountBabia" uid="18236549" lat="50.4179251" lon="80.2573237"/>
 <node id="11077996918" visible="true" version="1" changeset="139234045" timestamp="2023-07-31T04:37:57Z" user="MountBabia" uid="18236549" lat="50.4179533" lon="80.2575369"/>
 <node id="11077996919" visible="true" version="1" changeset="139234045" timestamp="2023-07-31T04:37:57Z" user="MountBabia" uid="18236549" lat="50.4179730" lon="80.2576616"/>
 <node id="11077996920" visible="true" version="1" changeset="139234045" timestamp="2023-07-31T04:37:57Z" user="MountBabia" uid="18236549" lat="50.4180260" lon="80.2577770"/>
 <node id="11077996921" visible="true" version="1" changeset="139234045" timestamp="2023-07-31T04:37:57Z" user="MountBabia" uid="18236549" lat="50.4182310" lon="80.2581149"/>
 <node id="11101016644" visible="true" version="1" changeset="139642218" timestamp="2023-08-09T06:37:34Z" user="PennyroyalPlateau" uid="16528254" lat="50.4141991" lon="80.2492291"/>
 <node id="11101214136" visible="true" version="1" changeset="139647105" timestamp="2023-08-09T08:35:34Z" user="NossobRiver" uid="18953862" lat="50.4172182" lon="80.2621168"/>
 <node id="11101214137" visible="true" version="1" changeset="139647105" timestamp="2023-08-09T08:35:34Z" user="NossobRiver" uid="18953862" lat="50.4180516" lon="80.2607922"/>
 <node id="11101214138" visible="true" version="1" changeset="139647105" timestamp="2023-08-09T08:35:34Z" user="NossobRiver" uid="18953862" lat="50.4184083" lon="80.2601621"/>
 <node id="11101214139" visible="true" version="1" changeset="139647105" timestamp="2023-08-09T08:35:34Z" user="NossobRiver" uid="18953862" lat="50.4190305" lon="80.2611994"/>
 <node id="11101214140" visible="true" version="1" changeset="139647105" timestamp="2023-08-09T08:35:34Z" user="NossobRiver" uid="18953862" lat="50.4196915" lon="80.2623218"/>
 <node id="11101214141" visible="true" version="1" changeset="139647105" timestamp="2023-08-09T08:35:34Z" user="NossobRiver" uid="18953862" lat="50.4195366" lon="80.2620653"/>
 <node id="11101214144" visible="true" version="1" changeset="139647105" timestamp="2023-08-09T08:35:34Z" user="NossobRiver" uid="18953862" lat="50.4192160" lon="80.2626150"/>
 <node id="11101214145" visible="true" version="1" changeset="139647105" timestamp="2023-08-09T08:35:34Z" user="NossobRiver" uid="18953862" lat="50.4183855" lon="80.2613171"/>
 <node id="11101214146" visible="true" version="1" changeset="139647105" timestamp="2023-08-09T08:35:34Z" user="NossobRiver" uid="18953862" lat="50.4177846" lon="80.2598324"/>
 <node id="11101214147" visible="true" version="1" changeset="139647105" timestamp="2023-08-09T08:35:34Z" user="NossobRiver" uid="18953862" lat="50.4185476" lon="80.2610828"/>
 <node id="11101214148" visible="true" version="1" changeset="139647105" timestamp="2023-08-09T08:35:34Z" user="NossobRiver" uid="18953862" lat="50.4193502" lon="80.2624044"/>
 <node id="11101214889" visible="true" version="1" changeset="139647533" timestamp="2023-08-09T08:44:20Z" user="NossobRiver" uid="18953862" lat="50.4172561" lon="80.2621738"/>
 <node id="11191918184" visible="true" version="1" changeset="141281811" timestamp="2023-09-15T02:23:50Z" user="WardDrain" uid="18953746" lat="50.4124504" lon="80.2559103"/>
 <node id="11191918194" visible="true" version="1" changeset="141281811" timestamp="2023-09-15T02:23:50Z" user="WardDrain" uid="18953746" lat="50.4124875" lon="80.2545676"/>
 <node id="11191955417" visible="true" version="1" changeset="141281607" timestamp="2023-09-15T02:09:03Z" user="WardDrain" uid="18953746" lat="50.4149687" lon="80.2596313"/>
 <node id="11191955418" visible="true" version="2" changeset="170778191" timestamp="2025-08-21T12:50:15Z" user="PolondDesert" uid="22220225" lat="50.4149450" lon="80.2592743"/>
 <node id="11191955419" visible="true" version="1" changeset="141281607" timestamp="2023-09-15T02:09:03Z" user="WardDrain" uid="18953746" lat="50.4150436" lon="80.2594973"/>
 <node id="11191955420" visible="true" version="1" changeset="141281607" timestamp="2023-09-15T02:09:03Z" user="WardDrain" uid="18953746" lat="50.4146436" lon="80.2600542"/>
 <node id="11191955421" visible="true" version="1" changeset="141281607" timestamp="2023-09-15T02:09:03Z" user="WardDrain" uid="18953746" lat="50.4144339" lon="80.2597673"/>
 <node id="11191955422" visible="true" version="1" changeset="141281607" timestamp="2023-09-15T02:09:03Z" user="WardDrain" uid="18953746" lat="50.4146111" lon="80.2600448"/>
 <node id="11191955423" visible="true" version="1" changeset="141281607" timestamp="2023-09-15T02:09:03Z" user="WardDrain" uid="18953746" lat="50.4146761" lon="80.2600461"/>
 <node id="11191955424" visible="true" version="1" changeset="141281607" timestamp="2023-09-15T02:09:03Z" user="WardDrain" uid="18953746" lat="50.4147051" lon="80.2600273"/>
 <node id="11191955425" visible="true" version="1" changeset="141281607" timestamp="2023-09-15T02:09:03Z" user="WardDrain" uid="18953746" lat="50.4150401" lon="80.2595285"/>
 <node id="11191955426" visible="true" version="1" changeset="141281607" timestamp="2023-09-15T02:09:03Z" user="WardDrain" uid="18953746" lat="50.4150423" lon="80.2594674"/>
 <node id="11191955427" visible="true" version="1" changeset="141281607" timestamp="2023-09-15T02:09:03Z" user="WardDrain" uid="18953746" lat="50.4150367" lon="80.2594346"/>
 <node id="11191955428" visible="true" version="1" changeset="141281607" timestamp="2023-09-15T02:09:03Z" user="WardDrain" uid="18953746" lat="50.4148528" lon="80.2591168"/>
 <node id="11192600477" visible="true" version="2" changeset="168942608" timestamp="2025-07-15T03:13:15Z" user="MountBabia" uid="18236549" lat="50.4154709" lon="80.2524018"/>
 <node id="11192600478" visible="true" version="2" changeset="168942608" timestamp="2025-07-15T03:13:15Z" user="MountBabia" uid="18236549" lat="50.4156383" lon="80.2527076"/>
 <node id="11192600479" visible="true" version="2" changeset="168942608" timestamp="2025-07-15T03:13:15Z" user="MountBabia" uid="18236549" lat="50.4157375" lon="80.2528739"/>
 <node id="11192600480" visible="true" version="2" changeset="168942608" timestamp="2025-07-15T03:13:15Z" user="MountBabia" uid="18236549" lat="50.4158708" lon="80.2530402"/>
 <node id="11192600481" visible="true" version="2" changeset="168942608" timestamp="2025-07-15T03:13:15Z" user="MountBabia" uid="18236549" lat="50.4159733" lon="80.2531528"/>
 <node id="11192600482" visible="true" version="3" changeset="188463425" timestamp="2026-09-03T10:17:11Z" user="ChimborazoMountain" uid="23043074" lat="50.4160964" lon="80.2531421"/>
 <node id="11192617425" visible="true" version="1" changeset="141288746" timestamp="2023-09-15T07:23:01Z" user="WellandCanal" uid="17826497" lat="50.4196867" lon="80.2582093"/>
 <node id="11192651089" visible="true" version="1" changeset="141289379" timestamp="2023-09-15T07:39:31Z" user="WellandCanal" uid="17826497" lat="50.4182152" lon="80.2529282"/>
 <node id="11192651090" visible="true" version="1" changeset="141289379" timestamp="2023-09-15T07:39:31Z" user="WellandCanal" uid="17826497" lat="50.4183661" lon="80.2527022"/>
 <node id="11192651091" visible="true" version="1" changeset="141289379" timestamp="2023-09-15T07:39:31Z" user="WellandCanal" uid="17826497" lat="50.4185079" lon="80.2525145"/>
 <node id="11192651092" visible="true" version="1" changeset="141289379" timestamp="2023-09-15T07:39:31Z" user="WellandCanal" uid="17826497" lat="50.4185814" lon="80.2524045"/>
 <node id="11192651093" visible="true" version="1" changeset="141289379" timestamp="2023-09-15T07:39:31Z" user="WellandCanal" uid="17826497" lat="50.4185916" lon="80.2523240"/>
 <node id="11192651094" visible="true" version="1" changeset="141289379" timestamp="2023-09-15T07:39:31Z" user="WellandCanal" uid="17826497" lat="50.4185489" lon="80.2522463"/>
 <node id="11192651095" visible="true" version="1" changeset="141289379" timestamp="2023-09-15T07:39:31Z" user="WellandCanal" uid="17826497" lat="50.4183285" lon="80.2518976"/>
 <node id="11368213615" visible="true" version="1" changeset="144317622" timestamp="2023-11-22T09:22:02Z" user="Evgeniya_rocketdata" uid="17513069" lat="50.4175679" lon="80.2541372">
  <tag k="contact:email" v="nfo@proargo.com"/>
  <tag k="contact:phone" v="+7 705 498 8222"/>
  <tag k="contact:website" v="https://proargo.com"/>
  <tag k="name" v="Арго"/>
  <tag k="opening_hours" v="Mo-Fr 10:00-18:00; Sa 10:00-16:00"/>
  <tag k="shop" v="nutrition_supplements"/>
 </node>
 <node id="11518728261" visible="true" version="1" changeset="146276072" timestamp="2024-01-15T10:51:50Z" user="Evgeniya_rocketdata" uid="17513069" lat="50.4168381" lon="80.2555829">
  <tag k="contact:phone" v="+7 7222 60 44 29"/>
  <tag k="contact:website" v="https://kmf.kz"/>
  <tag k="name" v="Kmf"/>
  <tag k="opening_hours" v="Mo-Fr 09:00-18:00"/>
  <tag k="shop" v="money_lender"/>
 </node>
 <node id="11648993339" visible="true" version="1" changeset="147729818" timestamp="2024-02-21T11:54:47Z" user="Stasyan646" uid="20808114" lat="50.4174970" lon="80.2549459"/>
 <node id="11648993340" visible="true" version="1" changeset="147729818" timestamp="2024-02-21T11:54:47Z" user="Stasyan646" uid="20808114" lat="50.4174671" lon="80.2549459"/>
 <node id="11648993341" visible="true" version="1" changeset="147729818" timestamp="2024-02-21T11:54:47Z" user="Stasyan646" uid="20808114" lat="50.4174671" lon="80.2549084"/>
 <node id="11648993342" visible="true" version="1" changeset="147729818" timestamp="2024-02-21T11:54:47Z" user="Stasyan646" uid="20808114" lat="50.4174970" lon="80.2549084"/>
 <node id="11912633360" visible="true" version="1" changeset="151449296" timestamp="2024-05-17T11:26:48Z" user="Evgeniya_rocketdata" uid="17513069" lat="50.4188104" lon="80.2524474">
  <tag k="contact:email" v="info@tele2.kz"/>
  <tag k="contact:facebook" v="https://www.facebook.com/Tele2KZ"/>
  <tag k="contact:phone" v="+7 700 800 0880;+7 707 000 0707;611"/>
  <tag k="contact:website" v="https://tele2.kz/new"/>
  <tag k="name" v="Tele2"/>
  <tag k="office" v="telecommunication"/>
  <tag k="opening_hours" v="Mo-Su 09:00-19:00"/>
  <tag k="operator" v="ТОО “Мобайл Телеком - Сервис”"/>
 </node>
 <node id="11975240733" visible="true" version="2" changeset="162730345" timestamp="2025-02-20T08:45:26Z" user="Evgeniya_rocketdata" uid="17513069" lat="50.4147974" lon="80.2601909">
  <tag k="contact:email" v="info@stdlife.kz"/>
  <tag k="contact:facebook" v="https://www.facebook.com/stdlife.kz"/>
  <tag k="contact:instagram" v="https://www.instagram.com/std.lifekz"/>
  <tag k="contact:phone" v="+7 7222 52 09 59;+7 775 284 8266"/>
  <tag k="contact:website" v="https://standardlife.kz"/>
  <tag k="name" v="Standard Life"/>
  <tag k="office" v="insurance"/>
  <tag k="opening_hours" v="Mo-Fr 09:00-13:00,14:00-18:00"/>
  <tag k="operator" v="АО &quot;Компания по страхованию жизни &quot;STANDARD LIFE&quot;"/>
 </node>
 <node id="12487711782" visible="true" version="1" changeset="161192341" timestamp="2025-01-10T05:50:14Z" user="alena9292" uid="20532353" lat="50.4187233" lon="80.2566732"/>
 <node id="12487711783" visible="true" version="1" changeset="161192341" timestamp="2025-01-10T05:50:14Z" user="alena9292" uid="20532353" lat="50.4191494" lon="80.2559860"/>
 <node id="12656873589" visible="true" version="1" changeset="163534884" timestamp="2025-03-12T16:10:07Z" user="LakeTekapo" uid="20366460" lat="50.4161298" lon="80.2494962"/>
 <node id="12656873590" visible="true" version="1" changeset="163534884" timestamp="2025-03-12T16:10:07Z" user="LakeTekapo" uid="20366460" lat="50.4152247" lon="80.2509427"/>
 <node id="12656873591" visible="true" version="1" changeset="163534884" timestamp="2025-03-12T16:10:07Z" user="LakeTekapo" uid="20366460" lat="50.4140686" lon="80.2516790"/>
 <node id="12965720346" visible="true" version="1" changeset="168336913" timestamp="2025-07-01T06:12:38Z" user="GravaneCanal" uid="18414165" lat="50.4140119" lon="80.2589616"/>
 <node id="12965720347" visible="true" version="1" changeset="168336913" timestamp="2025-07-01T06:12:38Z" user="GravaneCanal" uid="18414165" lat="50.4141480" lon="80.2589089"/>
 <node id="12965720348" visible="true" version="1" changeset="168336913" timestamp="2025-07-01T06:12:38Z" user="GravaneCanal" uid="18414165" lat="50.4142830" lon="80.2587292"/>
 <node id="12965720349" visible="true" version="1" changeset="168336913" timestamp="2025-07-01T06:12:38Z" user="GravaneCanal" uid="18414165" lat="50.4143052" lon="80.2586353"/>
 <node id="12965720350" visible="true" version="1" changeset="168336913" timestamp="2025-07-01T06:12:38Z" user="GravaneCanal" uid="18414165" lat="50.4143228" lon="80.2584623"/>
 <node id="12965720351" visible="true" version="1" changeset="168336913" timestamp="2025-07-01T06:12:38Z" user="GravaneCanal" uid="18414165" lat="50.4142539" lon="80.2587962"/>
 <node id="12965720352" visible="true" version="1" changeset="168336913" timestamp="2025-07-01T06:12:38Z" user="GravaneCanal" uid="18414165" lat="50.4139535" lon="80.2583650"/>
 <node id="12965720353" visible="true" version="1" changeset="168336913" timestamp="2025-07-01T06:12:38Z" user="GravaneCanal" uid="18414165" lat="50.4141291" lon="80.2600540"/>
 <node id="12965720354" visible="true" version="1" changeset="168336913" timestamp="2025-07-01T06:12:38Z" user="GravaneCanal" uid="18414165" lat="50.4145744" lon="80.2593394"/>
 <node id="12965720355" visible="true" version="1" changeset="168336913" timestamp="2025-07-01T06:12:38Z" user="GravaneCanal" uid="18414165" lat="50.4148923" lon="80.2588391"/>
 <node id="13000868877" visible="true" version="1" changeset="168942608" timestamp="2025-07-15T03:13:15Z" user="MountBabia" uid="18236549" lat="50.4157754" lon="80.2518772"/>
 <node id="13084131581" visible="true" version="2" changeset="170778191" timestamp="2025-08-21T12:50:15Z" user="PolondDesert" uid="22220225" lat="50.4145208" lon="80.2599142"/>
 <node id="13084131582" visible="true" version="2" changeset="170778191" timestamp="2025-08-21T12:50:15Z" user="PolondDesert" uid="22220225" lat="50.4142700" lon="80.2602811"/>
 <node id="13086842119" visible="true" version="1" changeset="170778191" timestamp="2025-08-21T12:50:15Z" user="PolondDesert" uid="22220225" lat="50.4150640" lon="80.2587903"/>
 <node id="13164940771" visible="true" version="1" changeset="172337065" timestamp="2025-09-23T10:48:56Z" user="sagarawrz07" uid="4831756" lat="50.4150495" lon="80.2583241">
  <tag k="amenity" v="fast_food"/>
  <tag k="check_date" v="2025-09-23"/>
  <tag k="name" v="Mr Pepper"/>
 </node>
 <node id="13381868119" visible="true" version="1" changeset="176018187" timestamp="2025-12-16T18:12:42Z" user="IslandCorfu" uid="23470745" lat="50.4123136" lon="80.2570613"/>
 <node id="13381868120" visible="true" version="1" changeset="176018187" timestamp="2025-12-16T18:12:42Z" user="IslandCorfu" uid="23470745" lat="50.4131307" lon="80.2583984"/>
 <node id="13602279771" visible="true" version="1" changeset="179078914" timestamp="2026-02-26T10:50:35Z" user="da7282" uid="23058984" lat="50.4149469" lon="80.2531235"/>
 <node id="13602279772" visible="true" version="1" changeset="179078914" timestamp="2026-02-26T10:50:35Z" user="da7282" uid="23058984" lat="50.4148827" lon="80.2529189"/>
 <node id="13602279773" visible="true" version="1" changeset="179078914" timestamp="2026-02-26T10:50:35Z" user="da7282" uid="23058984" lat="50.4148694" lon="80.2527582"/>
 <node id="13602279774" visible="true" version="1" changeset="179078914" timestamp="2026-02-26T10:50:35Z" user="da7282" uid="23058984" lat="50.4148961" lon="80.2524672"/>
 <node id="13602279775" visible="true" version="1" changeset="179078914" timestamp="2026-02-26T10:50:35Z" user="da7282" uid="23058984" lat="50.4149635" lon="80.2521540"/>
 <node id="13602279776" visible="true" version="1" changeset="179078914" timestamp="2026-02-26T10:50:35Z" user="da7282" uid="23058984" lat="50.4148591" lon="80.2523114"/>
 <node id="13602279777" visible="true" version="1" changeset="179078914" timestamp="2026-02-26T10:50:35Z" user="da7282" uid="23058984" lat="50.4147536" lon="80.2523554"/>
 <node id="13602279778" visible="true" version="1" changeset="179078914" timestamp="2026-02-26T10:50:35Z" user="da7282" uid="23058984" lat="50.4146423" lon="80.2523717"/>
 <node id="13602279779" visible="true" version="1" changeset="179078914" timestamp="2026-02-26T10:50:35Z" user="da7282" uid="23058984" lat="50.4144491" lon="80.2523002"/>
 <node id="13737212020" visible="true" version="1" changeset="181451600" timestamp="2026-04-17T10:43:15Z" user="RiverTummel" uid="23759843" lat="50.4184139" lon="80.2571869"/>
 <node id="13737212021" visible="true" version="1" changeset="181451600" timestamp="2026-04-17T10:43:15Z" user="RiverTummel" uid="23759843" lat="50.4185489" lon="80.2570206"/>
 <node id="13737212022" visible="true" version="1" changeset="181451600" timestamp="2026-04-17T10:43:15Z" user="RiverTummel" uid="23759843" lat="50.4186053" lon="80.2569589"/>
 <node id="13737212023" visible="true" version="1" changeset="181451600" timestamp="2026-04-17T10:43:15Z" user="RiverTummel" uid="23759843" lat="50.4186549" lon="80.2568999"/>
 <node id="13737212024" visible="true" version="1" changeset="181451600" timestamp="2026-04-17T10:43:15Z" user="RiverTummel" uid="23759843" lat="50.4187010" lon="80.2568516"/>
 <node id="13737212025" visible="true" version="1" changeset="181451600" timestamp="2026-04-17T10:43:15Z" user="RiverTummel" uid="23759843" lat="50.4187489" lon="80.2568194"/>
 <node id="13737212026" visible="true" version="1" changeset="181451600" timestamp="2026-04-17T10:43:15Z" user="RiverTummel" uid="23759843" lat="50.4187980" lon="80.2567934"/>
 <node id="13748236222" visible="true" version="1" changeset="181620943" timestamp="2026-04-21T10:46:22Z" user="LakeTrasimeno" uid="23866583" lat="50.4145855" lon="80.2563353">
  <tag k="access" v="private"/>
  <tag k="barrier" v="gate"/>
 </node>
 <node id="13748236223" visible="true" version="1" changeset="181620943" timestamp="2026-04-21T10:46:22Z" user="LakeTrasimeno" uid="23866583" lat="50.4144479" lon="80.2565485">
  <tag k="access" v="private"/>
  <tag k="barrier" v="gate"/>
 </node>
 <node id="13748236224" visible="true" version="1" changeset="181620943" timestamp="2026-04-21T10:46:22Z" user="LakeTrasimeno" uid="23866583" lat="50.4143702" lon="80.2564359"/>
 <node id="13748236225" visible="true" version="1" changeset="181620943" timestamp="2026-04-21T10:46:22Z" user="LakeTrasimeno" uid="23866583" lat="50.4147821" lon="80.2570501"/>
 <node id="13748236226" visible="true" version="1" changeset="181620943" timestamp="2026-04-21T10:46:22Z" user="LakeTrasimeno" uid="23866583" lat="50.4148222" lon="80.2570340"/>
 <node id="13748236227" visible="true" version="1" changeset="181620943" timestamp="2026-04-21T10:46:22Z" user="LakeTrasimeno" uid="23866583" lat="50.4149000" lon="80.2568892"/>
 <node id="13748236228" visible="true" version="1" changeset="181620943" timestamp="2026-04-21T10:46:22Z" user="LakeTrasimeno" uid="23866583" lat="50.4149008" lon="80.2568275"/>
 <node id="13748236229" visible="true" version="1" changeset="181620943" timestamp="2026-04-21T10:46:22Z" user="LakeTrasimeno" uid="23866583" lat="50.4145043" lon="80.2562159"/>
 <node id="13748447522" visible="true" version="1" changeset="181621920" timestamp="2026-04-21T11:07:49Z" user="LakeTrasimeno" uid="23866583" lat="50.4186762" lon="80.2528766"/>
 <node id="13748447523" visible="true" version="1" changeset="181621920" timestamp="2026-04-21T11:07:49Z" user="LakeTrasimeno" uid="23866583" lat="50.4189112" lon="80.2524984"/>
 <node id="13748447524" visible="true" version="1" changeset="181621920" timestamp="2026-04-21T11:07:49Z" user="LakeTrasimeno" uid="23866583" lat="50.4184607" lon="80.2533155"/>
 <node id="13748447525" visible="true" version="1" changeset="181621920" timestamp="2026-04-21T11:07:49Z" user="LakeTrasimeno" uid="23866583" lat="50.4180089" lon="80.2540098"/>
 <node id="13748447526" visible="true" version="1" changeset="181621920" timestamp="2026-04-21T11:07:49Z" user="LakeTrasimeno" uid="23866583" lat="50.4180037" lon="80.2541278"/>
 <node id="13748447527" visible="true" version="1" changeset="181621920" timestamp="2026-04-21T11:07:49Z" user="LakeTrasimeno" uid="23866583" lat="50.4180567" lon="80.2542499"/>
 <node id="13748511751" visible="true" version="1" changeset="181622337" timestamp="2026-04-21T11:19:24Z" user="LakeTrasimeno" uid="23866583" lat="50.4131763" lon="80.2527103">
  <tag k="access" v="private"/>
  <tag k="barrier" v="gate"/>
 </node>
 <node id="13748511752" visible="true" version="1" changeset="181622337" timestamp="2026-04-21T11:19:24Z" user="LakeTrasimeno" uid="23866583" lat="50.4135215" lon="80.2532735">
  <tag k="access" v="private"/>
  <tag k="barrier" v="gate"/>
 </node>
 <node id="13748511753" visible="true" version="1" changeset="181622337" timestamp="2026-04-21T11:19:24Z" user="LakeTrasimeno" uid="23866583" lat="50.4130968" lon="80.2528444"/>
 <node id="13748511754" visible="true" version="1" changeset="181622337" timestamp="2026-04-21T11:19:24Z" user="LakeTrasimeno" uid="23866583" lat="50.4134002" lon="80.2523616"/>
 <node id="13748511755" visible="true" version="1" changeset="181622337" timestamp="2026-04-21T11:19:24Z" user="LakeTrasimeno" uid="23866583" lat="50.4134386" lon="80.2523616"/>
 <node id="13748511756" visible="true" version="1" changeset="181622337" timestamp="2026-04-21T11:19:24Z" user="LakeTrasimeno" uid="23866583" lat="50.4137360" lon="80.2528565"/>
 <node id="13748511757" visible="true" version="1" changeset="181622337" timestamp="2026-04-21T11:19:24Z" user="LakeTrasimeno" uid="23866583" lat="50.4137352" lon="80.2529289"/>
 <node id="13748511758" visible="true" version="1" changeset="181622337" timestamp="2026-04-21T11:19:24Z" user="LakeTrasimeno" uid="23866583" lat="50.4134480" lon="80.2533969"/>
 <node id="13748800914" visible="true" version="1" changeset="181626045" timestamp="2026-04-21T12:48:06Z" user="AstinoValley" uid="23759941" lat="50.4193902" lon="80.2548286"/>
 <node id="13748848514" visible="true" version="1" changeset="181626845" timestamp="2026-04-21T13:06:42Z" user="AstinoValley" uid="23759941" lat="50.4198854" lon="80.2514979"/>
 <node id="13748871726" visible="true" version="1" changeset="181627540" timestamp="2026-04-21T13:21:52Z" user="AstinoValley" uid="23759941" lat="50.4177176" lon="80.2513214"/>
 <node id="14144177276" visible="true" version="1" changeset="188464320" timestamp="2026-09-03T10:36:28Z" user="ChimborazoMountain" uid="23043074" lat="50.4194325" lon="80.2532870"/>
 <node id="14144177277" visible="true" version="1" changeset="188464320" timestamp="2026-09-03T10:36:28Z" user="ChimborazoMountain" uid="23043074" lat="50.4193607" lon="80.2531877"/>
 <node id="14144177278" visible="true" version="1" changeset="188464320" timestamp="2026-09-03T10:36:28Z" user="ChimborazoMountain" uid="23043074" lat="50.4188634" lon="80.2539726"/>
 <node id="14144177279" visible="true" version="1" changeset="188464320" timestamp="2026-09-03T10:36:28Z" user="ChimborazoMountain" uid="23043074" lat="50.4173594" lon="80.2563179"/>
 <node id="14144177280" visible="true" version="1" changeset="188464320" timestamp="2026-09-03T10:36:28Z" user="ChimborazoMountain" uid="23043074" lat="50.4174158" lon="80.2562159"/>
 <node id="14144177281" visible="true" version="1" changeset="188464320" timestamp="2026-09-03T10:36:28Z" user="ChimborazoMountain" uid="23043074" lat="50.4173492" lon="80.2560469"/>
 <node id="14144177282" visible="true" version="1" changeset="188464320" timestamp="2026-09-03T10:36:28Z" user="ChimborazoMountain" uid="23043074" lat="50.4175397" lon="80.2566739"/>
 <node id="14144177283" visible="true" version="1" changeset="188464320" timestamp="2026-09-03T10:36:28Z" user="ChimborazoMountain" uid="23043074" lat="50.4174329" lon="80.2564520"/>
 <node id="14144177284" visible="true" version="1" changeset="188464320" timestamp="2026-09-03T10:36:28Z" user="ChimborazoMountain" uid="23043074" lat="50.4174838" lon="80.2565525"/>
 <node id="14144177285" visible="true" version="1" changeset="188464320" timestamp="2026-09-03T10:36:28Z" user="ChimborazoMountain" uid="23043074" lat="50.4174620" lon="80.2558485"/>
 <node id="14144177286" visible="true" version="1" changeset="188464320" timestamp="2026-09-03T10:36:28Z" user="ChimborazoMountain" uid="23043074" lat="50.4177405" lon="80.2553067"/>
 <node id="14144177287" visible="true" version="1" changeset="188464320" timestamp="2026-09-03T10:36:28Z" user="ChimborazoMountain" uid="23043074" lat="50.4181388" lon="80.2547568"/>
 <node id="14144177288" visible="true" version="1" changeset="188464320" timestamp="2026-09-03T10:36:28Z" user="ChimborazoMountain" uid="23043074" lat="50.4181764" lon="80.2545610"/>
 <node id="14144179510" visible="true" version="1" changeset="188463425" timestamp="2026-09-03T10:17:11Z" user="ChimborazoMountain" uid="23043074" lat="50.4154209" lon="80.2541368"/>
 <node id="14144179511" visible="true" version="1" changeset="188463425" timestamp="2026-09-03T10:17:11Z" user="ChimborazoMountain" uid="23043074" lat="50.4149830" lon="80.2534092"/>
 <node id="14144179512" visible="true" version="1" changeset="188463425" timestamp="2026-09-03T10:17:11Z" user="ChimborazoMountain" uid="23043074" lat="50.4154726" lon="80.2545074"/>
 <node id="14144179513" visible="true" version="1" changeset="188463425" timestamp="2026-09-03T10:17:11Z" user="ChimborazoMountain" uid="23043074" lat="50.4154737" lon="80.2540120"/>
 <node id="14144179514" visible="true" version="1" changeset="188463425" timestamp="2026-09-03T10:17:11Z" user="ChimborazoMountain" uid="23043074" lat="50.4154093" lon="80.2541640"/>
 <node id="14144179515" visible="true" version="1" changeset="188463425" timestamp="2026-09-03T10:17:11Z" user="ChimborazoMountain" uid="23043074" lat="50.4153956" lon="80.2543169"/>
 <node id="14144179516" visible="true" version="1" changeset="188463425" timestamp="2026-09-03T10:17:11Z" user="ChimborazoMountain" uid="23043074" lat="50.4154196" lon="80.2544269"/>
 <node id="14144179517" visible="true" version="1" changeset="188463425" timestamp="2026-09-03T10:17:11Z" user="ChimborazoMountain" uid="23043074" lat="50.4155238" lon="80.2545610"/>
 <node id="14144179518" visible="true" version="1" changeset="188463425" timestamp="2026-09-03T10:17:11Z" user="ChimborazoMountain" uid="23043074" lat="50.4156144" lon="80.2545476"/>
 <node id="14144179519" visible="true" version="1" changeset="188463425" timestamp="2026-09-03T10:17:11Z" user="ChimborazoMountain" uid="23043074" lat="50.4157187" lon="80.2550063"/>
 <node id="14144179520" visible="true" version="1" changeset="188463425" timestamp="2026-09-03T10:17:11Z" user="ChimborazoMountain" uid="23043074" lat="50.4157785" lon="80.2549446"/>
 <node id="14144179521" visible="true" version="1" changeset="188463425" timestamp="2026-09-03T10:17:11Z" user="ChimborazoMountain" uid="23043074" lat="50.4157973" lon="80.2548534"/>
 <node id="14144179522" visible="true" version="1" changeset="188463425" timestamp="2026-09-03T10:17:11Z" user="ChimborazoMountain" uid="23043074" lat="50.4157426" lon="80.2547193"/>
 <node id="14144179523" visible="true" version="1" changeset="188463425" timestamp="2026-09-03T10:17:11Z" user="ChimborazoMountain" uid="23043074" lat="50.4156999" lon="80.2546307"/>
 <node id="14144179524" visible="true" version="1" changeset="188463425" timestamp="2026-09-03T10:17:11Z" user="ChimborazoMountain" uid="23043074" lat="50.4157033" lon="80.2545074"/>
 <node id="14144179525" visible="true" version="1" changeset="188463425" timestamp="2026-09-03T10:17:11Z" user="ChimborazoMountain" uid="23043074" lat="50.4157003" lon="80.2556191"/>
 <node id="14144179526" visible="true" version="1" changeset="188463425" timestamp="2026-09-03T10:17:11Z" user="ChimborazoMountain" uid="23043074" lat="50.4159947" lon="80.2551591"/>
 <node id="14144179527" visible="true" version="1" changeset="188463425" timestamp="2026-09-03T10:17:11Z" user="ChimborazoMountain" uid="23043074" lat="50.4159118" lon="80.2552718"/>
 <node id="14144179528" visible="true" version="1" changeset="188463425" timestamp="2026-09-03T10:17:11Z" user="ChimborazoMountain" uid="23043074" lat="50.4157610" lon="80.2557311"/>
 <node id="14144179529" visible="true" version="1" changeset="188463425" timestamp="2026-09-03T10:17:11Z" user="ChimborazoMountain" uid="23043074" lat="50.4157768" lon="80.2556600"/>
 <node id="14144179530" visible="true" version="1" changeset="188463425" timestamp="2026-09-03T10:17:11Z" user="ChimborazoMountain" uid="23043074" lat="50.4158067" lon="80.2555709"/>
 <node id="14144179531" visible="true" version="1" changeset="188463425" timestamp="2026-09-03T10:17:11Z" user="ChimborazoMountain" uid="23043074" lat="50.4157959" lon="80.2555341"/>
 <node id="14144179532" visible="true" version="1" changeset="188463425" timestamp="2026-09-03T10:17:11Z" user="ChimborazoMountain" uid="23043074" lat="50.4157208" lon="80.2556406"/>
 <node id="14144179533" visible="true" version="1" changeset="188463425" timestamp="2026-09-03T10:17:11Z" user="ChimborazoMountain" uid="23043074" lat="50.4159340" lon="80.2553120"/>
 <node id="14144179534" visible="true" version="1" changeset="188463425" timestamp="2026-09-03T10:17:11Z" user="ChimborazoMountain" uid="23043074" lat="50.4160788" lon="80.2538924"/>
 <node id="14144179535" visible="true" version="1" changeset="188463425" timestamp="2026-09-03T10:17:11Z" user="ChimborazoMountain" uid="23043074" lat="50.4160661" lon="80.2536507"/>
 <node id="14144179536" visible="true" version="1" changeset="188463425" timestamp="2026-09-03T10:17:11Z" user="ChimborazoMountain" uid="23043074" lat="50.4160861" lon="80.2532960"/>
 <way id="40727041" visible="true" version="2" changeset="164670528" timestamp="2025-04-08T09:48:11Z" user="Jay May" uid="694371">
  <nd ref="494826740"/>
  <nd ref="494826742"/>
  <nd ref="494826743"/>
  <nd ref="494826744"/>
  <nd ref="494826740"/>
  <tag k="int_name" v="Jeñis sayabağı"/>
  <tag k="leisure" v="park"/>
  <tag k="name" v="Жеңіс саябағы"/>
  <tag k="name:kk" v="Жеңіс саябағы"/>
  <tag k="name:ru" v="парк Победы"/>
 </way>
 <way id="40814542" visible="true" version="16" changeset="181123454" timestamp="2026-04-10T02:40:04Z" user="Ruslan Fatih" uid="12875574">
  <nd ref="496121367"/>
  <nd ref="540382190"/>
  <nd ref="540381572"/>
  <nd ref="540381507"/>
  <nd ref="2059420783"/>
  <nd ref="517761514"/>
  <nd ref="540381493"/>
  <tag k="addr:country" v="KZ"/>
  <tag k="highway" v="primary"/>
  <tag k="name" v="Шәкәрім даңғылы"/>
  <tag k="name:en" v="Shakarim avenue"/>
  <tag k="name:kk" v="Шәкәрім даңғылы"/>
  <tag k="name:ru" v="проспект Шакарима"/>
 </way>
 <way id="41107324" visible="true" version="23" changeset="181123454" timestamp="2026-04-10T02:40:04Z" user="Ruslan Fatih" uid="12875574">
  <nd ref="540381493"/>
  <nd ref="11077996913"/>
  <nd ref="11077996909"/>
  <nd ref="9593209340"/>
  <nd ref="457419818"/>
  <tag k="addr:country" v="KZ"/>
  <tag k="highway" v="primary"/>
  <tag k="maxspeed" v="60"/>
  <tag k="name" v="Шәкәрім даңғылы"/>
  <tag k="name:en" v="Shakarim avenue"/>
  <tag k="name:kk" v="Шәкәрім даңғылы"/>
  <tag k="name:ru" v="проспект Шакарима"/>
 </way>
 <way id="42307588" visible="true" version="3" changeset="188464320" timestamp="2026-09-03T10:36:28Z" user="ChimborazoMountain" uid="23043074">
  <nd ref="527953564"/>
  <nd ref="527953566"/>
  <tag k="highway" v="service"/>
 </way>
 <way id="42307590" visible="true" version="6" changeset="188463425" timestamp="2026-09-03T10:17:11Z" user="ChimborazoMountain" uid="23043074">
  <nd ref="527953547"/>
  <nd ref="14144179534"/>
  <nd ref="527953550"/>
  <nd ref="527953569"/>
  <nd ref="539063352"/>
  <tag k="addr:city" v="Семей"/>
  <tag k="addr:city:en" v="Semey"/>
  <tag k="addr:country" v="KZ"/>
  <tag k="highway" v="residential"/>
 </way>
 <way id="42749622" visible="true" version="15" changeset="170778191" timestamp="2025-08-21T12:50:15Z" user="PolondDesert" uid="22220225">
  <nd ref="494826779"/>
  <nd ref="13086842119"/>
  <nd ref="9593209335"/>
  <nd ref="11191955428"/>
  <nd ref="11191955421"/>
  <nd ref="496204276"/>
  <tag k="foot" v="no"/>
  <tag k="highway" v="secondary"/>
  <tag k="name" v="Қабанбай Батыр көшесі"/>
  <tag k="name:en" v="Qabanbai Batyr street"/>
  <tag k="name:ru" v="улица Кабанбай Батыра"/>
  <tag k="old_name" v="улица Куйбышева"/>
 </way>
 <way id="42749625" visible="true" version="9" changeset="181123454" timestamp="2026-04-10T02:40:04Z" user="Ruslan Fatih" uid="12875574">
  <nd ref="494826754"/>
  <nd ref="13602279776"/>
  <nd ref="13602279775"/>
  <nd ref="539063240"/>
  <nd ref="527953560"/>
  <tag k="addr:country" v="KZ"/>
  <tag k="highway" v="tertiary"/>
  <tag k="name" v="Шоқан Уәлиханов Көшесі"/>
  <tag k="name:en" v="Ualikhanov street"/>
  <tag k="name:kk" v="Шоқан Уәлиханов Көшесі"/>
  <tag k="name:ru" v="улица Уалиханова"/>
 </way>
 <way id="42758300" visible="true" version="14" changeset="181123454" timestamp="2026-04-10T02:40:04Z" user="Ruslan Fatih" uid="12875574">
  <nd ref="496125100"/>
  <nd ref="9593209333"/>
  <nd ref="540381501"/>
  <nd ref="9593209334"/>
  <nd ref="517761816"/>
  <nd ref="9754019593"/>
  <nd ref="496230529"/>
  <nd ref="11101214137"/>
  <nd ref="11101214145"/>
  <nd ref="550174135"/>
  <nd ref="11101214144"/>
  <nd ref="9754019606"/>
  <nd ref="9754019585"/>
  <nd ref="517761431"/>
  <nd ref="2185822531"/>
  <nd ref="540382198"/>
  <tag k="addr:city" v="Семей"/>
  <tag k="addr:city:en" v="Semey"/>
  <tag k="addr:country" v="KZ"/>
  <tag k="highway" v="residential"/>
  <tag k="name" v="улица Уранхаева"/>
  <tag k="name:ru" v="улица Уранхаева"/>
  <tag k="old_name" v="улица Урицкого"/>
 </way>
 <way id="42758991" visible="true" version="18" changeset="181621920" timestamp="2026-04-21T11:07:49Z" user="LakeTrasimeno" uid="23866583">
  <nd ref="527953558"/>
  <nd ref="13748447524"/>
  <nd ref="11192651089"/>
  <nd ref="539069236"/>
  <nd ref="527953560"/>
  <nd ref="12656873589"/>
  <nd ref="10765308270"/>
  <nd ref="11066056414"/>
  <nd ref="11066056421"/>
  <nd ref="10765308263"/>
  <nd ref="560338857"/>
  <nd ref="10765308293"/>
  <nd ref="496125039"/>
  <tag k="addr:country" v="KZ"/>
  <tag k="highway" v="tertiary"/>
  <tag k="name" v="улица Герцена"/>
  <tag k="name:ru" v="улица Герцена"/>
 </way>
 <way id="43030656" visible="true" version="20" changeset="181451600" timestamp="2026-04-17T10:43:15Z" user="RiverTummel" uid="23759843">
  <nd ref="527953573"/>
  <nd ref="9593209339"/>
  <nd ref="9756761376"/>
  <nd ref="11050505046"/>
  <nd ref="9756763325"/>
  <nd ref="9756763316"/>
  <nd ref="11050505035"/>
  <nd ref="12487711782"/>
  <nd ref="540381487"/>
  <nd ref="13737212026"/>
  <nd ref="2059420786"/>
  <nd ref="540381517"/>
  <nd ref="11192617425"/>
  <nd ref="540381576"/>
  <nd ref="540381582"/>
  <nd ref="539062703"/>
  <nd ref="560440584"/>
  <nd ref="9756764255"/>
  <nd ref="539062862"/>
  <nd ref="540382242"/>
  <nd ref="540382240"/>
  <nd ref="539062880"/>
  <tag k="addr:city" v="Семей"/>
  <tag k="addr:city:en" v="Semey"/>
  <tag k="addr:country" v="KZ"/>
  <tag k="highway" v="residential"/>
  <tag k="name" v="улица Байсеитова"/>
 </way>
 <way id="43030714" visible="true" version="12" changeset="181123454" timestamp="2026-04-10T02:40:04Z" user="Ruslan Fatih" uid="12875574">
  <nd ref="494826779"/>
  <nd ref="9593209338"/>
  <nd ref="1920540729"/>
  <nd ref="1920540752"/>
  <nd ref="494826774"/>
  <nd ref="11191918194"/>
  <nd ref="496204279"/>
  <nd ref="494826776"/>
  <nd ref="6879350677"/>
  <nd ref="494826782"/>
  <tag k="addr:country" v="KZ"/>
  <tag k="highway" v="tertiary"/>
  <tag k="name" v="Бауыржан Момышұлы көшесі"/>
 </way>
 <way id="43031215" visible="true" version="15" changeset="181627540" timestamp="2026-04-21T13:21:52Z" user="AstinoValley" uid="23759941">
  <nd ref="539069107"/>
  <nd ref="539069236"/>
  <nd ref="13748871726"/>
  <nd ref="539069240"/>
  <tag k="addr:city" v="Семей"/>
  <tag k="addr:city:en" v="Semey"/>
  <tag k="addr:country" v="KZ"/>
  <tag k="highway" v="residential"/>
  <tag k="name" v="улица Шугаева"/>
  <tag k="name:ru" v="улица Шугаева"/>
 </way>
 <way id="43135752" visible="true" version="10" changeset="188463425" timestamp="2026-09-03T10:17:11Z" user="ChimborazoMountain" uid="23043074">
  <nd ref="540381401"/>
  <nd ref="9743149700"/>
  <nd ref="9743149701"/>
  <nd ref="14144179535"/>
  <nd ref="9743149702"/>
  <nd ref="9743149703"/>
  <nd ref="540381176"/>
  <nd ref="540381161"/>
  <nd ref="540381167"/>
  <nd ref="540381165"/>
  <nd ref="540381169"/>
  <nd ref="540381181"/>
  <nd ref="14144179536"/>
  <nd ref="540381404"/>
  <nd ref="540381402"/>
  <nd ref="540381401"/>
  <tag k="addr:city" v="Семей"/>
  <tag k="addr:city:en" v="Semey"/>
  <tag k="addr:country" v="KZ"/>
  <tag k="addr:housenumber" v="15"/>
  <tag k="addr:street" v="проспект Шакарима"/>
  <tag k="building" v="yes"/>
  <tag k="building:levels" v="9"/>
  <tag k="source" v="gps-club.kz"/>
 </way>
 <way id="43203366" visible="true" version="14" changeset="181123454" timestamp="2026-04-10T02:40:04Z" user="Ruslan Fatih" uid="12875574">
  <nd ref="498834062"/>
  <nd ref="550206840"/>
  <nd ref="540382189"/>
  <nd ref="10185153132"/>
  <nd ref="550174134"/>
  <nd ref="1435126014"/>
  <nd ref="11066016156"/>
  <nd ref="11066016163"/>
  <nd ref="11101214889"/>
  <nd ref="11101214136"/>
  <nd ref="1435126013"/>
  <nd ref="496230527"/>
  <nd ref="550170524"/>
  <nd ref="9593209332"/>
  <nd ref="540381298"/>
  <nd ref="9593209337"/>
  <nd ref="494826779"/>
  <tag k="addr:country" v="KZ"/>
  <tag k="highway" v="tertiary"/>
  <tag k="name" v="Бауыржан Момышұлы көшесі"/>
 </way>
 <way id="43569439" visible="true" version="1" changeset="3008381" timestamp="2009-11-01T17:17:28Z" user="KartaFan" uid="182473">
  <nd ref="550171588"/>
  <nd ref="550171590"/>
  <nd ref="550171591"/>
  <nd ref="550171592"/>
  <nd ref="550171588"/>
  <tag k="leisure" v="park"/>
 </way>
 <way id="43569446" visible="true" version="1" changeset="3008381" timestamp="2009-11-01T17:17:54Z" user="KartaFan" uid="182473">
  <nd ref="550171806"/>
  <nd ref="550171811"/>
  <nd ref="550171821"/>
  <nd ref="550171829"/>
  <nd ref="550171806"/>
  <tag k="leisure" v="park"/>
 </way>
 <way id="43569809" visible="true" version="8" changeset="181123454" timestamp="2026-04-10T02:40:04Z" user="Ruslan Fatih" uid="12875574">
  <nd ref="496230529"/>
  <nd ref="496230527"/>
  <nd ref="550174105"/>
  <nd ref="11066033390"/>
  <nd ref="11066033383"/>
  <nd ref="550174106"/>
  <tag k="addr:city" v="Семей"/>
  <tag k="addr:city:en" v="Semey"/>
  <tag k="addr:country" v="KZ"/>
  <tag k="highway" v="residential"/>
  <tag k="name" v="улица Гоголя"/>
 </way>
 <way id="43572377" visible="true" version="6" changeset="181123454" timestamp="2026-04-10T02:40:04Z" user="Ruslan Fatih" uid="12875574">
  <nd ref="540381493"/>
  <nd ref="9620519162"/>
  <nd ref="540381501"/>
  <nd ref="540381298"/>
  <nd ref="9620519160"/>
  <nd ref="9620519161"/>
  <nd ref="540381356"/>
  <nd ref="540381358"/>
  <nd ref="9753539861"/>
  <nd ref="9753539860"/>
  <nd ref="9753539859"/>
  <tag k="addr:city" v="Семей"/>
  <tag k="addr:city:en" v="Semey"/>
  <tag k="addr:country" v="KZ"/>
  <tag k="highway" v="residential"/>
  <tag k="name" v="Жамақаев көшесі"/>
 </way>
 <way id="43572436" visible="true" version="3" changeset="181123454" timestamp="2026-04-10T02:40:04Z" user="Ruslan Fatih" uid="12875574">
  <nd ref="550170536"/>
  <nd ref="550170577"/>
  <nd ref="550170524"/>
  <nd ref="517761816"/>
  <nd ref="517761514"/>
  <tag k="addr:city" v="Семей"/>
  <tag k="addr:city:en" v="Semey"/>
  <tag k="addr:country" v="KZ"/>
  <tag k="highway" v="residential"/>
  <tag k="name" v="улица Жамакаева"/>
 </way>
 <way id="44081533" visible="true" version="20" changeset="181622337" timestamp="2026-04-21T11:19:24Z" user="LakeTrasimeno" uid="23866583">
  <nd ref="534669415"/>
  <nd ref="7241425505"/>
  <nd ref="7241425508"/>
  <nd ref="496125057"/>
  <nd ref="6792343594"/>
  <nd ref="6879350672"/>
  <nd ref="496204284"/>
  <nd ref="11054397495"/>
  <nd ref="13748511753"/>
  <nd ref="13748511758"/>
  <nd ref="496125102"/>
  <nd ref="9748040687"/>
  <nd ref="6766014875"/>
  <nd ref="1920540737"/>
  <nd ref="11066070829"/>
  <nd ref="4484149170"/>
  <nd ref="496125100"/>
  <tag k="addr:city" v="Семей"/>
  <tag k="addr:city:en" v="Semey"/>
  <tag k="addr:country" v="KZ"/>
  <tag k="highway" v="residential"/>
  <tag k="lit" v="yes"/>
  <tag k="name" v="улица Уранхаева"/>
  <tag k="name:ru" v="улица Уранхаева"/>
  <tag k="old_name" v="улица Урицкого"/>
 </way>
 <way id="44085678" visible="true" version="6" changeset="76838850" timestamp="2019-11-09T08:38:02Z" user="Vik4314" uid="10448806">
  <nd ref="560338877"/>
  <nd ref="560338891"/>
  <nd ref="560338878"/>
  <nd ref="560338873"/>
  <nd ref="560338861"/>
  <nd ref="560338859"/>
  <nd ref="560338877"/>
  <tag k="addr:city" v="Семей"/>
  <tag k="addr:city:en" v="Semey"/>
  <tag k="addr:country" v="KZ"/>
  <tag k="addr:housenumber" v="40"/>
  <tag k="addr:street" v="Шакарима Пр."/>
  <tag k="building" v="yes"/>
  <tag k="building:levels" v="5"/>
 </way>
 <way id="44085681" visible="true" version="7" changeset="181123454" timestamp="2026-04-10T02:40:04Z" user="Ruslan Fatih" uid="12875574">
  <nd ref="9748075410"/>
  <nd ref="9748075411"/>
  <nd ref="9748075408"/>
  <nd ref="9748075407"/>
  <nd ref="560338887"/>
  <nd ref="560338889"/>
  <nd ref="9748075409"/>
  <nd ref="9748075412"/>
  <nd ref="560338893"/>
  <nd ref="560338895"/>
  <nd ref="9748075410"/>
  <tag k="addr:city" v="Семей"/>
  <tag k="addr:city:en" v="Semey"/>
  <tag k="addr:country" v="KZ"/>
  <tag k="addr:housenumber" v="54"/>
  <tag k="addr:street" v="проспект Шакарима"/>
  <tag k="building" v="yes"/>
  <tag k="building:levels" v="5"/>
 </way>
 <way id="44085682" visible="true" version="8" changeset="181123454" timestamp="2026-04-10T02:40:04Z" user="Ruslan Fatih" uid="12875574">
  <nd ref="560338959"/>
  <nd ref="560338957"/>
  <nd ref="560338933"/>
  <nd ref="560338935"/>
  <nd ref="560338959"/>
  <tag k="addr:city" v="Семей"/>
  <tag k="addr:city:en" v="Semey"/>
  <tag k="addr:country" v="KZ"/>
  <tag k="addr:housenumber" v="75"/>
  <tag k="addr:street" v="проспект Шакарима"/>
  <tag k="building" v="yes"/>
  <tag k="building:levels" v="5"/>
 </way>
 <way id="44085683" visible="true" version="6" changeset="181123454" timestamp="2026-04-10T02:40:04Z" user="Ruslan Fatih" uid="12875574">
  <nd ref="560338949"/>
  <nd ref="560338948"/>
  <nd ref="560338942"/>
  <nd ref="560338941"/>
  <nd ref="560338949"/>
  <tag k="addr:city" v="Семей"/>
  <tag k="addr:city:en" v="Semey"/>
  <tag k="addr:country" v="KZ"/>
  <tag k="addr:housenumber" v="40"/>
  <tag k="addr:street" v="улица Кабанбай Батыра"/>
  <tag k="building" v="yes"/>
  <tag k="building:levels" v="5"/>
 </way>
 <way id="44085684" visible="true" version="6" changeset="181123454" timestamp="2026-04-10T02:40:04Z" user="Ruslan Fatih" uid="12875574">
  <nd ref="560338961"/>
  <nd ref="560338962"/>
  <nd ref="560338951"/>
  <nd ref="560338964"/>
  <nd ref="560338961"/>
  <tag k="addr:city" v="Семей"/>
  <tag k="addr:city:en" v="Semey"/>
  <tag k="addr:country" v="KZ"/>
  <tag k="addr:housenumber" v="71"/>
  <tag k="addr:street" v="улица Жамакаева"/>
  <tag k="building" v="yes"/>
  <tag k="building:levels" v="5"/>
 </way>
 <way id="44085685" visible="true" version="9" changeset="181123454" timestamp="2026-04-10T02:40:04Z" user="Ruslan Fatih" uid="12875574">
  <nd ref="560338911"/>
  <nd ref="560338913"/>
  <nd ref="9743149691"/>
  <nd ref="9743149692"/>
  <nd ref="9743149693"/>
  <nd ref="9743149694"/>
  <nd ref="9743149695"/>
  <nd ref="560338946"/>
  <nd ref="9743149688"/>
  <nd ref="9743149690"/>
  <nd ref="9743149689"/>
  <nd ref="560338911"/>
  <tag k="addr:city" v="Семей"/>
  <tag k="addr:city:en" v="Semey"/>
  <tag k="addr:country" v="KZ"/>
  <tag k="addr:housenumber" v="42"/>
  <tag k="addr:street" v="улица Кабанбай Батыра"/>
  <tag k="building" v="yes"/>
  <tag k="building:levels" v="5"/>
 </way>
 <way id="44085686" visible="true" version="7" changeset="181123454" timestamp="2026-04-10T02:40:04Z" user="Ruslan Fatih" uid="12875574">
  <nd ref="560338926"/>
  <nd ref="560338915"/>
  <nd ref="560338928"/>
  <nd ref="560338929"/>
  <nd ref="560338926"/>
  <tag k="addr:city" v="Семей"/>
  <tag k="addr:city:en" v="Semey"/>
  <tag k="addr:country" v="KZ"/>
  <tag k="addr:housenumber" v="46"/>
  <tag k="addr:street" v="улица Кабанбай Батыра"/>
  <tag k="building" v="yes"/>
  <tag k="building:levels" v="5"/>
 </way>
 <way id="44085688" visible="true" version="5" changeset="181123454" timestamp="2026-04-10T02:40:04Z" user="Ruslan Fatih" uid="12875574">
  <nd ref="560338939"/>
  <nd ref="560338937"/>
  <nd ref="560338921"/>
  <nd ref="560338919"/>
  <nd ref="560338939"/>
  <tag k="addr:city" v="Семей"/>
  <tag k="addr:city:en" v="Semey"/>
  <tag k="addr:country" v="KZ"/>
  <tag k="addr:housenumber" v="33"/>
  <tag k="addr:street" v="улица Кабанбай Батыра"/>
  <tag k="building" v="yes"/>
  <tag k="building:levels" v="5"/>
 </way>
 <way id="44085891" visible="true" version="7" changeset="181123454" timestamp="2026-04-10T02:40:04Z" user="Ruslan Fatih" uid="12875574">
  <nd ref="560350873"/>
  <nd ref="560350886"/>
  <nd ref="560350861"/>
  <nd ref="560350860"/>
  <nd ref="560350873"/>
  <tag k="addr:city" v="Семей"/>
  <tag k="addr:city:en" v="Semey"/>
  <tag k="addr:country" v="KZ"/>
  <tag k="addr:street" v="улица Шугаева"/>
  <tag k="building" v="yes"/>
  <tag k="building:levels" v="5"/>
  <tag k="name" v="ТД Комфорт"/>
  <tag k="shop" v="kiosk"/>
 </way>
 <way id="44085892" visible="true" version="5" changeset="181123454" timestamp="2026-04-10T02:40:04Z" user="Ruslan Fatih" uid="12875574">
  <nd ref="560350871"/>
  <nd ref="560350844"/>
  <nd ref="560350850"/>
  <nd ref="560350852"/>
  <nd ref="560350871"/>
  <tag k="addr:city" v="Семей"/>
  <tag k="addr:city:en" v="Semey"/>
  <tag k="addr:country" v="KZ"/>
  <tag k="building" v="yes"/>
  <tag k="building:levels" v="5"/>
  <tag k="shop" v="kiosk"/>
 </way>
 <way id="44085893" visible="true" version="5" changeset="181123454" timestamp="2026-04-10T02:40:04Z" user="Ruslan Fatih" uid="12875574">
  <nd ref="560350876"/>
  <nd ref="560350878"/>
  <nd ref="560350883"/>
  <nd ref="560350880"/>
  <nd ref="560350885"/>
  <nd ref="560350881"/>
  <nd ref="560350853"/>
  <nd ref="560350875"/>
  <nd ref="560350876"/>
  <tag k="addr:city" v="Семей"/>
  <tag k="addr:city:en" v="Semey"/>
  <tag k="addr:country" v="KZ"/>
  <tag k="building" v="yes"/>
  <tag k="building:levels" v="5"/>
  <tag k="shop" v="kiosk"/>
 </way>
 <way id="44085894" visible="true" version="8" changeset="181123454" timestamp="2026-04-10T02:40:04Z" user="Ruslan Fatih" uid="12875574">
  <nd ref="560350863"/>
  <nd ref="560350855"/>
  <nd ref="560350847"/>
  <nd ref="560350845"/>
  <nd ref="560350863"/>
  <tag k="addr:city" v="Семей"/>
  <tag k="addr:city:en" v="Semey"/>
  <tag k="addr:country" v="KZ"/>
  <tag k="addr:housenumber" v="15А"/>
  <tag k="addr:street" v="проспект Шакарима"/>
  <tag k="building" v="yes"/>
  <tag k="building:levels" v="5"/>
 </way>
 <way id="44085895" visible="true" version="4" changeset="181123454" timestamp="2026-04-10T02:40:04Z" user="Ruslan Fatih" uid="12875574">
  <nd ref="560350857"/>
  <nd ref="4274558261"/>
  <nd ref="560350833"/>
  <nd ref="560350834"/>
  <nd ref="560350857"/>
  <tag k="addr:city" v="Семей"/>
  <tag k="addr:city:en" v="Semey"/>
  <tag k="addr:country" v="KZ"/>
  <tag k="addr:housenumber" v="112"/>
  <tag k="addr:street" v="улица Ч. Валиханова"/>
  <tag k="building" v="yes"/>
  <tag k="building:levels" v="5"/>
 </way>
 <way id="44085896" visible="true" version="7" changeset="181123454" timestamp="2026-04-10T02:40:04Z" user="Ruslan Fatih" uid="12875574">
  <nd ref="560350888"/>
  <nd ref="560350890"/>
  <nd ref="5077654402"/>
  <nd ref="560350870"/>
  <nd ref="560350866"/>
  <nd ref="560350868"/>
  <nd ref="560350865"/>
  <nd ref="560350888"/>
  <tag k="addr:city" v="Семей"/>
  <tag k="addr:city:en" v="Semey"/>
  <tag k="addr:country" v="KZ"/>
  <tag k="addr:housenumber" v="60"/>
  <tag k="addr:street" v="проспект Шакарима"/>
  <tag k="building" v="yes"/>
  <tag k="building:levels" v="5"/>
  <tag k="name" v="Триумф"/>
 </way>
 <way id="44098094" visible="true" version="8" changeset="181123454" timestamp="2026-04-10T02:40:04Z" user="Ruslan Fatih" uid="12875574">
  <nd ref="560440571"/>
  <nd ref="560440566"/>
  <nd ref="560440558"/>
  <nd ref="560440557"/>
  <nd ref="560440571"/>
  <tag k="addr:city" v="Семей"/>
  <tag k="addr:city:en" v="Semey"/>
  <tag k="addr:country" v="KZ"/>
  <tag k="addr:housenumber" v="82а"/>
  <tag k="addr:street" v="проспект Шакарима"/>
  <tag k="building" v="yes"/>
  <tag k="building:levels" v="9"/>
 </way>
 <way id="44098097" visible="true" version="2" changeset="3644769" timestamp="2010-01-17T19:26:43Z" user="KartaFan" uid="182473">
  <nd ref="560440534"/>
  <nd ref="560440529"/>
  <nd ref="560440530"/>
  <nd ref="560440531"/>
  <nd ref="560440534"/>
  <tag k="landuse" v="recreation_ground"/>
 </way>
 <way id="44098102" visible="true" version="4" changeset="181123454" timestamp="2026-04-10T02:40:04Z" user="Ruslan Fatih" uid="12875574">
  <nd ref="540381517"/>
  <nd ref="540381507"/>
  <tag k="addr:city" v="Семей"/>
  <tag k="addr:city:en" v="Semey"/>
  <tag k="addr:country" v="KZ"/>
  <tag k="highway" v="residential"/>
  <tag k="name" v="улица Гоголя"/>
 </way>
 <way id="44098104" visible="true" version="6" changeset="181123454" timestamp="2026-04-10T02:40:04Z" user="Ruslan Fatih" uid="12875574">
  <nd ref="560440541"/>
  <nd ref="560440540"/>
  <nd ref="560440518"/>
  <nd ref="560440517"/>
  <nd ref="560440541"/>
  <tag k="addr:city" v="Семей"/>
  <tag k="addr:city:en" v="Semey"/>
  <tag k="addr:country" v="KZ"/>
  <tag k="addr:housenumber" v="73"/>
  <tag k="addr:street" v="улица Жамакаева"/>
  <tag k="building" v="yes"/>
  <tag k="building:levels" v="5"/>
 </way>
 <way id="44098106" visible="true" version="6" changeset="181123454" timestamp="2026-04-10T02:40:04Z" user="Ruslan Fatih" uid="12875574">
  <nd ref="560440523"/>
  <nd ref="560440521"/>
  <nd ref="560440524"/>
  <nd ref="560440525"/>
  <nd ref="560440520"/>
  <nd ref="560440522"/>
  <nd ref="560440523"/>
  <tag k="addr:city" v="Семей"/>
  <tag k="addr:city:en" v="Semey"/>
  <tag k="addr:country" v="KZ"/>
  <tag k="addr:housenumber" v="70"/>
  <tag k="addr:street" v="проспект Шакарима"/>
  <tag k="building" v="yes"/>
  <tag k="building:levels" v="5"/>
 </way>
 <way id="44098107" visible="true" version="6" changeset="181123454" timestamp="2026-04-10T02:40:04Z" user="Ruslan Fatih" uid="12875574">
  <nd ref="560440493"/>
  <nd ref="560440526"/>
  <nd ref="560440496"/>
  <nd ref="560440492"/>
  <nd ref="560440497"/>
  <nd ref="560440495"/>
  <nd ref="9754019607"/>
  <nd ref="9754019608"/>
  <nd ref="560440504"/>
  <nd ref="560440491"/>
  <nd ref="560440493"/>
  <tag k="addr:city" v="Семей"/>
  <tag k="addr:city:en" v="Semey"/>
  <tag k="addr:country" v="KZ"/>
  <tag k="addr:housenumber" v="43"/>
  <tag k="addr:street" v="Бауыржан Момышұлы көшесі"/>
  <tag k="amenity" v="theatre"/>
  <tag k="building" v="yes"/>
  <tag k="building:levels" v="5"/>
  <tag k="name" v="Городской Дворец Культуры, Қалалық Мәдениет Сарайы"/>
  <tag k="opening_hours" v="Mo-Su 09:00-22:00"/>
 </way>
 <way id="44098108" visible="true" version="5" changeset="181123454" timestamp="2026-04-10T02:40:04Z" user="Ruslan Fatih" uid="12875574">
  <nd ref="560440503"/>
  <nd ref="560440499"/>
  <nd ref="560440498"/>
  <nd ref="560440501"/>
  <nd ref="560440527"/>
  <nd ref="560440528"/>
  <nd ref="560440502"/>
  <nd ref="560440500"/>
  <nd ref="560440503"/>
  <tag k="addr:city" v="Семей"/>
  <tag k="addr:city:en" v="Semey"/>
  <tag k="addr:country" v="KZ"/>
  <tag k="addr:housenumber" v="75"/>
  <tag k="addr:street" v="улица Уранхаева"/>
  <tag k="building" v="yes"/>
  <tag k="building:levels" v="5"/>
 </way>
 <way id="44098110" visible="true" version="6" changeset="88417103" timestamp="2020-07-23T17:01:22Z" user="Ernar1415" uid="11515567">
  <nd ref="560440514"/>
  <nd ref="560440512"/>
  <nd ref="560440516"/>
  <nd ref="560440508"/>
  <nd ref="560440507"/>
  <nd ref="560440513"/>
  <nd ref="560440514"/>
  <tag k="addr:city" v="Семей"/>
  <tag k="addr:city:en" v="Semey"/>
  <tag k="addr:country" v="KZ"/>
  <tag k="addr:housenumber" v="88"/>
  <tag k="addr:street" v="улица Засядко"/>
  <tag k="building" v="apartments"/>
  <tag k="building:levels" v="5"/>
 </way>
 <way id="44123050" visible="true" version="6" changeset="181123454" timestamp="2026-04-10T02:40:04Z" user="Ruslan Fatih" uid="12875574">
  <nd ref="560667451"/>
  <nd ref="560667437"/>
  <nd ref="560667438"/>
  <nd ref="560667419"/>
  <nd ref="560667451"/>
  <tag k="addr:city" v="Семей"/>
  <tag k="addr:city:en" v="Semey"/>
  <tag k="addr:country" v="KZ"/>
  <tag k="addr:housenumber" v="26А"/>
  <tag k="addr:street" v="улица Мангелик Ел"/>
  <tag k="amenity" v="courthouse"/>
  <tag k="building" v="yes"/>
  <tag k="building:levels" v="5"/>
  <tag k="name" v="Суд"/>
 </way>
 <way id="44123054" visible="true" version="6" changeset="181123454" timestamp="2026-04-10T02:40:04Z" user="Ruslan Fatih" uid="12875574">
  <nd ref="560667454"/>
  <nd ref="560667456"/>
  <nd ref="560667452"/>
  <nd ref="560667455"/>
  <nd ref="560667457"/>
  <nd ref="560667453"/>
  <nd ref="9748075338"/>
  <nd ref="9748075337"/>
  <nd ref="560667454"/>
  <tag k="addr:city" v="Семей"/>
  <tag k="addr:city:en" v="Semey"/>
  <tag k="addr:country" v="KZ"/>
  <tag k="addr:housenumber" v="30"/>
  <tag k="addr:street" v="улица Мангелик Ел"/>
  <tag k="building" v="yes"/>
  <tag k="building:levels" v="5"/>
 </way>
 <way id="44123056" visible="true" version="5" changeset="181123454" timestamp="2026-04-10T02:40:04Z" user="Ruslan Fatih" uid="12875574">
  <nd ref="560667464"/>
  <nd ref="560667463"/>
  <nd ref="560667459"/>
  <nd ref="560667460"/>
  <nd ref="560667464"/>
  <tag k="addr:city" v="Семей"/>
  <tag k="addr:city:en" v="Semey"/>
  <tag k="addr:country" v="KZ"/>
  <tag k="addr:housenumber" v="26"/>
  <tag k="addr:street" v="улица Кабанбай Батыра"/>
  <tag k="building" v="yes"/>
  <tag k="building:levels" v="5"/>
 </way>
 <way id="44123066" visible="true" version="5" changeset="181123454" timestamp="2026-04-10T02:40:04Z" user="Ruslan Fatih" uid="12875574">
  <nd ref="560667490"/>
  <nd ref="560667491"/>
  <nd ref="560667485"/>
  <nd ref="560667489"/>
  <nd ref="560667490"/>
  <tag k="addr:city" v="Семей"/>
  <tag k="addr:city:en" v="Semey"/>
  <tag k="addr:country" v="KZ"/>
  <tag k="addr:street" v="улица Кабанбай Батыра"/>
  <tag k="building" v="yes"/>
  <tag k="building:levels" v="5"/>
  <tag k="shop" v="kiosk"/>
 </way>
 <way id="44123071" visible="true" version="4" changeset="93747711" timestamp="2020-11-08T15:58:29Z" user="IgorPolyakov" uid="10180016">
  <nd ref="560667488"/>
  <nd ref="560667524"/>
  <nd ref="560667487"/>
  <nd ref="560667486"/>
  <nd ref="560667488"/>
  <tag k="addr:country" v="KZ"/>
  <tag k="amenity" v="fuel"/>
  <tag k="fuel:diesel" v="yes"/>
  <tag k="fuel:octane_92" v="yes"/>
  <tag k="fuel:octane_95" v="yes"/>
  <tag k="name" v="ECO PETROL"/>
 </way>
 <way id="44123072" visible="true" version="7" changeset="181123454" timestamp="2026-04-10T02:40:04Z" user="Ruslan Fatih" uid="12875574">
  <nd ref="560667484"/>
  <nd ref="560667514"/>
  <nd ref="560667513"/>
  <nd ref="560667512"/>
  <nd ref="560667484"/>
  <tag k="addr:city" v="Семей"/>
  <tag k="addr:city:en" v="Semey"/>
  <tag k="addr:country" v="KZ"/>
  <tag k="addr:housenumber" v="67/1"/>
  <tag k="addr:street" v="проспект Шакарима"/>
  <tag k="building" v="yes"/>
  <tag k="building:levels" v="5"/>
 </way>
 <way id="44123074" visible="true" version="6" changeset="181123454" timestamp="2026-04-10T02:40:04Z" user="Ruslan Fatih" uid="12875574">
  <nd ref="560667519"/>
  <nd ref="560667520"/>
  <nd ref="560667522"/>
  <nd ref="560667521"/>
  <nd ref="560667519"/>
  <tag k="addr:city" v="Семей"/>
  <tag k="addr:city:en" v="Semey"/>
  <tag k="addr:country" v="KZ"/>
  <tag k="addr:housenumber" v="66"/>
  <tag k="addr:street" v="проспект Шакарима"/>
  <tag k="building" v="yes"/>
  <tag k="building:levels" v="5"/>
 </way>
 <way id="44123075" visible="true" version="7" changeset="181123454" timestamp="2026-04-10T02:40:04Z" user="Ruslan Fatih" uid="12875574">
  <nd ref="560667523"/>
  <nd ref="560667527"/>
  <nd ref="560667525"/>
  <nd ref="560667526"/>
  <nd ref="560667523"/>
  <tag k="addr:city" v="Семей"/>
  <tag k="addr:city:en" v="Semey"/>
  <tag k="addr:country" v="KZ"/>
  <tag k="addr:housenumber" v="68"/>
  <tag k="addr:street" v="проспект Шакарима"/>
  <tag k="building" v="yes"/>
  <tag k="building:levels" v="5"/>
 </way>
 <way id="44123076" visible="true" version="7" changeset="181123454" timestamp="2026-04-10T02:40:04Z" user="Ruslan Fatih" uid="12875574">
  <nd ref="560667322"/>
  <nd ref="560667324"/>
  <nd ref="560667325"/>
  <nd ref="560667323"/>
  <nd ref="560667321"/>
  <nd ref="560667322"/>
  <tag k="addr:city" v="Семей"/>
  <tag k="addr:city:en" v="Semey"/>
  <tag k="addr:country" v="KZ"/>
  <tag k="addr:housenumber" v="15В"/>
  <tag k="addr:street" v="проспект Шакарима"/>
  <tag k="building" v="yes"/>
  <tag k="building:levels" v="5"/>
  <tag k="shop" v="kiosk"/>
 </way>
 <way id="44279006" visible="true" version="13" changeset="181123454" timestamp="2026-04-10T02:40:07Z" user="Ruslan Fatih" uid="12875574">
  <nd ref="496204276"/>
  <nd ref="13084131582"/>
  <nd ref="11066043722"/>
  <nd ref="540381356"/>
  <nd ref="550170577"/>
  <nd ref="550174105"/>
  <nd ref="9753567524"/>
  <nd ref="540382186"/>
  <nd ref="540381589"/>
  <nd ref="540381591"/>
  <nd ref="2185822539"/>
  <nd ref="2185822514"/>
  <tag k="addr:city" v="Семей"/>
  <tag k="addr:city:en" v="Semey"/>
  <tag k="addr:country" v="KZ"/>
  <tag k="highway" v="residential"/>
  <tag k="name" v="улица Мангилик Ел"/>
  <tag k="name:ru" v="улица Мангилик Ел"/>
 </way>
 <way id="44351040" visible="true" version="8" changeset="181123454" timestamp="2026-04-10T02:40:07Z" user="Ruslan Fatih" uid="12875574">
  <nd ref="539062626"/>
  <nd ref="6766015386"/>
  <nd ref="11101016644"/>
  <nd ref="539063239"/>
  <nd ref="12656873590"/>
  <nd ref="539063240"/>
  <nd ref="13000868877"/>
  <nd ref="539069107"/>
  <nd ref="539063352"/>
  <nd ref="527953573"/>
  <tag k="addr:city" v="Семей"/>
  <tag k="addr:city:en" v="Semey"/>
  <tag k="addr:country" v="KZ"/>
  <tag k="highway" v="residential"/>
  <tag k="name" v="улица Байсеитова"/>
 </way>
 <way id="46426529" visible="true" version="5" changeset="181123454" timestamp="2026-04-10T02:40:07Z" user="Ruslan Fatih" uid="12875574">
  <nd ref="593595296"/>
  <nd ref="593595400"/>
  <nd ref="593595288"/>
  <nd ref="593595291"/>
  <nd ref="593595296"/>
  <tag k="addr:city" v="Семей"/>
  <tag k="addr:city:en" v="Semey"/>
  <tag k="addr:country" v="KZ"/>
  <tag k="addr:housenumber" v="60"/>
  <tag k="addr:street" v="улица Уранхаева"/>
  <tag k="building" v="yes"/>
  <tag k="building:levels" v="5"/>
 </way>
 <way id="46426535" visible="true" version="4" changeset="181123454" timestamp="2026-04-10T02:40:07Z" user="Ruslan Fatih" uid="12875574">
  <nd ref="593595228"/>
  <nd ref="593595225"/>
  <nd ref="593595285"/>
  <nd ref="593595284"/>
  <nd ref="593595281"/>
  <nd ref="593595278"/>
  <nd ref="593595228"/>
  <tag k="addr:city" v="Семей"/>
  <tag k="addr:city:en" v="Semey"/>
  <tag k="addr:country" v="KZ"/>
  <tag k="addr:housenumber" v="108"/>
  <tag k="addr:street" v="улица Ч. Валиханова"/>
  <tag k="building" v="yes"/>
  <tag k="building:levels" v="5"/>
 </way>
 <way id="46426537" visible="true" version="6" changeset="181123454" timestamp="2026-04-10T02:40:07Z" user="Ruslan Fatih" uid="12875574">
  <nd ref="593595253"/>
  <nd ref="593595197"/>
  <nd ref="593595208"/>
  <nd ref="593595203"/>
  <nd ref="593595201"/>
  <nd ref="593595199"/>
  <nd ref="593595211"/>
  <nd ref="593595205"/>
  <nd ref="593595253"/>
  <tag k="addr:city" v="Семей"/>
  <tag k="addr:city:en" v="Semey"/>
  <tag k="addr:country" v="KZ"/>
  <tag k="addr:housenumber" v="57"/>
  <tag k="addr:street" v="улица Уранхаева"/>
  <tag k="building" v="yes"/>
  <tag k="building:levels" v="5"/>
 </way>
 <way id="46426554" visible="true" version="6" changeset="181123454" timestamp="2026-04-10T02:40:07Z" user="Ruslan Fatih" uid="12875574">
  <nd ref="593595254"/>
  <nd ref="593595255"/>
  <nd ref="593595258"/>
  <nd ref="593595261"/>
  <nd ref="593595254"/>
  <tag k="addr:city" v="Семей"/>
  <tag k="addr:city:en" v="Semey"/>
  <tag k="addr:country" v="KZ"/>
  <tag k="addr:housenumber" v="59"/>
  <tag k="addr:street" v="улица Уранхаева"/>
  <tag k="building" v="yes"/>
  <tag k="building:levels" v="5"/>
 </way>
 <way id="46426556" visible="true" version="4" changeset="181123454" timestamp="2026-04-10T02:40:07Z" user="Ruslan Fatih" uid="12875574">
  <nd ref="593595264"/>
  <nd ref="593595266"/>
  <nd ref="593595269"/>
  <nd ref="593595272"/>
  <nd ref="593595264"/>
  <tag k="addr:city" v="Семей"/>
  <tag k="addr:city:en" v="Semey"/>
  <tag k="addr:country" v="KZ"/>
  <tag k="addr:housenumber" v="153"/>
  <tag k="addr:street" v="улица Ч. Валиханова"/>
  <tag k="building" v="yes"/>
  <tag k="building:levels" v="5"/>
 </way>
 <way id="46426557" visible="true" version="4" changeset="174852351" timestamp="2025-11-19T10:30:56Z" user="Ruslan Fatih" uid="12875574">
  <nd ref="593595331"/>
  <nd ref="1920540755"/>
  <nd ref="593595445"/>
  <nd ref="12965720352"/>
  <nd ref="593595448"/>
  <nd ref="1920540775"/>
  <nd ref="593595334"/>
  <tag k="highway" v="footway"/>
 </way>
 <way id="46426558" visible="true" version="4" changeset="181123454" timestamp="2026-04-10T02:40:07Z" user="Ruslan Fatih" uid="12875574">
  <nd ref="593595378"/>
  <nd ref="593595376"/>
  <nd ref="593595352"/>
  <nd ref="593595379"/>
  <nd ref="593595378"/>
  <tag k="addr:city" v="Семей"/>
  <tag k="addr:city:en" v="Semey"/>
  <tag k="addr:country" v="KZ"/>
  <tag k="addr:housenumber" v="37"/>
  <tag k="addr:street" v="улица Б. Момышулы"/>
  <tag k="building" v="yes"/>
  <tag k="building:levels" v="5"/>
  <tag k="shop" v="dry_cleaning"/>
 </way>
 <way id="46426563" visible="true" version="3" changeset="174852351" timestamp="2025-11-19T10:30:56Z" user="Ruslan Fatih" uid="12875574">
  <nd ref="593595445"/>
  <nd ref="12965720346"/>
  <nd ref="593595451"/>
  <tag k="highway" v="footway"/>
 </way>
 <way id="46426565" visible="true" version="3" changeset="174852351" timestamp="2025-11-19T10:30:56Z" user="Ruslan Fatih" uid="12875574">
  <nd ref="593595448"/>
  <nd ref="12965720350"/>
  <nd ref="593595453"/>
  <nd ref="12965720355"/>
  <tag k="highway" v="footway"/>
 </way>
 <way id="46426567" visible="true" version="4" changeset="181123454" timestamp="2026-04-10T02:40:07Z" user="Ruslan Fatih" uid="12875574">
  <nd ref="593595385"/>
  <nd ref="593595415"/>
  <nd ref="593595430"/>
  <nd ref="593595388"/>
  <nd ref="593595383"/>
  <nd ref="593595381"/>
  <nd ref="593595385"/>
  <tag k="addr:city" v="Семей"/>
  <tag k="addr:city:en" v="Semey"/>
  <tag k="addr:country" v="KZ"/>
  <tag k="addr:housenumber" v="39"/>
  <tag k="addr:street" v="улица Б. Момышулы"/>
  <tag k="building" v="yes"/>
  <tag k="building:levels" v="5"/>
 </way>
 <way id="46426568" visible="true" version="5" changeset="181123454" timestamp="2026-04-10T02:40:07Z" user="Ruslan Fatih" uid="12875574">
  <nd ref="593595428"/>
  <nd ref="593595423"/>
  <nd ref="593595420"/>
  <nd ref="593595417"/>
  <nd ref="593595429"/>
  <nd ref="593595426"/>
  <nd ref="593595428"/>
  <tag k="addr:city" v="Семей"/>
  <tag k="addr:city:en" v="Semey"/>
  <tag k="addr:country" v="KZ"/>
  <tag k="addr:housenumber" v="62"/>
  <tag k="addr:street" v="улица Уранхаева"/>
  <tag k="building" v="yes"/>
  <tag k="building:levels" v="5"/>
 </way>
 <way id="46426570" visible="true" version="7" changeset="181123454" timestamp="2026-04-10T02:40:07Z" user="Ruslan Fatih" uid="12875574">
  <nd ref="593595403"/>
  <nd ref="9748075381"/>
  <nd ref="9748075382"/>
  <nd ref="9748075379"/>
  <nd ref="9748075380"/>
  <nd ref="9748075383"/>
  <nd ref="9748075384"/>
  <nd ref="593595406"/>
  <nd ref="9748075385"/>
  <nd ref="9748075386"/>
  <nd ref="593595409"/>
  <nd ref="593595412"/>
  <nd ref="593595403"/>
  <tag k="addr:city" v="Семей"/>
  <tag k="addr:city:en" v="Semey"/>
  <tag k="addr:country" v="KZ"/>
  <tag k="addr:housenumber" v="62а"/>
  <tag k="addr:street" v="улица Уранхаева"/>
  <tag k="building" v="yes"/>
  <tag k="building:levels" v="5"/>
 </way>
 <way id="46427889" visible="true" version="5" changeset="181123454" timestamp="2026-04-10T02:40:07Z" user="Ruslan Fatih" uid="12875574">
  <nd ref="593640072"/>
  <nd ref="593640070"/>
  <nd ref="593640089"/>
  <nd ref="593640069"/>
  <nd ref="593640062"/>
  <nd ref="593640091"/>
  <nd ref="593640072"/>
  <tag k="addr:city" v="Семей"/>
  <tag k="addr:city:en" v="Semey"/>
  <tag k="addr:country" v="KZ"/>
  <tag k="addr:housenumber" v="65"/>
  <tag k="addr:street" v="улица Уранхаева"/>
  <tag k="building" v="yes"/>
  <tag k="building:levels" v="5"/>
 </way>
 <way id="46427896" visible="true" version="4" changeset="181123454" timestamp="2026-04-10T02:40:07Z" user="Ruslan Fatih" uid="12875574">
  <nd ref="593640060"/>
  <nd ref="593640058"/>
  <nd ref="593640054"/>
  <nd ref="593640056"/>
  <nd ref="593640060"/>
  <tag k="addr:city" v="Семей"/>
  <tag k="addr:city:en" v="Semey"/>
  <tag k="addr:country" v="KZ"/>
  <tag k="addr:housenumber" v="110"/>
  <tag k="addr:street" v="улица Ч. Валиханова"/>
  <tag k="building" v="yes"/>
  <tag k="building:levels" v="5"/>
 </way>
 <way id="46427898" visible="true" version="5" changeset="181123454" timestamp="2026-04-10T02:40:07Z" user="Ruslan Fatih" uid="12875574">
  <nd ref="593640113"/>
  <nd ref="593640111"/>
  <nd ref="593640093"/>
  <nd ref="593640116"/>
  <nd ref="593640113"/>
  <tag k="addr:city" v="Семей"/>
  <tag k="addr:city:en" v="Semey"/>
  <tag k="addr:country" v="KZ"/>
  <tag k="addr:housenumber" v="41"/>
  <tag k="addr:street" v="улица Кабанбай Батыра"/>
  <tag k="building" v="yes"/>
  <tag k="building:levels" v="5"/>
 </way>
 <way id="46427899" visible="true" version="5" changeset="181123454" timestamp="2026-04-10T02:40:07Z" user="Ruslan Fatih" uid="12875574">
  <nd ref="593640121"/>
  <nd ref="593640118"/>
  <nd ref="593640095"/>
  <nd ref="593640097"/>
  <nd ref="593640121"/>
  <tag k="addr:city" v="Семей"/>
  <tag k="addr:city:en" v="Semey"/>
  <tag k="addr:country" v="KZ"/>
  <tag k="addr:housenumber" v="71"/>
  <tag k="addr:street" v="улица Уранхаева"/>
  <tag k="building" v="yes"/>
  <tag k="building:levels" v="5"/>
 </way>
 <way id="46427900" visible="true" version="6" changeset="181123454" timestamp="2026-04-10T02:40:07Z" user="Ruslan Fatih" uid="12875574">
  <nd ref="593640099"/>
  <nd ref="593640105"/>
  <nd ref="593640103"/>
  <nd ref="9748075406"/>
  <nd ref="9748075405"/>
  <nd ref="593640101"/>
  <nd ref="593640099"/>
  <tag k="addr:city" v="Семей"/>
  <tag k="addr:city:en" v="Semey"/>
  <tag k="addr:country" v="KZ"/>
  <tag k="addr:housenumber" v="69"/>
  <tag k="addr:street" v="улица Уранхаева"/>
  <tag k="building" v="yes"/>
  <tag k="building:levels" v="5"/>
 </way>
 <way id="46427905" visible="true" version="5" changeset="181123454" timestamp="2026-04-10T02:40:07Z" user="Ruslan Fatih" uid="12875574">
  <nd ref="593640205"/>
  <nd ref="593640185"/>
  <nd ref="593640188"/>
  <nd ref="593640196"/>
  <nd ref="593640202"/>
  <nd ref="593640184"/>
  <nd ref="593640187"/>
  <nd ref="593640189"/>
  <nd ref="593640201"/>
  <nd ref="593640183"/>
  <nd ref="593640186"/>
  <nd ref="593640198"/>
  <nd ref="593640205"/>
  <tag k="addr:city" v="Семей"/>
  <tag k="addr:city:en" v="Semey"/>
  <tag k="addr:country" v="KZ"/>
  <tag k="addr:housenumber" v="26"/>
  <tag k="addr:street" v="улица Шугаева"/>
  <tag k="building" v="yes"/>
  <tag k="building:levels" v="5"/>
 </way>
 <way id="46428121" visible="true" version="5" changeset="181123454" timestamp="2026-04-10T02:40:07Z" user="Ruslan Fatih" uid="12875574">
  <nd ref="593655829"/>
  <nd ref="593655831"/>
  <nd ref="593655833"/>
  <nd ref="593655835"/>
  <nd ref="593655829"/>
  <tag k="addr:city" v="Семей"/>
  <tag k="addr:city:en" v="Semey"/>
  <tag k="addr:country" v="KZ"/>
  <tag k="addr:housenumber" v="82"/>
  <tag k="addr:street" v="улица Байсеитова"/>
  <tag k="building" v="yes"/>
  <tag k="building:levels" v="5"/>
 </way>
 <way id="46763776" visible="true" version="2" changeset="15249604" timestamp="2013-03-04T18:26:01Z" user="KartaFan" uid="182473">
  <nd ref="597642511"/>
  <nd ref="597642534"/>
  <nd ref="597642417"/>
  <nd ref="597642494"/>
  <nd ref="597642511"/>
  <tag k="leisure" v="recreation_ground"/>
 </way>
 <way id="46763787" visible="true" version="5" changeset="121079380" timestamp="2022-05-17T05:48:32Z" user="Dante Devil" uid="15454530">
  <nd ref="597642442"/>
  <nd ref="597642443"/>
  <nd ref="597642434"/>
  <nd ref="597642432"/>
  <nd ref="597642442"/>
  <tag k="addr:city" v="Семей"/>
  <tag k="addr:city:en" v="Semey"/>
  <tag k="addr:country" v="KZ"/>
  <tag k="addr:housenumber" v="45"/>
  <tag k="addr:street" v="улица Мангелик Ел"/>
  <tag k="building" v="yes"/>
  <tag k="building:levels" v="5"/>
 </way>
 <way id="47888402" visible="true" version="6" changeset="181123454" timestamp="2026-04-10T02:40:07Z" user="Ruslan Fatih" uid="12875574">
  <nd ref="609002845"/>
  <nd ref="609002846"/>
  <nd ref="609002848"/>
  <nd ref="9748075233"/>
  <nd ref="9748075232"/>
  <nd ref="609002934"/>
  <nd ref="609002845"/>
  <tag k="addr:city" v="Семей"/>
  <tag k="addr:city:en" v="Semey"/>
  <tag k="addr:country" v="KZ"/>
  <tag k="addr:housenumber" v="47"/>
  <tag k="addr:street" v="улица Б. Момышулы"/>
  <tag k="building" v="yes"/>
  <tag k="building:levels" v="5"/>
 </way>
 <way id="47888404" visible="true" version="6" changeset="181123454" timestamp="2026-04-10T02:40:07Z" user="Ruslan Fatih" uid="12875574">
  <nd ref="609002821"/>
  <nd ref="609002819"/>
  <nd ref="609002820"/>
  <nd ref="609002822"/>
  <nd ref="609002821"/>
  <tag k="addr:city" v="Семей"/>
  <tag k="addr:city:en" v="Semey"/>
  <tag k="addr:country" v="KZ"/>
  <tag k="addr:housenumber" v="63"/>
  <tag k="addr:street" v="улица Уранхаева"/>
  <tag k="building" v="yes"/>
  <tag k="building:levels" v="2"/>
 </way>
 <way id="47888405" visible="true" version="5" changeset="181123454" timestamp="2026-04-10T02:40:07Z" user="Ruslan Fatih" uid="12875574">
  <nd ref="609002812"/>
  <nd ref="609002811"/>
  <nd ref="609002813"/>
  <nd ref="609002814"/>
  <nd ref="9748075415"/>
  <nd ref="9748075416"/>
  <nd ref="609002812"/>
  <tag k="addr:city" v="Семей"/>
  <tag k="addr:city:en" v="Semey"/>
  <tag k="addr:country" v="KZ"/>
  <tag k="addr:housenumber" v="61"/>
  <tag k="addr:street" v="улица Уранхаева"/>
  <tag k="building" v="yes"/>
  <tag k="building:levels" v="5"/>
 </way>
 <way id="47888406" visible="true" version="5" changeset="181123454" timestamp="2026-04-10T02:40:07Z" user="Ruslan Fatih" uid="12875574">
  <nd ref="609002815"/>
  <nd ref="609002816"/>
  <nd ref="609002817"/>
  <nd ref="609002818"/>
  <nd ref="609002815"/>
  <tag k="addr:city" v="Семей"/>
  <tag k="addr:city:en" v="Semey"/>
  <tag k="addr:country" v="KZ"/>
  <tag k="addr:housenumber" v="110а"/>
  <tag k="addr:street" v="улица Валиханова"/>
  <tag k="building" v="yes"/>
  <tag k="building:levels" v="5"/>
 </way>
 <way id="47888409" visible="true" version="6" changeset="181123454" timestamp="2026-04-10T02:40:07Z" user="Ruslan Fatih" uid="12875574">
  <nd ref="609002841"/>
  <nd ref="609002842"/>
  <nd ref="609002843"/>
  <nd ref="609002844"/>
  <nd ref="609002841"/>
  <tag k="addr:city" v="Семей"/>
  <tag k="addr:city:en" v="Semey"/>
  <tag k="addr:country" v="KZ"/>
  <tag k="addr:housenumber" v="64"/>
  <tag k="addr:street" v="улица Жамакаева"/>
  <tag k="building" v="yes"/>
  <tag k="building:levels" v="5"/>
 </way>
 <way id="47888410" visible="true" version="5" changeset="181123454" timestamp="2026-04-10T02:40:07Z" user="Ruslan Fatih" uid="12875574">
  <nd ref="609002826"/>
  <nd ref="9748075397"/>
  <nd ref="9748075398"/>
  <nd ref="609002827"/>
  <nd ref="9748075404"/>
  <nd ref="9748075396"/>
  <nd ref="9748075394"/>
  <nd ref="9748075393"/>
  <nd ref="9748075395"/>
  <nd ref="9748075403"/>
  <nd ref="609002829"/>
  <nd ref="609002830"/>
  <nd ref="609002826"/>
  <tag k="addr:city" v="Семей"/>
  <tag k="addr:city:en" v="Semey"/>
  <tag k="addr:country" v="KZ"/>
  <tag k="addr:housenumber" v="21/1"/>
  <tag k="addr:street" v="улица Кабанбай Батыра"/>
  <tag k="building" v="yes"/>
  <tag k="building:levels" v="5"/>
 </way>
 <way id="47888412" visible="true" version="5" changeset="181123454" timestamp="2026-04-10T02:40:07Z" user="Ruslan Fatih" uid="12875574">
  <nd ref="609002837"/>
  <nd ref="609002838"/>
  <nd ref="9748075392"/>
  <nd ref="9748075391"/>
  <nd ref="609002836"/>
  <nd ref="609002839"/>
  <nd ref="609002837"/>
  <tag k="addr:city" v="Семей"/>
  <tag k="addr:city:en" v="Semey"/>
  <tag k="addr:country" v="KZ"/>
  <tag k="addr:housenumber" v="21а"/>
  <tag k="addr:street" v="улица Кабанбай Батыра"/>
  <tag k="building" v="yes"/>
  <tag k="building:levels" v="5"/>
 </way>
 <way id="47888422" visible="true" version="8" changeset="181123454" timestamp="2026-04-10T02:40:07Z" user="Ruslan Fatih" uid="12875574">
  <nd ref="609002893"/>
  <nd ref="9756765886"/>
  <nd ref="609002899"/>
  <nd ref="9756765885"/>
  <nd ref="609002898"/>
  <nd ref="609002900"/>
  <nd ref="9756765890"/>
  <nd ref="9756765889"/>
  <nd ref="609002901"/>
  <nd ref="9756765887"/>
  <nd ref="9756765888"/>
  <nd ref="609002896"/>
  <nd ref="609002911"/>
  <nd ref="609002894"/>
  <nd ref="609002892"/>
  <nd ref="609002893"/>
  <tag k="addr:city" v="Семей"/>
  <tag k="addr:city:en" v="Semey"/>
  <tag k="addr:country" v="KZ"/>
  <tag k="addr:housenumber" v="80"/>
  <tag k="addr:street" v="улица Герцена"/>
  <tag k="building" v="yes"/>
  <tag k="building:levels" v="5"/>
 </way>
 <way id="47888426" visible="true" version="9" changeset="181123454" timestamp="2026-04-10T02:40:07Z" user="Ruslan Fatih" uid="12875574">
  <nd ref="609002940"/>
  <nd ref="9743149648"/>
  <nd ref="9743149649"/>
  <nd ref="609002912"/>
  <nd ref="609002918"/>
  <nd ref="609002917"/>
  <nd ref="609002940"/>
  <tag k="addr:city" v="Семей"/>
  <tag k="addr:city:en" v="Semey"/>
  <tag k="addr:country" v="KZ"/>
  <tag k="addr:housenumber" v="81а"/>
  <tag k="addr:street" v="проспект Шакарима"/>
  <tag k="building" v="yes"/>
  <tag k="building:levels" v="5"/>
 </way>
 <way id="47888427" visible="true" version="5" changeset="181123454" timestamp="2026-04-10T02:40:07Z" user="Ruslan Fatih" uid="12875574">
  <nd ref="609002930"/>
  <nd ref="609002931"/>
  <nd ref="609002932"/>
  <nd ref="609002933"/>
  <nd ref="609002930"/>
  <tag k="addr:city" v="Семей"/>
  <tag k="addr:city:en" v="Semey"/>
  <tag k="addr:country" v="KZ"/>
  <tag k="addr:housenumber" v="53"/>
  <tag k="addr:street" v="улица Жамакаева"/>
  <tag k="building" v="yes"/>
  <tag k="building:levels" v="5"/>
 </way>
 <way id="47888428" visible="true" version="5" changeset="181123454" timestamp="2026-04-10T02:40:07Z" user="Ruslan Fatih" uid="12875574">
  <nd ref="609002935"/>
  <nd ref="609002936"/>
  <nd ref="609002937"/>
  <nd ref="609002938"/>
  <nd ref="609002935"/>
  <tag k="addr:city" v="Семей"/>
  <tag k="addr:city:en" v="Semey"/>
  <tag k="addr:country" v="KZ"/>
  <tag k="addr:housenumber" v="55"/>
  <tag k="addr:street" v="улица Жамакаева"/>
  <tag k="building" v="yes"/>
  <tag k="building:levels" v="5"/>
 </way>
 <way id="47888429" visible="true" version="5" changeset="181123454" timestamp="2026-04-10T02:40:07Z" user="Ruslan Fatih" uid="12875574">
  <nd ref="609002919"/>
  <nd ref="609002939"/>
  <nd ref="609002920"/>
  <nd ref="609002921"/>
  <nd ref="609002919"/>
  <tag k="addr:city" v="Семей"/>
  <tag k="addr:city:en" v="Semey"/>
  <tag k="addr:country" v="KZ"/>
  <tag k="addr:housenumber" v="68"/>
  <tag k="addr:street" v="улица Уранхаева"/>
  <tag k="building" v="yes"/>
  <tag k="building:levels" v="5"/>
 </way>
 <way id="47888430" visible="true" version="5" changeset="181123454" timestamp="2026-04-10T02:40:07Z" user="Ruslan Fatih" uid="12875574">
  <nd ref="609002922"/>
  <nd ref="609002923"/>
  <nd ref="609002924"/>
  <nd ref="609002926"/>
  <nd ref="609002922"/>
  <tag k="addr:city" v="Семей"/>
  <tag k="addr:city:en" v="Semey"/>
  <tag k="addr:country" v="KZ"/>
  <tag k="addr:housenumber" v="66"/>
  <tag k="addr:street" v="улица Уранхаева"/>
  <tag k="building" v="yes"/>
  <tag k="building:levels" v="5"/>
 </way>
 <way id="48466675" visible="true" version="7" changeset="181123454" timestamp="2026-04-10T02:40:09Z" user="Ruslan Fatih" uid="12875574">
  <nd ref="615850141"/>
  <nd ref="9756765783"/>
  <nd ref="9756765782"/>
  <nd ref="615850143"/>
  <nd ref="615850145"/>
  <nd ref="9756765784"/>
  <nd ref="9756765785"/>
  <nd ref="615850146"/>
  <nd ref="615850141"/>
  <tag k="addr:city" v="Семей"/>
  <tag k="addr:city:en" v="Semey"/>
  <tag k="addr:country" v="KZ"/>
  <tag k="addr:housenumber" v="95Б"/>
  <tag k="addr:street" v="улица Гоголя"/>
  <tag k="building" v="yes"/>
  <tag k="building:levels" v="5"/>
 </way>
 <way id="51662746" visible="true" version="10" changeset="181626845" timestamp="2026-04-21T13:06:42Z" user="AstinoValley" uid="23759941">
  <nd ref="496125355"/>
  <nd ref="13748848514"/>
  <nd ref="539056641"/>
  <nd ref="527953558"/>
  <tag k="highway" v="secondary"/>
  <tag k="name" v="Қабанбай Батыр көшесі"/>
  <tag k="name:en" v="Qabanbai batyr street"/>
  <tag k="name:ru" v="улица Кабанбай Батыр"/>
  <tag k="old_name" v="улица Куйбышева"/>
  <tag k="surface" v="asphalt"/>
 </way>
 <way id="51663659" visible="true" version="10" changeset="181621920" timestamp="2026-04-21T11:07:49Z" user="LakeTrasimeno" uid="23866583">
  <nd ref="457419818"/>
  <nd ref="527953573"/>
  <nd ref="13748447527"/>
  <nd ref="527953558"/>
  <tag k="highway" v="secondary"/>
  <tag k="name" v="Қабанбай Батыр көшесі"/>
  <tag k="name:en" v="Qabanbai Batyr street"/>
  <tag k="name:ru" v="улица Кабанбай Батыра"/>
  <tag k="old_name" v="улица Куйбышева"/>
  <tag k="oneway" v="no"/>
  <tag k="surface" v="asphalt"/>
 </way>
 <way id="160218323" visible="true" version="8" changeset="170778191" timestamp="2025-08-21T12:50:15Z" user="PolondDesert" uid="22220225">
  <nd ref="1722801218"/>
  <nd ref="1722802934"/>
  <nd ref="1722801212"/>
  <nd ref="9620519163"/>
  <nd ref="1722801249"/>
  <nd ref="9620519164"/>
  <nd ref="1722801337"/>
  <nd ref="9593209339"/>
  <nd ref="1722801257"/>
  <nd ref="1722801204"/>
  <nd ref="9593209340"/>
  <nd ref="1722801221"/>
  <nd ref="1722801272"/>
  <nd ref="9593209333"/>
  <nd ref="1722801201"/>
  <nd ref="9593209337"/>
  <nd ref="1722802943"/>
  <nd ref="11191955418"/>
  <nd ref="1722801237"/>
  <nd ref="11191955417"/>
  <tag k="highway" v="footway"/>
 </way>
 <way id="160218326" visible="true" version="3" changeset="170778191" timestamp="2025-08-21T12:50:15Z" user="PolondDesert" uid="22220225">
  <nd ref="1722802943"/>
  <nd ref="1722801329"/>
  <nd ref="9620519160"/>
  <nd ref="1722801193"/>
  <nd ref="1722801285"/>
  <nd ref="1722801240"/>
  <nd ref="1722801273"/>
  <nd ref="1722801316"/>
  <nd ref="1722801325"/>
  <tag k="highway" v="footway"/>
 </way>
 <way id="160218554" visible="true" version="5" changeset="170778191" timestamp="2025-08-21T12:50:15Z" user="PolondDesert" uid="22220225">
  <nd ref="1722802918"/>
  <nd ref="9593209338"/>
  <nd ref="1722802945"/>
  <nd ref="4484149170"/>
  <nd ref="1722802931"/>
  <nd ref="1722802937"/>
  <nd ref="1722801272"/>
  <tag k="highway" v="footway"/>
 </way>
 <way id="167219874" visible="true" version="4" changeset="181123454" timestamp="2026-04-10T02:40:09Z" user="Ruslan Fatih" uid="12875574">
  <nd ref="1786259202"/>
  <nd ref="1786259204"/>
  <nd ref="1786259205"/>
  <nd ref="1786259206"/>
  <nd ref="1786259202"/>
  <tag k="addr:city" v="Семей"/>
  <tag k="addr:city:en" v="Semey"/>
  <tag k="addr:country" v="KZ"/>
  <tag k="addr:housenumber" v="42а"/>
  <tag k="addr:street" v="проспект Шакарима"/>
  <tag k="building" v="yes"/>
 </way>
 <way id="167219875" visible="true" version="4" changeset="181123454" timestamp="2026-04-10T02:40:09Z" user="Ruslan Fatih" uid="12875574">
  <nd ref="1786259207"/>
  <nd ref="1786259208"/>
  <nd ref="1786259209"/>
  <nd ref="1786259210"/>
  <nd ref="1786259207"/>
  <tag k="addr:city" v="Семей"/>
  <tag k="addr:city:en" v="Semey"/>
  <tag k="addr:country" v="KZ"/>
  <tag k="addr:housenumber" v="41а"/>
  <tag k="addr:street" v="улица Б. Момышулы"/>
  <tag k="building" v="yes"/>
 </way>
 <way id="167219877" visible="true" version="4" changeset="181123454" timestamp="2026-04-10T02:40:09Z" user="Ruslan Fatih" uid="12875574">
  <nd ref="1786259211"/>
  <nd ref="1786259212"/>
  <nd ref="1786259213"/>
  <nd ref="1786259214"/>
  <nd ref="1786259211"/>
  <tag k="addr:city" v="Семей"/>
  <tag k="addr:city:en" v="Semey"/>
  <tag k="addr:country" v="KZ"/>
  <tag k="addr:housenumber" v="21В"/>
  <tag k="addr:street" v="улица Кабанбай Батыра"/>
  <tag k="building" v="yes"/>
 </way>
 <way id="168752798" visible="true" version="1" changeset="11991678" timestamp="2012-06-23T18:23:21Z" user="KartaFan" uid="182473">
  <nd ref="1799689659"/>
  <nd ref="1799689658"/>
  <nd ref="1799689663"/>
  <nd ref="1799689661"/>
  <nd ref="1799689659"/>
  <tag k="landuse" v="industrial"/>
 </way>
 <way id="181644118" visible="true" version="1" changeset="13159999" timestamp="2012-09-18T18:11:39Z" user="KartaFan" uid="182473">
  <nd ref="1920540775"/>
  <nd ref="1920540752"/>
  <tag k="highway" v="footway"/>
 </way>
 <way id="181644126" visible="true" version="6" changeset="181123454" timestamp="2026-04-10T02:40:09Z" user="Ruslan Fatih" uid="12875574">
  <nd ref="1920540732"/>
  <nd ref="1920540717"/>
  <nd ref="1920540798"/>
  <nd ref="1920540783"/>
  <nd ref="1920540732"/>
  <tag k="addr:city" v="Семей"/>
  <tag k="addr:city:en" v="Semey"/>
  <tag k="addr:country" v="KZ"/>
  <tag k="addr:housenumber" v="65А"/>
  <tag k="addr:street" v="улица Шугаева"/>
  <tag k="building" v="yes"/>
 </way>
 <way id="181644128" visible="true" version="4" changeset="121079380" timestamp="2022-05-17T05:48:32Z" user="Dante Devil" uid="15454530">
  <nd ref="1920540791"/>
  <nd ref="1920540726"/>
  <nd ref="1920540793"/>
  <nd ref="1920540713"/>
  <nd ref="1920540791"/>
  <tag k="addr:city" v="Семей"/>
  <tag k="addr:city:en" v="Semey"/>
  <tag k="addr:country" v="KZ"/>
  <tag k="addr:housenumber" v="61/1"/>
  <tag k="addr:street" v="улица Уранхаева"/>
  <tag k="building" v="yes"/>
 </way>
 <way id="181644129" visible="true" version="2" changeset="181620943" timestamp="2026-04-21T10:46:22Z" user="LakeTrasimeno" uid="23866583">
  <nd ref="1920540729"/>
  <nd ref="13748236224"/>
  <nd ref="13748236229"/>
  <nd ref="1920540737"/>
  <tag k="highway" v="service"/>
 </way>
 <way id="195511170" visible="true" version="7" changeset="181123454" timestamp="2026-04-10T02:40:09Z" user="Ruslan Fatih" uid="12875574">
  <nd ref="2059420814"/>
  <nd ref="2059420826"/>
  <nd ref="2059420778"/>
  <nd ref="2059420820"/>
  <nd ref="2059420824"/>
  <nd ref="2059420776"/>
  <nd ref="2059420814"/>
  <tag k="addr:city" v="Семей"/>
  <tag k="addr:city:en" v="Semey"/>
  <tag k="addr:country" v="KZ"/>
  <tag k="addr:housenumber" v="15Б"/>
  <tag k="addr:street" v="проспект Шакарима"/>
  <tag k="building" v="yes"/>
  <tag k="name" v="Соболь"/>
  <tag k="shop" v="clothes"/>
 </way>
 <way id="195511175" visible="true" version="5" changeset="181123454" timestamp="2026-04-10T02:40:09Z" user="Ruslan Fatih" uid="12875574">
  <nd ref="2059420808"/>
  <nd ref="2059420797"/>
  <nd ref="2059420792"/>
  <nd ref="2059420838"/>
  <nd ref="2059420808"/>
  <tag k="addr:city" v="Семей"/>
  <tag k="addr:city:en" v="Semey"/>
  <tag k="addr:country" v="KZ"/>
  <tag k="addr:housenumber" v="95"/>
  <tag k="addr:street" v="улица Гоголя"/>
  <tag k="building" v="yes"/>
 </way>
 <way id="195511180" visible="true" version="5" changeset="181123454" timestamp="2026-04-10T02:40:09Z" user="Ruslan Fatih" uid="12875574">
  <nd ref="2059420769"/>
  <nd ref="2059420789"/>
  <nd ref="2059420832"/>
  <nd ref="2059420766"/>
  <nd ref="2059420769"/>
  <tag k="addr:city" v="Семей"/>
  <tag k="addr:city:en" v="Semey"/>
  <tag k="addr:country" v="KZ"/>
  <tag k="addr:housenumber" v="75/3"/>
  <tag k="addr:street" v="проспект Шакарима"/>
  <tag k="building" v="yes"/>
 </way>
 <way id="195511181" visible="true" version="1" changeset="14221787" timestamp="2012-12-10T05:05:54Z" user="vadimju" uid="570012">
  <nd ref="2059420802"/>
  <nd ref="2059420774"/>
  <nd ref="2059420785"/>
  <nd ref="2059420767"/>
  <nd ref="2059420847"/>
  <nd ref="2059420837"/>
  <nd ref="2059420802"/>
  <tag k="barrier" v="wall"/>
 </way>
 <way id="195511186" visible="true" version="6" changeset="181123454" timestamp="2026-04-10T02:40:09Z" user="Ruslan Fatih" uid="12875574">
  <nd ref="2059420841"/>
  <nd ref="2059420848"/>
  <nd ref="2059420818"/>
  <nd ref="2059420805"/>
  <nd ref="2059420841"/>
  <tag k="addr:city" v="Семей"/>
  <tag k="addr:city:en" v="Semey"/>
  <tag k="addr:country" v="KZ"/>
  <tag k="addr:housenumber" v="13г"/>
  <tag k="addr:street" v="проспект Шакарима"/>
  <tag k="building" v="yes"/>
 </way>
 <way id="202175126" visible="true" version="3" changeset="66217930" timestamp="2019-01-11T07:23:13Z" user="Marat semsk" uid="9347072">
  <nd ref="2121537020"/>
  <nd ref="2121537019"/>
  <nd ref="2121537017"/>
  <nd ref="2121537018"/>
  <nd ref="2121537020"/>
  <tag k="addr:country" v="KZ"/>
  <tag k="building" v="commercial"/>
  <tag k="name" v="BingoBoom"/>
  <tag k="shop" v="computer"/>
 </way>
 <way id="208268796" visible="true" version="1" changeset="15249604" timestamp="2013-03-04T18:26:00Z" user="KartaFan" uid="182473">
  <nd ref="2185817629"/>
  <nd ref="2185817635"/>
  <nd ref="2185817636"/>
  <nd ref="2185817638"/>
  <nd ref="2185817629"/>
  <tag k="leisure" v="playground"/>
 </way>
 <way id="233343153" visible="true" version="14" changeset="188463425" timestamp="2026-09-03T10:17:11Z" user="ChimborazoMountain" uid="23043074">
  <nd ref="9748040684"/>
  <nd ref="13602279771"/>
  <nd ref="494826754"/>
  <nd ref="13602279779"/>
  <nd ref="12656873591"/>
  <nd ref="1918174280"/>
  <tag k="addr:country" v="KZ"/>
  <tag k="highway" v="primary"/>
  <tag k="maxspeed" v="60"/>
  <tag k="name" v="Шәкәрім даңғылы"/>
  <tag k="name:en" v="Shakarim avenue"/>
  <tag k="name:kk" v="Шәкәрім даңғылы"/>
  <tag k="name:ru" v="проспект Шакарима"/>
 </way>
 <way id="426309945" visible="true" version="2" changeset="181123454" timestamp="2026-04-10T02:40:18Z" user="Ruslan Fatih" uid="12875574">
  <nd ref="4256158145"/>
  <nd ref="4256158147"/>
  <nd ref="4256158146"/>
  <nd ref="4256158144"/>
  <nd ref="4256158145"/>
  <tag k="addr:city" v="Семей"/>
  <tag k="addr:city:en" v="Semey"/>
  <tag k="addr:country" v="KZ"/>
  <tag k="addr:housenumber" v="30"/>
  <tag k="addr:street" v="улица Б. Момышулы"/>
  <tag k="building" v="yes"/>
 </way>
 <way id="426309946" visible="true" version="3" changeset="181123454" timestamp="2026-04-10T02:40:18Z" user="Ruslan Fatih" uid="12875574">
  <nd ref="4256158149"/>
  <nd ref="4256158151"/>
  <nd ref="4256158150"/>
  <nd ref="9754037101"/>
  <nd ref="9754037102"/>
  <nd ref="4256158148"/>
  <nd ref="4256158149"/>
  <tag k="addr:city" v="Семей"/>
  <tag k="addr:city:en" v="Semey"/>
  <tag k="addr:country" v="KZ"/>
  <tag k="addr:housenumber" v="32"/>
  <tag k="addr:street" v="улица Б. Момышулы"/>
  <tag k="building" v="yes"/>
 </way>
 <way id="426309947" visible="true" version="4" changeset="181123454" timestamp="2026-04-10T02:40:18Z" user="Ruslan Fatih" uid="12875574">
  <nd ref="4256158155"/>
  <nd ref="4256158158"/>
  <nd ref="4256158159"/>
  <nd ref="9754019614"/>
  <nd ref="9754019612"/>
  <nd ref="9754019611"/>
  <nd ref="9754019613"/>
  <nd ref="9754019610"/>
  <nd ref="9754019609"/>
  <nd ref="4256158157"/>
  <nd ref="4256158155"/>
  <tag k="addr:city" v="Семей"/>
  <tag k="addr:city:en" v="Semey"/>
  <tag k="addr:country" v="KZ"/>
  <tag k="addr:housenumber" v="32"/>
  <tag k="addr:street" v="улица Кабанбай Батыра"/>
  <tag k="building" v="yes"/>
 </way>
 <way id="426309948" visible="true" version="4" changeset="181123454" timestamp="2026-04-10T02:40:18Z" user="Ruslan Fatih" uid="12875574">
  <nd ref="4256158116"/>
  <nd ref="4256158121"/>
  <nd ref="4256158127"/>
  <nd ref="9754037107"/>
  <nd ref="9754037108"/>
  <nd ref="4256158118"/>
  <nd ref="4256158116"/>
  <tag k="addr:city" v="Семей"/>
  <tag k="addr:city:en" v="Semey"/>
  <tag k="addr:country" v="KZ"/>
  <tag k="addr:housenumber" v="32/1"/>
  <tag k="addr:street" v="улица Мангелик Ел"/>
  <tag k="building" v="yes"/>
 </way>
 <way id="426309949" visible="true" version="4" changeset="181123454" timestamp="2026-04-10T02:40:18Z" user="Ruslan Fatih" uid="12875574">
  <nd ref="9754037095"/>
  <nd ref="9754037093"/>
  <nd ref="9754037094"/>
  <nd ref="4256158160"/>
  <nd ref="4256158165"/>
  <nd ref="4256158170"/>
  <nd ref="9754037096"/>
  <nd ref="9754037095"/>
  <tag k="addr:city" v="Семей"/>
  <tag k="addr:city:en" v="Semey"/>
  <tag k="addr:country" v="KZ"/>
  <tag k="addr:housenumber" v="34"/>
  <tag k="addr:street" v="улица Кабанбай Батыра"/>
  <tag k="building" v="yes"/>
 </way>
 <way id="426309977" visible="true" version="3" changeset="181123454" timestamp="2026-04-10T02:40:18Z" user="Ruslan Fatih" uid="12875574">
  <nd ref="4256158361"/>
  <nd ref="4256158365"/>
  <nd ref="4256158360"/>
  <nd ref="4256158357"/>
  <nd ref="4256158361"/>
  <tag k="addr:city" v="Семей"/>
  <tag k="addr:city:en" v="Semey"/>
  <tag k="addr:country" v="KZ"/>
  <tag k="addr:housenumber" v="58"/>
  <tag k="addr:street" v="улица Гоголя"/>
  <tag k="building" v="yes"/>
 </way>
 <way id="426309981" visible="true" version="3" changeset="181123454" timestamp="2026-04-10T02:40:18Z" user="Ruslan Fatih" uid="12875574">
  <nd ref="4256158306"/>
  <nd ref="4256158314"/>
  <nd ref="4256158319"/>
  <nd ref="4256158311"/>
  <nd ref="4256158306"/>
  <tag k="addr:city" v="Семей"/>
  <tag k="addr:city:en" v="Semey"/>
  <tag k="addr:country" v="KZ"/>
  <tag k="addr:housenumber" v="70"/>
  <tag k="addr:street" v="улица Уранхаева"/>
  <tag k="building" v="yes"/>
 </way>
 <way id="426309983" visible="true" version="3" changeset="181123454" timestamp="2026-04-10T02:40:18Z" user="Ruslan Fatih" uid="12875574">
  <nd ref="4256158188"/>
  <nd ref="4256158292"/>
  <nd ref="4256158296"/>
  <nd ref="4256158293"/>
  <nd ref="4256158188"/>
  <tag k="addr:city" v="Семей"/>
  <tag k="addr:city:en" v="Semey"/>
  <tag k="addr:country" v="KZ"/>
  <tag k="addr:housenumber" v="72"/>
  <tag k="addr:street" v="улица Жамакаева"/>
  <tag k="building" v="yes"/>
 </way>
 <way id="426309985" visible="true" version="3" changeset="181123454" timestamp="2026-04-10T02:40:18Z" user="Ruslan Fatih" uid="12875574">
  <nd ref="4256158323"/>
  <nd ref="4256158329"/>
  <nd ref="4256158333"/>
  <nd ref="4256158328"/>
  <nd ref="4256158323"/>
  <tag k="addr:city" v="Семей"/>
  <tag k="addr:city:en" v="Semey"/>
  <tag k="addr:country" v="KZ"/>
  <tag k="addr:housenumber" v="72"/>
  <tag k="addr:street" v="улица Уранхаева"/>
  <tag k="building" v="yes"/>
 </way>
 <way id="426309987" visible="true" version="3" changeset="181123454" timestamp="2026-04-10T02:40:18Z" user="Ruslan Fatih" uid="12875574">
  <nd ref="4256158298"/>
  <nd ref="4256158305"/>
  <nd ref="4256158309"/>
  <nd ref="4256158302"/>
  <nd ref="4256158298"/>
  <tag k="addr:city" v="Семей"/>
  <tag k="addr:city:en" v="Semey"/>
  <tag k="addr:country" v="KZ"/>
  <tag k="addr:housenumber" v="74"/>
  <tag k="addr:street" v="улица Жамакаева"/>
  <tag k="building" v="yes"/>
 </way>
 <way id="426309988" visible="true" version="4" changeset="181123454" timestamp="2026-04-10T02:40:18Z" user="Ruslan Fatih" uid="12875574">
  <nd ref="4256158336"/>
  <nd ref="4256158337"/>
  <nd ref="4256158332"/>
  <nd ref="4256158330"/>
  <nd ref="4256158336"/>
  <tag k="addr:city" v="Семей"/>
  <tag k="addr:city:en" v="Semey"/>
  <tag k="addr:country" v="KZ"/>
  <tag k="addr:housenumber" v="75"/>
  <tag k="addr:street" v="улица Гоголя"/>
  <tag k="building" v="yes"/>
 </way>
 <way id="426309989" visible="true" version="5" changeset="181123454" timestamp="2026-04-10T02:40:18Z" user="Ruslan Fatih" uid="12875574">
  <nd ref="4256158347"/>
  <nd ref="4256158349"/>
  <nd ref="4256158346"/>
  <nd ref="4256158344"/>
  <nd ref="4256158347"/>
  <tag k="addr:city" v="Семей"/>
  <tag k="addr:city:en" v="Semey"/>
  <tag k="addr:country" v="KZ"/>
  <tag k="building" v="yes"/>
 </way>
 <way id="426309991" visible="true" version="5" changeset="181123454" timestamp="2026-04-10T02:40:18Z" user="Ruslan Fatih" uid="12875574">
  <nd ref="4256158355"/>
  <nd ref="4256158359"/>
  <nd ref="4256158354"/>
  <nd ref="4256158351"/>
  <nd ref="4256158355"/>
  <tag k="addr:city" v="Семей"/>
  <tag k="addr:city:en" v="Semey"/>
  <tag k="addr:country" v="KZ"/>
  <tag k="addr:housenumber" v="58а"/>
  <tag k="addr:street" v="улица Гоголя"/>
  <tag k="building" v="yes"/>
 </way>
 <way id="426309997" visible="true" version="6" changeset="181123454" timestamp="2026-04-10T02:40:18Z" user="Ruslan Fatih" uid="12875574">
  <nd ref="4256158350"/>
  <nd ref="4256158352"/>
  <nd ref="4256158348"/>
  <nd ref="4256158345"/>
  <nd ref="4256158350"/>
  <tag k="addr:city" v="Семей"/>
  <tag k="addr:city:en" v="Semey"/>
  <tag k="addr:country" v="KZ"/>
  <tag k="addr:housenumber" v="83"/>
  <tag k="addr:street" v="проспект Шакарима"/>
  <tag k="building" v="yes"/>
 </way>
 <way id="426309999" visible="true" version="4" changeset="181123454" timestamp="2026-04-10T02:40:18Z" user="Ruslan Fatih" uid="12875574">
  <nd ref="4256158370"/>
  <nd ref="4256158371"/>
  <nd ref="4256158366"/>
  <nd ref="4256158364"/>
  <nd ref="4256158370"/>
  <tag k="addr:city" v="Семей"/>
  <tag k="addr:city:en" v="Semey"/>
  <tag k="addr:country" v="KZ"/>
  <tag k="addr:housenumber" v="85"/>
  <tag k="addr:street" v="улица Гоголя"/>
  <tag k="building" v="yes"/>
 </way>
 <way id="426310000" visible="true" version="5" changeset="181123454" timestamp="2026-04-10T02:40:18Z" user="Ruslan Fatih" uid="12875574">
  <nd ref="4256158356"/>
  <nd ref="4256158363"/>
  <nd ref="4256158358"/>
  <nd ref="4256158353"/>
  <nd ref="4256158356"/>
  <tag k="addr:city" v="Семей"/>
  <tag k="addr:city:en" v="Semey"/>
  <tag k="addr:country" v="KZ"/>
  <tag k="addr:housenumber" v="85"/>
  <tag k="addr:street" v="проспект Шакарима"/>
  <tag k="building" v="yes"/>
 </way>
 <way id="426310002" visible="true" version="4" changeset="181123454" timestamp="2026-04-10T02:40:18Z" user="Ruslan Fatih" uid="12875574">
  <nd ref="4256158372"/>
  <nd ref="4256158376"/>
  <nd ref="4256158374"/>
  <nd ref="4256158369"/>
  <nd ref="4256158372"/>
  <tag k="addr:city" v="Семей"/>
  <tag k="addr:city:en" v="Semey"/>
  <tag k="addr:country" v="KZ"/>
  <tag k="addr:housenumber" v="87"/>
  <tag k="addr:street" v="улица Гоголя"/>
  <tag k="building" v="yes"/>
 </way>
 <way id="428338496" visible="true" version="5" changeset="181123454" timestamp="2026-04-10T02:40:20Z" user="Ruslan Fatih" uid="12875574">
  <nd ref="4274558263"/>
  <nd ref="4274558270"/>
  <nd ref="4274558268"/>
  <nd ref="9748075413"/>
  <nd ref="9748075414"/>
  <nd ref="4274558256"/>
  <nd ref="4274558263"/>
  <tag k="addr:city" v="Семей"/>
  <tag k="addr:city:en" v="Semey"/>
  <tag k="addr:country" v="KZ"/>
  <tag k="addr:housenumber" v="52"/>
  <tag k="addr:street" v="проспект Шакарима"/>
  <tag k="building" v="yes"/>
 </way>
 <way id="428338498" visible="true" version="6" changeset="181123454" timestamp="2026-04-10T02:40:20Z" user="Ruslan Fatih" uid="12875574">
  <nd ref="4274558280"/>
  <nd ref="4274558284"/>
  <nd ref="4274558283"/>
  <nd ref="4274558277"/>
  <nd ref="4274558280"/>
  <tag k="addr:city" v="Семей"/>
  <tag k="addr:city:en" v="Semey"/>
  <tag k="addr:country" v="KZ"/>
  <tag k="addr:housenumber" v="54А"/>
  <tag k="addr:postcode" v="071400"/>
  <tag k="addr:street" v="проспект Шакарима"/>
  <tag k="building" v="yes"/>
  <tag k="building:levels" v="1"/>
 </way>
 <way id="428338500" visible="true" version="4" changeset="181123454" timestamp="2026-04-10T02:40:20Z" user="Ruslan Fatih" uid="12875574">
  <nd ref="4274558054"/>
  <nd ref="9748075324"/>
  <nd ref="9748075323"/>
  <nd ref="9748075322"/>
  <nd ref="9748075325"/>
  <nd ref="4274558058"/>
  <nd ref="4274558056"/>
  <nd ref="9748075326"/>
  <nd ref="9748075327"/>
  <nd ref="4274558050"/>
  <nd ref="4274558054"/>
  <tag k="addr:city" v="Семей"/>
  <tag k="addr:city:en" v="Semey"/>
  <tag k="addr:country" v="KZ"/>
  <tag k="addr:housenumber" v="55"/>
  <tag k="addr:street" v="улица Уранхаева"/>
  <tag k="building" v="yes"/>
 </way>
 <way id="428338508" visible="true" version="4" changeset="181123454" timestamp="2026-04-10T02:40:20Z" user="Ruslan Fatih" uid="12875574">
  <nd ref="4274558276"/>
  <nd ref="4274558281"/>
  <nd ref="4274558278"/>
  <nd ref="4274558275"/>
  <nd ref="4274558276"/>
  <tag k="addr:city" v="Семей"/>
  <tag k="addr:city:en" v="Semey"/>
  <tag k="addr:country" v="KZ"/>
  <tag k="addr:housenumber" v="65Б"/>
  <tag k="addr:street" v="улица Уранхаева"/>
  <tag k="building" v="yes"/>
 </way>
 <way id="428338518" visible="true" version="2" changeset="181123454" timestamp="2026-04-10T02:40:20Z" user="Ruslan Fatih" uid="12875574">
  <nd ref="4274558434"/>
  <nd ref="4274558441"/>
  <nd ref="4274558437"/>
  <nd ref="4274558430"/>
  <nd ref="4274558434"/>
  <tag k="addr:city" v="Семей"/>
  <tag k="addr:city:en" v="Semey"/>
  <tag k="addr:country" v="KZ"/>
  <tag k="addr:housenumber" v="71"/>
  <tag k="addr:street" v="улица Байсеитова"/>
  <tag k="building" v="yes"/>
 </way>
 <way id="428338530" visible="true" version="7" changeset="181123454" timestamp="2026-04-10T02:40:20Z" user="Ruslan Fatih" uid="12875574">
  <nd ref="4274558715"/>
  <nd ref="4274558727"/>
  <nd ref="4274558724"/>
  <nd ref="4274558710"/>
  <nd ref="4274558715"/>
  <tag k="addr:city" v="Семей"/>
  <tag k="addr:city:en" v="Semey"/>
  <tag k="addr:country" v="KZ"/>
  <tag k="addr:housenumber" v="88А"/>
  <tag k="addr:street" v="улица Засядько"/>
  <tag k="building" v="retail"/>
  <tag k="building:levels" v="2"/>
 </way>
 <way id="521079496" visible="true" version="4" changeset="181123457" timestamp="2026-04-10T02:40:26Z" user="Ruslan Fatih" uid="12875574">
  <nd ref="5077654408"/>
  <nd ref="5077654407"/>
  <nd ref="5077654406"/>
  <nd ref="5077654405"/>
  <nd ref="5077654404"/>
  <nd ref="5077654403"/>
  <nd ref="5077654408"/>
  <tag k="addr:city" v="Семей"/>
  <tag k="addr:city:en" v="Semey"/>
  <tag k="addr:country" v="KZ"/>
  <tag k="addr:housenumber" v="21"/>
  <tag k="addr:street" v="улица Кабанбай Батыра"/>
  <tag k="building" v="yes"/>
 </way>
 <way id="521079497" visible="true" version="4" changeset="181123457" timestamp="2026-04-10T02:40:26Z" user="Ruslan Fatih" uid="12875574">
  <nd ref="5077654412"/>
  <nd ref="5077654411"/>
  <nd ref="5077654410"/>
  <nd ref="5077654409"/>
  <nd ref="5077654412"/>
  <tag k="addr:city" v="Семей"/>
  <tag k="addr:city:en" v="Semey"/>
  <tag k="addr:country" v="KZ"/>
  <tag k="addr:housenumber" v="41/1"/>
  <tag k="addr:street" v="улица Б. Момышулы"/>
  <tag k="building" v="yes"/>
 </way>
 <way id="638975163" visible="true" version="6" changeset="188464320" timestamp="2026-09-03T10:36:28Z" user="ChimborazoMountain" uid="23043074">
  <nd ref="540381513"/>
  <nd ref="13748800914"/>
  <nd ref="9756763315"/>
  <nd ref="9756763333"/>
  <nd ref="14144177278"/>
  <nd ref="527953564"/>
  <nd ref="9620519164"/>
  <nd ref="527953558"/>
  <tag k="addr:city" v="Семей"/>
  <tag k="addr:city:en" v="Semey"/>
  <tag k="addr:country" v="KZ"/>
  <tag k="highway" v="residential"/>
  <tag k="name" v="улица Герцена"/>
  <tag k="name:ru" v="улица Герцена"/>
 </way>
 <way id="643679312" visible="true" version="6" changeset="181123457" timestamp="2026-04-10T02:40:26Z" user="Ruslan Fatih" uid="12875574">
  <nd ref="496204274"/>
  <nd ref="593595331"/>
  <nd ref="11191918184"/>
  <nd ref="593595334"/>
  <nd ref="494826774"/>
  <nd ref="496125102"/>
  <nd ref="494826754"/>
  <tag k="addr:country" v="KZ"/>
  <tag k="highway" v="tertiary"/>
  <tag k="name" v="Шоқан Уәлиханов Көшесі"/>
  <tag k="name:en" v="Ualikhanov street"/>
  <tag k="name:kk" v="Шоқан Уәлиханов Көшесі"/>
  <tag k="name:ru" v="улица Уалиханова"/>
 </way>
 <way id="643679313" visible="true" version="5" changeset="181123457" timestamp="2026-04-10T02:40:26Z" user="Ruslan Fatih" uid="12875574">
  <nd ref="6640017434"/>
  <nd ref="12965720353"/>
  <nd ref="496204276"/>
  <tag k="addr:city" v="Семей"/>
  <tag k="addr:city:en" v="Semey"/>
  <tag k="addr:country" v="KZ"/>
  <tag k="highway" v="residential"/>
  <tag k="name" v="улица Мангилик Ел"/>
  <tag k="name:ru" v="улица Мангилик Ел"/>
  <tag k="old_name" v="улица Ленина"/>
 </way>
 <way id="676715259" visible="true" version="5" changeset="188463425" timestamp="2026-09-03T10:17:11Z" user="ChimborazoMountain" uid="23043074">
  <nd ref="9748040686"/>
  <nd ref="6336987407"/>
  <nd ref="9748040693"/>
  <nd ref="9748040692"/>
  <nd ref="9748040691"/>
  <nd ref="9748040690"/>
  <nd ref="9748040689"/>
  <nd ref="9748040688"/>
  <nd ref="14144179511"/>
  <nd ref="9748040684"/>
  <tag k="addr:city" v="Семей"/>
  <tag k="addr:city:en" v="Semey"/>
  <tag k="addr:country" v="KZ"/>
  <tag k="highway" v="residential"/>
  <tag k="name" v="проспект Шакарима"/>
 </way>
 <way id="721138067" visible="true" version="1" changeset="73996226" timestamp="2019-09-02T11:15:08Z" user="Assel1590" uid="7736506">
  <nd ref="6766014875"/>
  <nd ref="6766014876"/>
  <nd ref="6766014877"/>
  <nd ref="6766014878"/>
  <nd ref="6766014879"/>
  <tag k="highway" v="service"/>
 </way>
 <way id="743546155" visible="true" version="2" changeset="121079380" timestamp="2022-05-17T05:48:32Z" user="Dante Devil" uid="15454530">
  <nd ref="6959372395"/>
  <nd ref="6959372394"/>
  <nd ref="6959372393"/>
  <nd ref="6959372392"/>
  <nd ref="6959372395"/>
  <tag k="addr:city" v="Семей"/>
  <tag k="addr:city:en" v="Semey"/>
  <tag k="addr:country" v="KZ"/>
  <tag k="addr:housenumber" v="64В"/>
  <tag k="addr:street" v="улица Уранхаева"/>
  <tag k="building" v="yes"/>
 </way>
 <way id="797531411" visible="true" version="4" changeset="181123457" timestamp="2026-04-10T02:40:28Z" user="Ruslan Fatih" uid="12875574">
  <nd ref="7459014036"/>
  <nd ref="7459014033"/>
  <nd ref="7459014034"/>
  <nd ref="7459014035"/>
  <nd ref="7459014036"/>
  <tag k="addr:city" v="Семей"/>
  <tag k="addr:city:en" v="Semey"/>
  <tag k="addr:country" v="KZ"/>
  <tag k="addr:housenumber" v="122/1"/>
  <tag k="addr:street" v="улица Ч. Валиханова"/>
  <tag k="building" v="yes"/>
  <tag k="building:levels" v="1"/>
 </way>
 <way id="1060469003" visible="true" version="4" changeset="181123457" timestamp="2026-04-10T02:40:30Z" user="Ruslan Fatih" uid="12875574">
  <nd ref="9743149647"/>
  <nd ref="9743149646"/>
  <nd ref="9743149645"/>
  <nd ref="9743149644"/>
  <nd ref="9743149647"/>
  <tag k="addr:city" v="Семей"/>
  <tag k="addr:city:en" v="Semey"/>
  <tag k="addr:country" v="KZ"/>
  <tag k="addr:housenumber" v="89"/>
  <tag k="addr:street" v="улица Гоголя"/>
  <tag k="building" v="yes"/>
 </way>
 <way id="1060469004" visible="true" version="4" changeset="181123457" timestamp="2026-04-10T02:40:30Z" user="Ruslan Fatih" uid="12875574">
  <nd ref="9743149653"/>
  <nd ref="9743149652"/>
  <nd ref="9743149651"/>
  <nd ref="9743149650"/>
  <nd ref="9743149653"/>
  <tag k="addr:city" v="Семей"/>
  <tag k="addr:city:en" v="Semey"/>
  <tag k="addr:country" v="KZ"/>
  <tag k="addr:housenumber" v="75/2"/>
  <tag k="addr:street" v="проспект Шакарима"/>
  <tag k="building" v="yes"/>
 </way>
 <way id="1060469005" visible="true" version="4" changeset="181123457" timestamp="2026-04-10T02:40:30Z" user="Ruslan Fatih" uid="12875574">
  <nd ref="9743149657"/>
  <nd ref="9743149656"/>
  <nd ref="9743149655"/>
  <nd ref="9743149654"/>
  <nd ref="9743149657"/>
  <tag k="addr:city" v="Семей"/>
  <tag k="addr:city:en" v="Semey"/>
  <tag k="addr:country" v="KZ"/>
  <tag k="addr:housenumber" v="75/1"/>
  <tag k="addr:street" v="проспект Шакарима"/>
  <tag k="building" v="yes"/>
 </way>
 <way id="1060469012" visible="true" version="2" changeset="181123457" timestamp="2026-04-10T02:40:30Z" user="Ruslan Fatih" uid="12875574">
  <nd ref="9743149699"/>
  <nd ref="9743149696"/>
  <nd ref="9743149697"/>
  <nd ref="9743149698"/>
  <nd ref="9743149699"/>
  <tag k="addr:city" v="Семей"/>
  <tag k="addr:city:en" v="Semey"/>
  <tag k="addr:country" v="KZ"/>
  <tag k="addr:housenumber" v="10а"/>
  <tag k="addr:street" v="улица Шугаева"/>
  <tag k="building" v="yes"/>
 </way>
 <way id="1060469013" visible="true" version="2" changeset="181123457" timestamp="2026-04-10T02:40:30Z" user="Ruslan Fatih" uid="12875574">
  <nd ref="9743149711"/>
  <nd ref="9743149704"/>
  <nd ref="9743149705"/>
  <nd ref="9743149706"/>
  <nd ref="9743149710"/>
  <nd ref="9743149709"/>
  <nd ref="9743149708"/>
  <nd ref="9743149707"/>
  <nd ref="9743149712"/>
  <nd ref="9743149713"/>
  <nd ref="9743149714"/>
  <nd ref="9743149715"/>
  <nd ref="9743149711"/>
  <tag k="addr:city" v="Семей"/>
  <tag k="addr:city:en" v="Semey"/>
  <tag k="addr:country" v="KZ"/>
  <tag k="addr:housenumber" v="55"/>
  <tag k="addr:street" v="улица Байсеитова"/>
  <tag k="building" v="yes"/>
 </way>
 <way id="1060469015" visible="true" version="2" changeset="181123457" timestamp="2026-04-10T02:40:30Z" user="Ruslan Fatih" uid="12875574">
  <nd ref="9743149723"/>
  <nd ref="9743149722"/>
  <nd ref="9743149721"/>
  <nd ref="9743149720"/>
  <nd ref="9743149723"/>
  <tag k="addr:city" v="Семей"/>
  <tag k="addr:city:en" v="Semey"/>
  <tag k="addr:country" v="KZ"/>
  <tag k="addr:housenumber" v="31"/>
  <tag k="addr:street" v="улица Кабанбай Батыра"/>
  <tag k="building" v="yes"/>
 </way>
 <way id="1060469016" visible="true" version="2" changeset="181123457" timestamp="2026-04-10T02:40:30Z" user="Ruslan Fatih" uid="12875574">
  <nd ref="9743149742"/>
  <nd ref="9743149741"/>
  <nd ref="9743149740"/>
  <nd ref="9743149739"/>
  <nd ref="9743149738"/>
  <nd ref="9743149737"/>
  <nd ref="9743149736"/>
  <nd ref="9743149735"/>
  <nd ref="9743149725"/>
  <nd ref="9743149734"/>
  <nd ref="9743149733"/>
  <nd ref="9743149732"/>
  <nd ref="9743149731"/>
  <nd ref="9743149730"/>
  <nd ref="9743149724"/>
  <nd ref="9743149729"/>
  <nd ref="9743149728"/>
  <nd ref="9743149727"/>
  <nd ref="9743149726"/>
  <nd ref="9743149742"/>
  <tag k="addr:city" v="Семей"/>
  <tag k="addr:city:en" v="Semey"/>
  <tag k="addr:country" v="KZ"/>
  <tag k="addr:housenumber" v="28"/>
  <tag k="addr:street" v="улица Шугаева"/>
  <tag k="building" v="yes"/>
 </way>
 <way id="1060469017" visible="true" version="2" changeset="181123457" timestamp="2026-04-10T02:40:30Z" user="Ruslan Fatih" uid="12875574">
  <nd ref="9743149746"/>
  <nd ref="9743149743"/>
  <nd ref="9743149744"/>
  <nd ref="9743149745"/>
  <nd ref="9743149746"/>
  <tag k="addr:city" v="Семей"/>
  <tag k="addr:city:en" v="Semey"/>
  <tag k="addr:country" v="KZ"/>
  <tag k="addr:housenumber" v="28/1"/>
  <tag k="addr:street" v="улица Шугаева"/>
  <tag k="building" v="yes"/>
 </way>
 <way id="1060469018" visible="true" version="2" changeset="181123457" timestamp="2026-04-10T02:40:30Z" user="Ruslan Fatih" uid="12875574">
  <nd ref="9743149750"/>
  <nd ref="9743149749"/>
  <nd ref="9743149748"/>
  <nd ref="9743149747"/>
  <nd ref="9743149750"/>
  <tag k="addr:city" v="Семей"/>
  <tag k="addr:city:en" v="Semey"/>
  <tag k="addr:country" v="KZ"/>
  <tag k="addr:housenumber" v="28/2"/>
  <tag k="addr:street" v="улица Шугаева"/>
  <tag k="building" v="yes"/>
 </way>
 <way id="1060469019" visible="true" version="2" changeset="181123457" timestamp="2026-04-10T02:40:30Z" user="Ruslan Fatih" uid="12875574">
  <nd ref="9743149754"/>
  <nd ref="9743149751"/>
  <nd ref="9743149752"/>
  <nd ref="9743149753"/>
  <nd ref="9743149754"/>
  <tag k="addr:city" v="Семей"/>
  <tag k="addr:city:en" v="Semey"/>
  <tag k="addr:country" v="KZ"/>
  <tag k="addr:housenumber" v="33/3"/>
  <tag k="addr:street" v="улица Кабанбай Батыра"/>
  <tag k="building" v="yes"/>
 </way>
 <way id="1060469020" visible="true" version="2" changeset="181123457" timestamp="2026-04-10T02:40:30Z" user="Ruslan Fatih" uid="12875574">
  <nd ref="9743149758"/>
  <nd ref="9743149755"/>
  <nd ref="9743149756"/>
  <nd ref="9743149757"/>
  <nd ref="9743149758"/>
  <tag k="addr:city" v="Семей"/>
  <tag k="addr:city:en" v="Semey"/>
  <tag k="addr:country" v="KZ"/>
  <tag k="addr:housenumber" v="33/2"/>
  <tag k="addr:street" v="улица Кабанбай Батыра"/>
  <tag k="building" v="yes"/>
 </way>
 <way id="1060469021" visible="true" version="2" changeset="181123457" timestamp="2026-04-10T02:40:30Z" user="Ruslan Fatih" uid="12875574">
  <nd ref="9743149762"/>
  <nd ref="9743149759"/>
  <nd ref="9743149760"/>
  <nd ref="9743149761"/>
  <nd ref="9743149762"/>
  <tag k="addr:city" v="Семей"/>
  <tag k="addr:city:en" v="Semey"/>
  <tag k="addr:country" v="KZ"/>
  <tag k="addr:street" v="улица Кабанбай Батыра"/>
  <tag k="building" v="yes"/>
 </way>
 <way id="1060469023" visible="true" version="2" changeset="181123457" timestamp="2026-04-10T02:40:30Z" user="Ruslan Fatih" uid="12875574">
  <nd ref="9743149770"/>
  <nd ref="9743149769"/>
  <nd ref="9743149768"/>
  <nd ref="9743149767"/>
  <nd ref="9743149770"/>
  <tag k="addr:city" v="Семей"/>
  <tag k="addr:city:en" v="Semey"/>
  <tag k="addr:country" v="KZ"/>
  <tag k="building" v="yes"/>
 </way>
 <way id="1060469024" visible="true" version="2" changeset="181123457" timestamp="2026-04-10T02:40:30Z" user="Ruslan Fatih" uid="12875574">
  <nd ref="9743149774"/>
  <nd ref="9743149771"/>
  <nd ref="9743149772"/>
  <nd ref="9743149773"/>
  <nd ref="9743149774"/>
  <tag k="addr:city" v="Семей"/>
  <tag k="addr:city:en" v="Semey"/>
  <tag k="addr:country" v="KZ"/>
  <tag k="building" v="yes"/>
 </way>
 <way id="1060942856" visible="true" version="3" changeset="181123457" timestamp="2026-04-10T02:40:32Z" user="Ruslan Fatih" uid="12875574">
  <nd ref="9748040688"/>
  <nd ref="10106904245"/>
  <nd ref="9748040687"/>
  <tag k="addr:city" v="Семей"/>
  <tag k="addr:city:en" v="Semey"/>
  <tag k="addr:country" v="KZ"/>
  <tag k="highway" v="residential"/>
  <tag k="name" v="улица Уранхаева"/>
 </way>
 <way id="1060942857" visible="true" version="2" changeset="181123457" timestamp="2026-04-10T02:40:32Z" user="Ruslan Fatih" uid="12875574">
  <nd ref="1920540737"/>
  <nd ref="6336987407"/>
  <tag k="addr:city" v="Семей"/>
  <tag k="addr:city:en" v="Semey"/>
  <tag k="addr:country" v="KZ"/>
  <tag k="highway" v="residential"/>
  <tag k="name" v="улица Уранхаева"/>
 </way>
 <way id="1060942862" visible="true" version="2" changeset="181123457" timestamp="2026-04-10T02:40:32Z" user="Ruslan Fatih" uid="12875574">
  <nd ref="9748075223"/>
  <nd ref="9748075222"/>
  <nd ref="9748075221"/>
  <nd ref="9748075220"/>
  <nd ref="9748075223"/>
  <tag k="addr:city" v="Семей"/>
  <tag k="addr:city:en" v="Semey"/>
  <tag k="addr:country" v="KZ"/>
  <tag k="addr:housenumber" v="38/1"/>
  <tag k="addr:street" v="проспект Шакарима"/>
  <tag k="building" v="yes"/>
 </way>
 <way id="1060942864" visible="true" version="2" changeset="181123457" timestamp="2026-04-10T02:40:32Z" user="Ruslan Fatih" uid="12875574">
  <nd ref="9748075231"/>
  <nd ref="9748075230"/>
  <nd ref="9748075229"/>
  <nd ref="9748075228"/>
  <nd ref="9748075231"/>
  <tag k="addr:city" v="Семей"/>
  <tag k="addr:city:en" v="Semey"/>
  <tag k="addr:country" v="KZ"/>
  <tag k="addr:housenumber" v="45"/>
  <tag k="addr:street" v="улица Б. Момышулы"/>
  <tag k="building" v="yes"/>
 </way>
 <way id="1060942872" visible="true" version="2" changeset="181123457" timestamp="2026-04-10T02:40:32Z" user="Ruslan Fatih" uid="12875574">
  <nd ref="9748075287"/>
  <nd ref="9748075286"/>
  <nd ref="9748075285"/>
  <nd ref="9748075284"/>
  <nd ref="9748075287"/>
  <tag k="addr:city" v="Семей"/>
  <tag k="addr:city:en" v="Semey"/>
  <tag k="addr:country" v="KZ"/>
  <tag k="addr:street" v="улица Б. Момышулы"/>
  <tag k="building" v="yes"/>
 </way>
 <way id="1060942884" visible="true" version="2" changeset="181123457" timestamp="2026-04-10T02:40:32Z" user="Ruslan Fatih" uid="12875574">
  <nd ref="9748075358"/>
  <nd ref="9748075357"/>
  <nd ref="9748075356"/>
  <nd ref="9748075355"/>
  <nd ref="9748075358"/>
  <tag k="addr:city" v="Семей"/>
  <tag k="addr:city:en" v="Semey"/>
  <tag k="addr:country" v="KZ"/>
  <tag k="addr:housenumber" v="28"/>
  <tag k="addr:street" v="улица Б. Момышулы"/>
  <tag k="building" v="yes"/>
 </way>
 <way id="1060942885" visible="true" version="2" changeset="181123457" timestamp="2026-04-10T02:40:32Z" user="Ruslan Fatih" uid="12875574">
  <nd ref="9748075362"/>
  <nd ref="9748075361"/>
  <nd ref="9748075360"/>
  <nd ref="9748075359"/>
  <nd ref="9748075362"/>
  <tag k="addr:city" v="Семей"/>
  <tag k="addr:city:en" v="Semey"/>
  <tag k="addr:country" v="KZ"/>
  <tag k="building" v="yes"/>
 </way>
 <way id="1060942886" visible="true" version="2" changeset="181123457" timestamp="2026-04-10T02:40:32Z" user="Ruslan Fatih" uid="12875574">
  <nd ref="9748075366"/>
  <nd ref="9748075365"/>
  <nd ref="9748075364"/>
  <nd ref="9748075363"/>
  <nd ref="9748075366"/>
  <tag k="addr:city" v="Семей"/>
  <tag k="addr:city:en" v="Semey"/>
  <tag k="addr:country" v="KZ"/>
  <tag k="building" v="yes"/>
 </way>
 <way id="1060942887" visible="true" version="2" changeset="181123457" timestamp="2026-04-10T02:40:32Z" user="Ruslan Fatih" uid="12875574">
  <nd ref="9748075370"/>
  <nd ref="9748075369"/>
  <nd ref="9748075368"/>
  <nd ref="9748075367"/>
  <nd ref="9748075370"/>
  <tag k="addr:city" v="Семей"/>
  <tag k="addr:city:en" v="Semey"/>
  <tag k="addr:country" v="KZ"/>
  <tag k="building" v="yes"/>
 </way>
 <way id="1060942888" visible="true" version="2" changeset="181123457" timestamp="2026-04-10T02:40:32Z" user="Ruslan Fatih" uid="12875574">
  <nd ref="9748075374"/>
  <nd ref="9748075373"/>
  <nd ref="9748075372"/>
  <nd ref="9748075371"/>
  <nd ref="9748075374"/>
  <tag k="addr:city" v="Семей"/>
  <tag k="addr:city:en" v="Semey"/>
  <tag k="addr:country" v="KZ"/>
  <tag k="building" v="yes"/>
 </way>
 <way id="1060942889" visible="true" version="2" changeset="181123457" timestamp="2026-04-10T02:40:32Z" user="Ruslan Fatih" uid="12875574">
  <nd ref="9748075378"/>
  <nd ref="9748075377"/>
  <nd ref="9748075376"/>
  <nd ref="9748075375"/>
  <nd ref="9748075378"/>
  <tag k="addr:city" v="Семей"/>
  <tag k="addr:city:en" v="Semey"/>
  <tag k="addr:country" v="KZ"/>
  <tag k="addr:housenumber" v="62Б"/>
  <tag k="addr:street" v="улица Уранхаева"/>
  <tag k="building" v="yes"/>
 </way>
 <way id="1060942890" visible="true" version="2" changeset="181123457" timestamp="2026-04-10T02:40:32Z" user="Ruslan Fatih" uid="12875574">
  <nd ref="9748075390"/>
  <nd ref="9748075387"/>
  <nd ref="9748075388"/>
  <nd ref="9748075389"/>
  <nd ref="9748075390"/>
  <tag k="addr:city" v="Семей"/>
  <tag k="addr:city:en" v="Semey"/>
  <tag k="addr:country" v="KZ"/>
  <tag k="addr:housenumber" v="21а/1"/>
  <tag k="addr:street" v="улица Кабанбай Батыра"/>
  <tag k="building" v="yes"/>
 </way>
 <way id="1060942891" visible="true" version="2" changeset="181123457" timestamp="2026-04-10T02:40:32Z" user="Ruslan Fatih" uid="12875574">
  <nd ref="9748075402"/>
  <nd ref="9748075401"/>
  <nd ref="9748075400"/>
  <nd ref="9748075399"/>
  <nd ref="9748075402"/>
  <tag k="addr:city" v="Семей"/>
  <tag k="addr:city:en" v="Semey"/>
  <tag k="addr:country" v="KZ"/>
  <tag k="addr:housenumber" v="6а"/>
  <tag k="addr:street" v="улица Шугаева"/>
  <tag k="building" v="yes"/>
 </way>
 <way id="1060942894" visible="true" version="2" changeset="181123457" timestamp="2026-04-10T02:40:32Z" user="Ruslan Fatih" uid="12875574">
  <nd ref="9748075430"/>
  <nd ref="9748075429"/>
  <nd ref="9748075428"/>
  <nd ref="9748075427"/>
  <nd ref="9748075430"/>
  <tag k="addr:city" v="Семей"/>
  <tag k="addr:city:en" v="Semey"/>
  <tag k="addr:country" v="KZ"/>
  <tag k="addr:housenumber" v="153а"/>
  <tag k="addr:street" v="улица Ч. Валиханова"/>
  <tag k="building" v="yes"/>
 </way>
 <way id="1060942895" visible="true" version="3" changeset="181123457" timestamp="2026-04-10T02:40:32Z" user="Ruslan Fatih" uid="12875574">
  <nd ref="9748075454"/>
  <nd ref="9748075453"/>
  <nd ref="9748075452"/>
  <nd ref="9748075451"/>
  <nd ref="9748075450"/>
  <nd ref="9748075449"/>
  <nd ref="9748075448"/>
  <nd ref="9748075447"/>
  <nd ref="9748075446"/>
  <nd ref="9748075445"/>
  <nd ref="9748075444"/>
  <nd ref="9748075443"/>
  <nd ref="9748075442"/>
  <nd ref="9748075441"/>
  <nd ref="9748075440"/>
  <nd ref="9748075439"/>
  <nd ref="9748075438"/>
  <nd ref="9748075437"/>
  <nd ref="9748075436"/>
  <nd ref="9748075435"/>
  <nd ref="9748075434"/>
  <nd ref="9748075433"/>
  <nd ref="9748075432"/>
  <nd ref="9748075431"/>
  <nd ref="9748075454"/>
  <tag k="addr:city" v="Семей"/>
  <tag k="addr:city:en" v="Semey"/>
  <tag k="addr:country" v="KZ"/>
  <tag k="addr:housenumber" v="149"/>
  <tag k="addr:street" v="улица Валиханова"/>
  <tag k="building" v="yes"/>
  <tag k="building:levels" v="5"/>
  <tag k="name" v="Тамаша"/>
  <tag k="name:en" v="Tamasha"/>
  <tag k="name:kk" v="Тамаша"/>
  <tag k="name:ru" v="Тамаша"/>
  <tag k="shop" v="mall"/>
 </way>
 <way id="1061663041" visible="true" version="3" changeset="181123457" timestamp="2026-04-10T02:40:36Z" user="Ruslan Fatih" uid="12875574">
  <nd ref="9754019593"/>
  <nd ref="11101214146"/>
  <nd ref="9754019592"/>
  <nd ref="9754019591"/>
  <nd ref="9754019590"/>
  <nd ref="11101214138"/>
  <nd ref="9754019589"/>
  <nd ref="11101214139"/>
  <nd ref="11101214141"/>
  <nd ref="11101214140"/>
  <nd ref="9754019588"/>
  <nd ref="9754019583"/>
  <nd ref="9754019584"/>
  <nd ref="9754019582"/>
  <nd ref="9754019587"/>
  <nd ref="9754019586"/>
  <nd ref="9754019585"/>
  <tag k="addr:city" v="Семей"/>
  <tag k="addr:city:en" v="Semey"/>
  <tag k="addr:country" v="KZ"/>
  <tag k="highway" v="residential"/>
  <tag k="name" v="проспект Шакарима"/>
 </way>
 <way id="1061663043" visible="true" version="2" changeset="181123457" timestamp="2026-04-10T02:40:36Z" user="Ruslan Fatih" uid="12875574">
  <nd ref="9754019605"/>
  <nd ref="9754019604"/>
  <nd ref="9754019603"/>
  <nd ref="9754019602"/>
  <nd ref="9754019605"/>
  <tag k="addr:city" v="Семей"/>
  <tag k="addr:city:en" v="Semey"/>
  <tag k="addr:country" v="KZ"/>
  <tag k="addr:housenumber" v="82Б"/>
  <tag k="addr:street" v="проспект Шакарима"/>
  <tag k="building" v="yes"/>
 </way>
 <way id="1061663166" visible="true" version="2" changeset="181123457" timestamp="2026-04-10T02:40:36Z" user="Ruslan Fatih" uid="12875574">
  <nd ref="9754037060"/>
  <nd ref="9754037059"/>
  <nd ref="9754037058"/>
  <nd ref="9754037057"/>
  <nd ref="9754037060"/>
  <tag k="addr:city" v="Семей"/>
  <tag k="addr:city:en" v="Semey"/>
  <tag k="addr:country" v="KZ"/>
  <tag k="building" v="yes"/>
 </way>
 <way id="1061663169" visible="true" version="2" changeset="181123457" timestamp="2026-04-10T02:40:36Z" user="Ruslan Fatih" uid="12875574">
  <nd ref="9754037072"/>
  <nd ref="9754037071"/>
  <nd ref="9754037070"/>
  <nd ref="9754037069"/>
  <nd ref="9754037072"/>
  <tag k="addr:city" v="Семей"/>
  <tag k="addr:city:en" v="Semey"/>
  <tag k="addr:country" v="KZ"/>
  <tag k="building" v="yes"/>
 </way>
 <way id="1061663170" visible="true" version="2" changeset="181123457" timestamp="2026-04-10T02:40:36Z" user="Ruslan Fatih" uid="12875574">
  <nd ref="9754037076"/>
  <nd ref="9754037075"/>
  <nd ref="9754037074"/>
  <nd ref="9754037073"/>
  <nd ref="9754037076"/>
  <tag k="addr:city" v="Семей"/>
  <tag k="addr:city:en" v="Semey"/>
  <tag k="addr:country" v="KZ"/>
  <tag k="addr:housenumber" v="56"/>
  <tag k="addr:street" v="улица Гоголя"/>
  <tag k="building" v="yes"/>
 </way>
 <way id="1061663171" visible="true" version="2" changeset="181123457" timestamp="2026-04-10T02:40:36Z" user="Ruslan Fatih" uid="12875574">
  <nd ref="9754037080"/>
  <nd ref="9754037079"/>
  <nd ref="9754037078"/>
  <nd ref="9754037077"/>
  <nd ref="9754037080"/>
  <tag k="addr:city" v="Семей"/>
  <tag k="addr:city:en" v="Semey"/>
  <tag k="addr:country" v="KZ"/>
  <tag k="addr:housenumber" v="82"/>
  <tag k="addr:street" v="улица Жамакаева"/>
  <tag k="building" v="yes"/>
 </way>
 <way id="1061663172" visible="true" version="2" changeset="181123457" timestamp="2026-04-10T02:40:36Z" user="Ruslan Fatih" uid="12875574">
  <nd ref="9754037084"/>
  <nd ref="9754037083"/>
  <nd ref="9754037082"/>
  <nd ref="9754037081"/>
  <nd ref="9754037084"/>
  <tag k="addr:city" v="Семей"/>
  <tag k="addr:city:en" v="Semey"/>
  <tag k="addr:country" v="KZ"/>
  <tag k="addr:housenumber" v="84"/>
  <tag k="addr:street" v="улица Жамакаева"/>
  <tag k="building" v="yes"/>
 </way>
 <way id="1061663173" visible="true" version="2" changeset="181123457" timestamp="2026-04-10T02:40:36Z" user="Ruslan Fatih" uid="12875574">
  <nd ref="9754037088"/>
  <nd ref="9754037087"/>
  <nd ref="9754037086"/>
  <nd ref="9754037085"/>
  <nd ref="9754037088"/>
  <tag k="addr:city" v="Семей"/>
  <tag k="addr:city:en" v="Semey"/>
  <tag k="addr:country" v="KZ"/>
  <tag k="addr:housenumber" v="82/1"/>
  <tag k="addr:street" v="проспект Шакарима"/>
  <tag k="building" v="yes"/>
 </way>
 <way id="1061663174" visible="true" version="2" changeset="181123457" timestamp="2026-04-10T02:40:36Z" user="Ruslan Fatih" uid="12875574">
  <nd ref="9754037092"/>
  <nd ref="9754037091"/>
  <nd ref="9754037090"/>
  <nd ref="9754037089"/>
  <nd ref="9754037092"/>
  <tag k="addr:city" v="Семей"/>
  <tag k="addr:city:en" v="Semey"/>
  <tag k="addr:country" v="KZ"/>
  <tag k="addr:housenumber" v="72"/>
  <tag k="addr:street" v="проспект Шакарима"/>
  <tag k="building" v="yes"/>
 </way>
 <way id="1061663175" visible="true" version="2" changeset="181123457" timestamp="2026-04-10T02:40:36Z" user="Ruslan Fatih" uid="12875574">
  <nd ref="9754037100"/>
  <nd ref="9754037099"/>
  <nd ref="9754037098"/>
  <nd ref="9754037097"/>
  <nd ref="9754037100"/>
  <tag k="addr:city" v="Семей"/>
  <tag k="addr:city:en" v="Semey"/>
  <tag k="addr:country" v="KZ"/>
  <tag k="addr:housenumber" v="64а"/>
  <tag k="addr:street" v="улица Уранхаева"/>
  <tag k="building" v="yes"/>
 </way>
 <way id="1062011427" visible="true" version="1" changeset="121230929" timestamp="2022-05-20T08:44:02Z" user="Dante Devil" uid="15454530">
  <nd ref="1722801273"/>
  <nd ref="1722801198"/>
  <nd ref="1722801307"/>
  <nd ref="9593209332"/>
  <nd ref="1722801254"/>
  <nd ref="1722801281"/>
  <nd ref="9593209334"/>
  <nd ref="1722801311"/>
  <nd ref="1722801335"/>
  <tag k="highway" v="footway"/>
 </way>
 <way id="1062011438" visible="true" version="2" changeset="168520804" timestamp="2025-07-05T12:20:01Z" user="LexIgnatov" uid="316868">
  <nd ref="9756763315"/>
  <nd ref="9756763314"/>
  <nd ref="9756763313"/>
  <nd ref="9756763312"/>
  <nd ref="9756763311"/>
  <tag k="highway" v="service"/>
 </way>
 <way id="1062011439" visible="true" version="2" changeset="168520804" timestamp="2025-07-05T12:20:01Z" user="LexIgnatov" uid="316868">
  <nd ref="9756763324"/>
  <nd ref="9756763323"/>
  <nd ref="9756763322"/>
  <nd ref="9756763321"/>
  <nd ref="9756763320"/>
  <nd ref="9756763319"/>
  <nd ref="9756763318"/>
  <nd ref="9756763317"/>
  <nd ref="9756763316"/>
  <tag k="highway" v="service"/>
 </way>
 <way id="1062011440" visible="true" version="2" changeset="168520804" timestamp="2025-07-05T12:20:01Z" user="LexIgnatov" uid="316868">
  <nd ref="9756763333"/>
  <nd ref="9756763324"/>
  <nd ref="9756763332"/>
  <nd ref="9756763331"/>
  <nd ref="9756763330"/>
  <nd ref="9756763329"/>
  <nd ref="9756763328"/>
  <nd ref="9756763327"/>
  <nd ref="9756763326"/>
  <nd ref="9756763325"/>
  <tag k="highway" v="service"/>
 </way>
 <way id="1062011444" visible="true" version="3" changeset="181123457" timestamp="2026-04-10T02:40:36Z" user="Ruslan Fatih" uid="12875574">
  <nd ref="2059420786"/>
  <nd ref="2059420783"/>
  <tag k="addr:city" v="Семей"/>
  <tag k="addr:city:en" v="Semey"/>
  <tag k="addr:country" v="KZ"/>
  <tag k="highway" v="residential"/>
  <tag k="name" v="улица Гоголя"/>
 </way>
 <way id="1062011974" visible="true" version="3" changeset="181123457" timestamp="2026-04-10T02:40:36Z" user="Ruslan Fatih" uid="12875574">
  <nd ref="9756765894"/>
  <nd ref="9756765891"/>
  <nd ref="9756765892"/>
  <nd ref="9756765893"/>
  <nd ref="9756765894"/>
  <tag k="addr:city" v="Семей"/>
  <tag k="addr:city:en" v="Semey"/>
  <tag k="addr:country" v="KZ"/>
  <tag k="addr:housenumber" v="42/1"/>
  <tag k="addr:street" v="улица Кабанбай Батыра"/>
  <tag k="building" v="yes"/>
 </way>
 <way id="1062011975" visible="true" version="3" changeset="181123457" timestamp="2026-04-10T02:40:36Z" user="Ruslan Fatih" uid="12875574">
  <nd ref="9756765898"/>
  <nd ref="9756765897"/>
  <nd ref="9756765896"/>
  <nd ref="9756765895"/>
  <nd ref="9756765898"/>
  <tag k="addr:city" v="Семей"/>
  <tag k="addr:city:en" v="Semey"/>
  <tag k="addr:country" v="KZ"/>
  <tag k="addr:housenumber" v="71/1"/>
  <tag k="addr:street" v="улица Жамакаева"/>
  <tag k="building" v="yes"/>
 </way>
 <way id="1062011976" visible="true" version="3" changeset="181123457" timestamp="2026-04-10T02:40:36Z" user="Ruslan Fatih" uid="12875574">
  <nd ref="9756765902"/>
  <nd ref="9756765899"/>
  <nd ref="9756765900"/>
  <nd ref="9756765901"/>
  <nd ref="9756765902"/>
  <tag k="addr:city" v="Семей"/>
  <tag k="addr:city:en" v="Semey"/>
  <tag k="addr:country" v="KZ"/>
  <tag k="addr:housenumber" v="75/5"/>
  <tag k="addr:street" v="проспект Шакарима"/>
  <tag k="building" v="yes"/>
 </way>
 <way id="1062011977" visible="true" version="3" changeset="181123457" timestamp="2026-04-10T02:40:36Z" user="Ruslan Fatih" uid="12875574">
  <nd ref="9756765906"/>
  <nd ref="9756765905"/>
  <nd ref="9756765904"/>
  <nd ref="9756765903"/>
  <nd ref="9756765906"/>
  <tag k="addr:city" v="Семей"/>
  <tag k="addr:city:en" v="Semey"/>
  <tag k="addr:country" v="KZ"/>
  <tag k="addr:housenumber" v="75/4"/>
  <tag k="addr:street" v="проспект Шакарима"/>
  <tag k="building" v="yes"/>
 </way>
 <way id="1062011978" visible="true" version="3" changeset="181123457" timestamp="2026-04-10T02:40:36Z" user="Ruslan Fatih" uid="12875574">
  <nd ref="9756765910"/>
  <nd ref="9756765909"/>
  <nd ref="9756765908"/>
  <nd ref="9756765907"/>
  <nd ref="9756765910"/>
  <tag k="addr:city" v="Семей"/>
  <tag k="addr:city:en" v="Semey"/>
  <tag k="addr:country" v="KZ"/>
  <tag k="addr:housenumber" v="82а"/>
  <tag k="addr:street" v="улица Байсеитова"/>
  <tag k="building" v="yes"/>
 </way>
 <way id="1062130249" visible="true" version="2" changeset="181123457" timestamp="2026-04-10T02:40:36Z" user="Ruslan Fatih" uid="12875574">
  <nd ref="9757683325"/>
  <nd ref="9757683322"/>
  <nd ref="9757683323"/>
  <nd ref="9757683324"/>
  <nd ref="9757683325"/>
  <tag k="addr:city" v="Семей"/>
  <tag k="addr:city:en" v="Semey"/>
  <tag k="addr:country" v="KZ"/>
  <tag k="addr:housenumber" v="75/6"/>
  <tag k="addr:street" v="проспект Шакарима"/>
  <tag k="building" v="yes"/>
 </way>
 <way id="1190110300" visible="true" version="1" changeset="138607270" timestamp="2023-07-17T07:25:31Z" user="LakeTopozero" uid="17110754">
  <nd ref="11050505034"/>
  <nd ref="11050505033"/>
  <tag k="highway" v="service"/>
 </way>
 <way id="1190110301" visible="true" version="1" changeset="138607270" timestamp="2023-07-17T07:25:31Z" user="LakeTopozero" uid="17110754">
  <nd ref="11050505046"/>
  <nd ref="11050505034"/>
  <nd ref="11050505045"/>
  <nd ref="11050505044"/>
  <nd ref="11050505043"/>
  <nd ref="11050505042"/>
  <nd ref="11050505041"/>
  <nd ref="11050505040"/>
  <nd ref="11050505039"/>
  <nd ref="11050505038"/>
  <nd ref="11050505037"/>
  <nd ref="11050505036"/>
  <nd ref="11050505033"/>
  <nd ref="11050505035"/>
  <tag k="highway" v="service"/>
 </way>
 <way id="1191955946" visible="true" version="1" changeset="138964788" timestamp="2023-07-25T02:06:23Z" user="WardDrain" uid="18953746">
  <nd ref="11066043722"/>
  <nd ref="11066043720"/>
  <nd ref="11066043716"/>
  <nd ref="11066043718"/>
  <nd ref="11066043719"/>
  <nd ref="11066043715"/>
  <nd ref="11066043717"/>
  <nd ref="11066043721"/>
  <tag k="highway" v="service"/>
 </way>
 <way id="1191957737" visible="true" version="1" changeset="138965136" timestamp="2023-07-25T02:28:26Z" user="WardDrain" uid="18953746">
  <nd ref="11066070829"/>
  <nd ref="11066070828"/>
  <nd ref="11066070827"/>
  <nd ref="11066070824"/>
  <nd ref="11066070826"/>
  <nd ref="11066070825"/>
  <tag k="highway" v="service"/>
 </way>
 <way id="1193459946" visible="true" version="2" changeset="188463425" timestamp="2026-09-03T10:17:11Z" user="ChimborazoMountain" uid="23043074">
  <nd ref="11077978250"/>
  <nd ref="11077978249"/>
  <nd ref="11077978236"/>
  <nd ref="11077978248"/>
  <nd ref="11077978235"/>
  <nd ref="11077978247"/>
  <nd ref="11077978234"/>
  <nd ref="11077978246"/>
  <nd ref="11077978245"/>
  <nd ref="11077978244"/>
  <nd ref="11077978238"/>
  <nd ref="11077978243"/>
  <nd ref="11077978237"/>
  <nd ref="11077978239"/>
  <nd ref="11077978242"/>
  <nd ref="11077978241"/>
  <nd ref="11077978240"/>
  <tag k="highway" v="service"/>
 </way>
 <way id="1193461456" visible="true" version="1" changeset="139234045" timestamp="2023-07-31T04:37:57Z" user="MountBabia" uid="18236549">
  <nd ref="11077996920"/>
  <nd ref="11077996913"/>
  <tag k="highway" v="service"/>
 </way>
 <way id="1193461457" visible="true" version="1" changeset="139234045" timestamp="2023-07-31T04:37:57Z" user="MountBabia" uid="18236549">
  <nd ref="11077996921"/>
  <nd ref="11077996920"/>
  <nd ref="11077996919"/>
  <nd ref="11077996910"/>
  <nd ref="11077996918"/>
  <nd ref="11077996912"/>
  <nd ref="11077996911"/>
  <nd ref="11077996917"/>
  <nd ref="11077996916"/>
  <nd ref="11077996915"/>
  <nd ref="11077996908"/>
  <nd ref="11077996907"/>
  <nd ref="11077966204"/>
  <nd ref="11077996906"/>
  <nd ref="11077996905"/>
  <nd ref="11077996914"/>
  <nd ref="11077996909"/>
  <tag k="highway" v="service"/>
 </way>
 <way id="1196304126" visible="true" version="3" changeset="181123470" timestamp="2026-04-10T02:41:12Z" user="Ruslan Fatih" uid="12875574">
  <nd ref="11101214138"/>
  <nd ref="540381507"/>
  <tag k="addr:city" v="Семей"/>
  <tag k="addr:city:en" v="Semey"/>
  <tag k="addr:country" v="KZ"/>
  <tag k="highway" v="residential"/>
  <tag k="name" v="улица Гоголя"/>
 </way>
 <way id="1196304131" visible="true" version="1" changeset="139647105" timestamp="2023-08-09T08:35:34Z" user="NossobRiver" uid="18953862">
  <nd ref="9754019586"/>
  <nd ref="11101214148"/>
  <nd ref="11101214147"/>
  <nd ref="11101214146"/>
  <tag k="highway" v="service"/>
 </way>
 <way id="1207911087" visible="true" version="2" changeset="170717090" timestamp="2025-08-20T10:27:21Z" user="PolondDesert" uid="22220225">
  <nd ref="11191955428"/>
  <nd ref="11191955418"/>
  <nd ref="11191955427"/>
  <nd ref="11191955426"/>
  <nd ref="11191955419"/>
  <nd ref="11191955425"/>
  <nd ref="11191955417"/>
  <nd ref="11191955424"/>
  <nd ref="11191955423"/>
  <nd ref="11191955420"/>
  <nd ref="11191955422"/>
  <nd ref="13084131581"/>
  <nd ref="11191955421"/>
  <tag k="highway" v="service"/>
 </way>
 <way id="1207960422" visible="true" version="2" changeset="168942608" timestamp="2025-07-15T03:13:15Z" user="MountBabia" uid="18236549">
  <nd ref="539069107"/>
  <nd ref="11192600482"/>
  <nd ref="11192600481"/>
  <nd ref="11192600480"/>
  <nd ref="11192600479"/>
  <nd ref="11192600478"/>
  <nd ref="11192600477"/>
  <nd ref="13000868877"/>
  <tag k="highway" v="service"/>
 </way>
 <way id="1207961327" visible="true" version="1" changeset="141289379" timestamp="2023-09-15T07:39:31Z" user="WellandCanal" uid="17826497">
  <nd ref="11192651095"/>
  <nd ref="11192651094"/>
  <nd ref="11192651093"/>
  <nd ref="11192651092"/>
  <nd ref="11192651091"/>
  <nd ref="11192651090"/>
  <nd ref="11192651089"/>
  <tag k="highway" v="service"/>
 </way>
 <way id="1253241921" visible="true" version="2" changeset="181123470" timestamp="2026-04-10T02:41:14Z" user="Ruslan Fatih" uid="12875574">
  <nd ref="11648993342"/>
  <nd ref="11648993339"/>
  <nd ref="11648993340"/>
  <nd ref="11648993341"/>
  <nd ref="11648993342"/>
  <tag k="addr:city" v="Семей"/>
  <tag k="addr:city:en" v="Semey"/>
  <tag k="addr:country" v="KZ"/>
  <tag k="addr:housenumber" v="29а"/>
  <tag k="addr:street" v="улица Кабанбай Батыра"/>
  <tag k="amenity" v="fuel"/>
  <tag k="building" v="yes"/>
  <tag k="name" v="Vostok Gas"/>
 </way>
 <way id="1349910734" visible="true" version="2" changeset="168520804" timestamp="2025-07-05T12:20:01Z" user="LexIgnatov" uid="316868">
  <nd ref="12487711783"/>
  <nd ref="12487711782"/>
  <tag k="highway" v="service"/>
  <tag k="oneway" v="no"/>
 </way>
 <way id="1411078792" visible="true" version="1" changeset="168336913" timestamp="2025-07-01T06:12:38Z" user="GravaneCanal" uid="18414165">
  <nd ref="496204276"/>
  <nd ref="475736610"/>
  <nd ref="540721720"/>
  <nd ref="475736585"/>
  <nd ref="9753539907"/>
  <nd ref="540381332"/>
  <tag k="highway" v="secondary"/>
  <tag k="name" v="Қабанбай Батыр көшесі"/>
  <tag k="name:en" v="Qabanbai Batyr street"/>
  <tag k="name:ru" v="улица Кабанбай Батыра"/>
  <tag k="old_name" v="улица Куйбышева"/>
 </way>
 <way id="1411078793" visible="true" version="1" changeset="168336913" timestamp="2025-07-01T06:12:38Z" user="GravaneCanal" uid="18414165">
  <nd ref="457419818"/>
  <nd ref="1722802937"/>
  <nd ref="496125100"/>
  <nd ref="494826779"/>
  <tag k="highway" v="secondary"/>
  <tag k="name" v="Қабанбай Батыр көшесі"/>
  <tag k="name:en" v="Qabanbai Batyr street"/>
  <tag k="name:ru" v="улица Кабанбай Батыра"/>
  <tag k="old_name" v="улица Куйбышева"/>
 </way>
 <way id="1411078794" visible="true" version="1" changeset="168336913" timestamp="2025-07-01T06:12:38Z" user="GravaneCanal" uid="18414165">
  <nd ref="12965720350"/>
  <nd ref="12965720349"/>
  <nd ref="12965720348"/>
  <nd ref="12965720351"/>
  <nd ref="12965720347"/>
  <nd ref="12965720346"/>
  <tag k="highway" v="footway"/>
 </way>
 <way id="1411078795" visible="true" version="1" changeset="168336913" timestamp="2025-07-01T06:12:38Z" user="GravaneCanal" uid="18414165">
  <nd ref="12965720352"/>
  <nd ref="12965720351"/>
  <nd ref="12965720354"/>
  <tag k="highway" v="footway"/>
 </way>
 <way id="1411078796" visible="true" version="1" changeset="168336913" timestamp="2025-07-01T06:12:38Z" user="GravaneCanal" uid="18414165">
  <nd ref="1722802918"/>
  <nd ref="12965720355"/>
  <nd ref="12965720354"/>
  <nd ref="593595451"/>
  <nd ref="12965720353"/>
  <tag k="highway" v="footway"/>
 </way>
 <way id="1423530335" visible="true" version="1" changeset="170717090" timestamp="2025-08-20T10:27:21Z" user="PolondDesert" uid="22220225">
  <nd ref="13084131582"/>
  <nd ref="13084131581"/>
  <nd ref="1722801237"/>
  <tag k="highway" v="footway"/>
 </way>
 <way id="1459108956" visible="true" version="1" changeset="176018187" timestamp="2025-12-16T18:12:42Z" user="IslandCorfu" uid="23470745">
  <nd ref="13381868119"/>
  <nd ref="1920540735"/>
  <nd ref="13381868120"/>
  <nd ref="6640017434"/>
  <tag k="highway" v="footway"/>
 </way>
 <way id="1483355991" visible="true" version="1" changeset="179078914" timestamp="2026-02-26T10:50:35Z" user="da7282" uid="23058984">
  <nd ref="13602279771"/>
  <nd ref="13602279772"/>
  <nd ref="13602279773"/>
  <nd ref="13602279774"/>
  <nd ref="13602279775"/>
  <tag k="highway" v="primary_link"/>
  <tag k="oneway" v="yes"/>
 </way>
 <way id="1483355992" visible="true" version="1" changeset="179078914" timestamp="2026-02-26T10:50:35Z" user="da7282" uid="23058984">
  <nd ref="13602279776"/>
  <nd ref="13602279777"/>
  <nd ref="13602279778"/>
  <nd ref="13602279779"/>
  <tag k="highway" v="primary_link"/>
  <tag k="oneway" v="yes"/>
 </way>
 <way id="1500208234" visible="true" version="1" changeset="181451600" timestamp="2026-04-17T10:43:15Z" user="RiverTummel" uid="23759843">
  <nd ref="13737212026"/>
  <nd ref="13737212025"/>
  <nd ref="13737212024"/>
  <nd ref="13737212023"/>
  <nd ref="13737212022"/>
  <nd ref="13737212021"/>
  <nd ref="13737212020"/>
  <tag k="highway" v="service"/>
 </way>
 <way id="1501765346" visible="true" version="1" changeset="181620943" timestamp="2026-04-21T10:46:22Z" user="LakeTrasimeno" uid="23866583">
  <nd ref="13748236223"/>
  <nd ref="13748236224"/>
  <tag k="highway" v="service"/>
 </way>
 <way id="1501765347" visible="true" version="1" changeset="181620943" timestamp="2026-04-21T10:46:22Z" user="LakeTrasimeno" uid="23866583">
  <nd ref="13748236229"/>
  <nd ref="13748236222"/>
  <tag k="highway" v="service"/>
 </way>
 <way id="1501765348" visible="true" version="1" changeset="181620943" timestamp="2026-04-21T10:46:22Z" user="LakeTrasimeno" uid="23866583">
  <nd ref="13748236222"/>
  <nd ref="13748236228"/>
  <nd ref="13748236227"/>
  <nd ref="13748236226"/>
  <nd ref="13748236225"/>
  <nd ref="13748236223"/>
  <tag k="access" v="private"/>
  <tag k="highway" v="service"/>
 </way>
 <way id="1501771667" visible="true" version="1" changeset="181621920" timestamp="2026-04-21T11:07:49Z" user="LakeTrasimeno" uid="23866583">
  <nd ref="13748447527"/>
  <nd ref="13748447526"/>
  <nd ref="13748447525"/>
  <nd ref="13748447524"/>
  <nd ref="13748447522"/>
  <nd ref="13748447523"/>
  <tag k="highway" v="service"/>
 </way>
 <way id="1501780060" visible="true" version="1" changeset="181622337" timestamp="2026-04-21T11:19:24Z" user="LakeTrasimeno" uid="23866583">
  <nd ref="13748511758"/>
  <nd ref="13748511752"/>
  <tag k="highway" v="service"/>
 </way>
 <way id="1501780062" visible="true" version="1" changeset="181622337" timestamp="2026-04-21T11:19:24Z" user="LakeTrasimeno" uid="23866583">
  <nd ref="13748511752"/>
  <nd ref="13748511757"/>
  <nd ref="13748511756"/>
  <nd ref="13748511755"/>
  <nd ref="13748511754"/>
  <nd ref="13748511751"/>
  <tag k="access" v="private"/>
  <tag k="highway" v="service"/>
 </way>
 <way id="1554728830" visible="true" version="1" changeset="188463425" timestamp="2026-09-03T10:17:11Z" user="ChimborazoMountain" uid="23043074">
  <nd ref="14144179513"/>
  <nd ref="9748040684"/>
  <tag k="addr:country" v="KZ"/>
  <tag k="highway" v="primary"/>
  <tag k="maxspeed" v="60"/>
  <tag k="name" v="Шәкәрім даңғылы"/>
  <tag k="name:en" v="Shakarim avenue"/>
  <tag k="name:kk" v="Шәкәрім даңғылы"/>
  <tag k="name:ru" v="проспект Шакарима"/>
  <tag k="sidewalk:left" v="separate"/>
 </way>
 <way id="1554728831" visible="true" version="1" changeset="188463425" timestamp="2026-09-03T10:17:11Z" user="ChimborazoMountain" uid="23043074">
  <nd ref="457419818"/>
  <nd ref="11077978250"/>
  <nd ref="527953547"/>
  <nd ref="14144179513"/>
  <tag k="addr:country" v="KZ"/>
  <tag k="highway" v="primary"/>
  <tag k="maxspeed" v="60"/>
  <tag k="name" v="Шәкәрім даңғылы"/>
  <tag k="name:en" v="Shakarim avenue"/>
  <tag k="name:kk" v="Шәкәрім даңғылы"/>
  <tag k="name:ru" v="проспект Шакарима"/>
 </way>
 <way id="1554728832" visible="true" version="1" changeset="188463425" timestamp="2026-09-03T10:17:11Z" user="ChimborazoMountain" uid="23043074">
  <nd ref="14144179511"/>
  <nd ref="14144179510"/>
  <tag k="highway" v="footway"/>
 </way>
 <way id="1554728833" visible="true" version="1" changeset="188463425" timestamp="2026-09-03T10:17:11Z" user="ChimborazoMountain" uid="23043074">
  <nd ref="14144179524"/>
  <nd ref="14144179518"/>
  <nd ref="14144179517"/>
  <nd ref="14144179512"/>
  <nd ref="14144179516"/>
  <nd ref="14144179515"/>
  <nd ref="14144179514"/>
  <nd ref="14144179510"/>
  <nd ref="14144179513"/>
  <tag k="highway" v="service"/>
 </way>
 <way id="1554728834" visible="true" version="1" changeset="188463425" timestamp="2026-09-03T10:17:11Z" user="ChimborazoMountain" uid="23043074">
  <nd ref="527953547"/>
  <nd ref="14144179524"/>
  <nd ref="14144179523"/>
  <nd ref="14144179522"/>
  <nd ref="14144179521"/>
  <nd ref="14144179520"/>
  <nd ref="14144179519"/>
  <tag k="highway" v="service"/>
 </way>
 <way id="1554728835" visible="true" version="1" changeset="188463425" timestamp="2026-09-03T10:17:11Z" user="ChimborazoMountain" uid="23043074">
  <nd ref="14144179531"/>
  <nd ref="14144179530"/>
  <nd ref="14144179529"/>
  <nd ref="14144179528"/>
  <nd ref="11066070825"/>
  <tag k="highway" v="footway"/>
 </way>
 <way id="1554728836" visible="true" version="1" changeset="188463425" timestamp="2026-09-03T10:17:11Z" user="ChimborazoMountain" uid="23043074">
  <nd ref="14144179521"/>
  <nd ref="14144179526"/>
  <nd ref="14144179527"/>
  <nd ref="14144179533"/>
  <nd ref="14144179531"/>
  <nd ref="14144179532"/>
  <nd ref="14144179525"/>
  <nd ref="9748040686"/>
  <tag k="highway" v="footway"/>
 </way>
 <way id="1554728837" visible="true" version="1" changeset="188463425" timestamp="2026-09-03T10:17:11Z" user="ChimborazoMountain" uid="23043074">
  <nd ref="14144179535"/>
  <nd ref="14144179534"/>
  <tag k="highway" v="footway"/>
 </way>
 <way id="1554728838" visible="true" version="1" changeset="188463425" timestamp="2026-09-03T10:17:11Z" user="ChimborazoMountain" uid="23043074">
  <nd ref="14144179536"/>
  <nd ref="14144179535"/>
  <tag k="covered" v="yes"/>
  <tag k="highway" v="footway"/>
 </way>
 <way id="1554728839" visible="true" version="1" changeset="188463425" timestamp="2026-09-03T10:17:11Z" user="ChimborazoMountain" uid="23043074">
  <nd ref="11192600482"/>
  <nd ref="14144179536"/>
  <tag k="highway" v="footway"/>
 </way>
 <way id="1554731727" visible="true" version="1" changeset="188464320" timestamp="2026-09-03T10:36:28Z" user="ChimborazoMountain" uid="23043074">
  <nd ref="14144177278"/>
  <nd ref="14144177277"/>
  <nd ref="14144177276"/>
  <tag k="highway" v="service"/>
 </way>
 <way id="1554731728" visible="true" version="1" changeset="188464320" timestamp="2026-09-03T10:36:28Z" user="ChimborazoMountain" uid="23043074">
  <nd ref="14144177285"/>
  <nd ref="14144177281"/>
  <nd ref="14144177280"/>
  <nd ref="14144177279"/>
  <nd ref="14144177283"/>
  <tag k="highway" v="footway"/>
 </way>
 <way id="1554731729" visible="true" version="1" changeset="188464320" timestamp="2026-09-03T10:36:28Z" user="ChimborazoMountain" uid="23043074">
  <nd ref="11077996906"/>
  <nd ref="14144177282"/>
  <nd ref="14144177284"/>
  <nd ref="14144177283"/>
  <tag k="highway" v="service"/>
 </way>
 <way id="1554731730" visible="true" version="1" changeset="188464320" timestamp="2026-09-03T10:36:28Z" user="ChimborazoMountain" uid="23043074">
  <nd ref="527953566"/>
  <nd ref="14144177288"/>
  <nd ref="14144177287"/>
  <nd ref="9756761377"/>
  <tag k="highway" v="footway"/>
 </way>
 <way id="1554731731" visible="true" version="1" changeset="188464320" timestamp="2026-09-03T10:36:28Z" user="ChimborazoMountain" uid="23043074">
  <nd ref="9756761377"/>
  <nd ref="9756761376"/>
  <nd ref="14144177286"/>
  <nd ref="14144177285"/>
  <tag k="highway" v="service"/>
 </way>
 <relation id="422467" visible="true" version="5" changeset="17327025" timestamp="2013-08-13T07:23:12Z" user="chnav" uid="248768">
  <member type="way" ref="51663659" role="from"/>
  <member type="node" ref="457419818" role="via"/>
  <member type="way" ref="41107324" role="to"/>
  <tag k="name" v="Kab-to-Shak"/>
  <tag k="restriction" v="no_left_turn"/>
  <tag k="type" v="restriction"/>
 </relation>
 <relation id="10001568" visible="true" version="1" changeset="74111235" timestamp="2019-09-05T04:41:09Z" user="Assel1590" uid="7736506">
  <member type="way" ref="181385351" role="from"/>
  <member type="node" ref="1918174280" role="via"/>
  <member type="way" ref="233343153" role="to"/>
  <tag k="restriction" v="no_left_turn"/>
  <tag k="type" v="restriction"/>
 </relation>
</osm>
